"Dist Code","Year","State Code","State Name","Dist Name","RICE AREA (1000 ha)","RICE PRODUCTION (1000 tons)","RICE YIELD (Kg per ha)","WHEAT AREA (1000 ha)","WHEAT PRODUCTION (1000 tons)","WHEAT YIELD (Kg per ha)","KHARIF SORGHUM AREA (1000 ha)","KHARIF SORGHUM PRODUCTION (1000 tons)","KHARIF SORGHUM YIELD (Kg per ha)","RABI SORGHUM AREA (1000 ha)","RABI SORGHUM PRODUCTION (1000 tons)","RABI SORGHUM YIELD (Kg per ha)","SORGHUM AREA (1000 ha)","SORGHUM PRODUCTION (1000 tons)","SORGHUM YIELD (Kg per ha)","PEARL MILLET AREA (1000 ha)","PEARL MILLET PRODUCTION (1000 tons)","PEARL MILLET YIELD (Kg per ha)","MAIZE AREA (1000 ha)","MAIZE PRODUCTION (1000 tons)","MAIZE YIELD (Kg per ha)","FINGER MILLET AREA (1000 ha)","FINGER MILLET PRODUCTION (1000 tons)","FINGER MILLET YIELD (Kg per ha)","BARLEY AREA (1000 ha)","BARLEY PRODUCTION (1000 tons)","BARLEY YIELD (Kg per ha)","CHICKPEA AREA (1000 ha)","CHICKPEA PRODUCTION (1000 tons)","CHICKPEA YIELD (Kg per ha)","PIGEONPEA AREA (1000 ha)","PIGEONPEA PRODUCTION (1000 tons)","PIGEONPEA YIELD (Kg per ha)","MINOR PULSES AREA (1000 ha)","MINOR PULSES PRODUCTION (1000 tons)","MINOR PULSES YIELD (Kg per ha)","GROUNDNUT AREA (1000 ha)","GROUNDNUT PRODUCTION (1000 tons)","GROUNDNUT YIELD (Kg per ha)","SESAMUM AREA (1000 ha)","SESAMUM PRODUCTION (1000 tons)","SESAMUM YIELD (Kg per ha)","RAPESEED AND MUSTARD AREA (1000 ha)","RAPESEED AND MUSTARD PRODUCTION (1000 tons)","RAPESEED AND MUSTARD YIELD (Kg per ha)","SAFFLOWER AREA (1000 ha)","SAFFLOWER PRODUCTION (1000 tons)","SAFFLOWER YIELD (Kg per ha)","CASTOR AREA (1000 ha)","CASTOR PRODUCTION (1000 tons)","CASTOR YIELD (Kg per ha)","LINSEED AREA (1000 ha)","LINSEED PRODUCTION (1000 tons)","LINSEED YIELD (Kg per ha)","SUNFLOWER AREA (1000 ha)","SUNFLOWER PRODUCTION (1000 tons)","SUNFLOWER YIELD (Kg per ha)","SOYABEAN AREA (1000 ha)","SOYABEAN PRODUCTION (1000 tons)","SOYABEAN YIELD (Kg per ha)","OILSEEDS AREA (1000 ha)","OILSEEDS PRODUCTION (1000 tons)","OILSEEDS YIELD (Kg per ha)","SUGARCANE AREA (1000 ha)","SUGARCANE PRODUCTION (1000 tons)","SUGARCANE YIELD (Kg per ha)","COTTON AREA (1000 ha)","COTTON PRODUCTION (1000 tons)","COTTON YIELD (Kg per ha)","FRUITS AREA (1000 ha)","VEGETABLES AREA (1000 ha)","FRUITS AND VEGETABLES AREA (1000 ha)","POTATOES AREA (1000 ha)","ONION AREA (1000 ha)","FODDER AREA (1000 ha)"
"95","1966","7","Maharashtra","Bombay","2.0","3.0","1500.0","0.0","0.0","0.0","0.0","0.0","0.0","0.0","0.0","0.0","0.0","0.0","0.0","0.0","0.0","0.0","0.0","0.0","0.0","0.0","0.0","0.0","0.0","0.0","0.0","0.0","0.0","0.0","0.0","0.0","0.0","0.0","0.0","0.0","0.0","0.0","0.0","0.0","0.0","0.0","0.0","0.0","0.0","0.0","0.0","0.0","0.0","0.0","0.0","0.0","0.0","0.0","0.0","0.0","0.0","0.0","0.0","0.0","0.4","0.0","0.0","0.0","0.0","0.0","0.0","0.0","0.0","0.28","0.2","0.49","0.0","0.04","4.41"
"95","1967","7","Maharashtra","Bombay","2.0","3.0","1500.0","0.0","0.0","0.0","0.0","0.0","0.0","0.0","0.0","0.0","0.0","0.0","0.0","0.0","0.0","0.0","0.0","0.0","0.0","0.0","0.0","0.0","0.0","0.0","0.0","0.0","0.0","0.0","0.0","0.0","0.0","0.0","0.0","0.0","0.0","0.0","0.0","0.0","0.0","0.0","0.0","0.0","0.0","0.0","0.0","0.0","0.0","0.0","0.0","0.0","0.0","0.0","0.0","0.0","0.0","0.0","0.0","0.0","0.4","0.0","0.0","0.0","0.0","0.0","0.0","0.0","0.0","0.28","0.2","0.49","0.0","0.04","4.65"
"95","1968","7","Maharashtra","Bombay","1.3","2.0","1538.46","0.0","0.0","0.0","0.0","0.0","0.0","0.0","0.0","0.0","0.0","0.0","0.0","0.0","0.0","0.0","0.0","0.0","0.0","0.0","0.0","0.0","0.0","0.0","0.0","0.0","0.0","0.0","0.0","0.0","0.0","0.0","0.0","0.0","0.0","0.0","0.0","0.0","0.0","0.0","0.0","0.0","0.0","0.0","0.0","0.0","0.0","0.0","0.0","0.0","0.0","0.0","0.0","0.0","0.0","0.0","0.0","0.0","0.2","0.0","0.0","0.0","0.0","0.0","0.0","0.0","0.0","0.3","0.2","0.5","0.0","0.0","4.8"
"95","1969","7","Maharashtra","Bombay","1.4","2.0","1428.57","0.0","0.0","0.0","0.0","0.0","0.0","0.0","0.0","0.0","0.0","0.0","0.0","0.0","0.0","0.0","0.0","0.0","0.0","0.0","0.0","0.0","0.0","0.0","0.0","0.0","0.0","0.0","0.0","0.0","0.0","0.0","0.0","0.0","0.0","0.0","0.0","0.0","0.0","0.0","0.0","0.0","0.0","0.0","0.0","0.0","0.0","0.0","0.0","0.0","0.0","0.0","0.0","0.0","0.0","0.0","0.0","0.0","0.2","0.0","0.0","0.0","0.0","0.0","0.0","0.0","0.0","0.3","0.2","0.5","0.0","0.0","4.8"
"95","1970","7","Maharashtra","Bombay","1.2","2.1","1750.0","0.0","0.0","0.0","0.0","0.0","0.0","0.0","0.0","0.0","0.0","0.0","0.0","0.0","0.0","0.0","0.0","0.0","0.0","0.0","0.0","0.0","0.0","0.0","0.0","0.0","0.0","0.0","0.0","0.0","0.0","0.0","0.0","0.0","0.0","0.0","0.0","0.0","0.0","0.0","0.0","0.0","0.0","0.0","0.0","0.0","0.0","0.0","0.0","0.0","0.0","0.0","0.0","0.0","0.0","0.0","0.0","0.0","0.2","0.0","0.0","0.0","0.0","0.0","0.0","0.0","0.0","0.3","0.2","0.5","0.0","0.0","5.1"
"95","1971","7","Maharashtra","Bombay","1.5","2.3","1533.33","0.0","0.0","0.0","0.0","0.0","0.0","0.0","0.0","0.0","0.0","0.0","0.0","0.0","0.0","0.0","0.0","0.0","0.0","0.0","0.0","0.0","0.0","0.0","0.0","0.0","0.0","0.0","0.0","0.0","0.0","0.0","0.0","0.0","0.0","0.0","0.0","0.0","0.0","0.0","0.0","0.0","0.0","0.0","0.0","0.0","0.0","0.0","0.0","0.0","0.0","0.0","0.0","0.0","0.0","0.0","0.0","0.0","0.2","0.0","0.0","0.0","0.0","0.0","0.0","0.0","0.0","0.3","0.2","0.5","0.0","0.0","4.2"
"95","1972","7","Maharashtra","Bombay","1.1","0.8","727.27","0.0","0.0","0.0","0.0","0.0","0.0","0.0","0.0","0.0","0.0","0.0","0.0","0.0","0.0","0.0","0.0","0.0","0.0","0.0","0.0","0.0","0.0","0.0","0.0","0.0","0.0","0.0","0.0","0.0","0.0","0.0","0.0","0.0","0.0","0.0","0.0","0.0","0.0","0.0","0.0","0.0","0.0","0.0","0.0","0.0","0.0","0.0","0.0","0.0","0.0","0.0","0.0","0.0","0.0","0.0","0.0","0.0","0.2","0.0","0.0","0.0","0.0","0.0","0.0","0.0","0.0","0.3","0.2","0.5","0.0","0.1","5.1"
"95","1973","7","Maharashtra","Bombay","1.1","2.1","1909.09","0.0","0.0","0.0","0.0","0.0","0.0","0.0","0.0","0.0","0.0","0.0","0.0","0.0","0.0","0.0","0.0","0.0","0.0","0.0","0.0","0.0","0.0","0.0","0.0","0.0","0.0","0.0","0.0","0.0","0.0","0.0","0.0","0.0","0.0","0.0","0.0","0.0","0.0","0.0","0.0","0.0","0.0","0.0","0.0","0.0","0.0","0.0","0.0","0.0","0.0","0.0","0.0","0.0","0.0","0.0","0.0","0.0","0.1","0.0","0.0","0.0","0.0","0.0","0.0","0.0","0.0","0.3","0.2","0.5","0.0","0.0","5.5"
"95","1974","7","Maharashtra","Bombay","1.1","1.8","1636.36","0.0","0.0","0.0","0.0","0.0","0.0","0.0","0.0","0.0","0.0","0.0","0.0","0.0","0.0","0.0","0.0","0.0","0.0","0.0","0.0","0.0","0.0","0.0","0.0","0.0","0.0","0.0","0.0","0.0","0.0","0.0","0.0","0.0","0.0","0.0","0.0","0.0","0.0","0.0","0.0","0.0","0.0","0.0","0.0","0.0","0.0","0.0","0.0","0.0","0.0","0.0","0.0","0.0","0.0","0.0","0.0","0.0","0.2","0.0","0.0","0.0","0.0","0.0","0.0","0.0","0.0","0.3","0.2","0.5","0.0","0.0","5.1"
"95","1975","7","Maharashtra","Bombay","1.1","1.6","1454.55","0.0","0.0","0.0","0.0","0.0","0.0","0.0","0.0","0.0","0.0","0.0","0.0","0.0","0.0","0.0","0.0","0.0","0.0","0.0","0.0","0.0","0.0","0.0","0.0","0.0","0.0","0.0","0.0","0.0","0.0","0.0","0.0","0.0","0.0","0.0","0.0","0.0","0.0","0.0","0.0","0.0","0.0","0.0","0.0","0.0","0.0","0.0","0.0","0.0","0.0","0.0","0.0","0.0","0.0","0.0","0.0","0.0","0.2","0.0","0.0","0.0","0.0","0.0","0.0","0.0","0.0","0.3","0.2","0.5","0.0","0.1","5.1"
"95","1976","7","Maharashtra","Bombay","1.2","1.7","1416.67","0.0","0.0","0.0","0.0","0.0","0.0","0.0","0.0","0.0","0.0","0.0","0.0","0.0","0.0","0.0","0.0","0.0","0.0","0.0","0.0","0.0","0.0","0.0","0.0","0.0","0.0","0.0","0.0","0.0","0.0","0.0","0.0","0.0","0.0","0.0","0.0","0.0","0.0","0.0","0.0","0.0","0.0","0.0","0.0","0.0","0.0","0.0","0.0","0.0","0.0","0.0","0.0","0.0","0.0","0.0","0.0","0.0","0.1","0.0","0.0","0.0","0.0","0.0","0.0","0.0","0.0","0.1","0.2","0.3","0.0","0.0","5.2"
"95","1977","7","Maharashtra","Bombay","1.2","2.2","1833.33","0.0","0.0","0.0","0.0","0.0","0.0","0.0","0.0","0.0","0.0","0.0","0.0","0.0","0.0","0.0","0.0","0.0","0.0","0.0","0.0","0.0","0.0","0.0","0.0","0.0","0.0","0.0","0.0","0.0","0.0","0.0","0.0","0.0","0.0","0.0","0.0","0.0","0.0","0.0","0.0","0.0","0.0","0.0","0.0","0.0","0.0","0.0","0.0","0.0","0.0","0.0","0.0","0.0","0.0","0.0","0.0","0.0","0.1","0.0","0.0","0.0","0.0","0.0","0.0","0.0","0.0","0.1","0.2","0.3","0.0","0.0","5.2"
"95","1978","7","Maharashtra","Bombay","1.1","2.0","1818.18","0.0","0.0","0.0","0.0","0.0","0.0","0.0","0.0","0.0","0.0","0.0","0.0","0.0","0.0","0.0","0.0","0.0","0.0","0.0","0.0","0.0","0.0","0.0","0.0","0.0","0.0","0.0","0.0","0.0","0.0","0.0","0.0","0.0","0.0","0.0","0.0","0.0","0.0","0.0","0.0","0.0","0.0","0.0","0.0","0.0","0.0","0.0","0.0","0.0","0.0","0.0","0.0","0.0","0.0","0.0","0.0","0.0","0.2","0.0","0.0","0.0","0.0","0.0","0.0","0.0","0.0","0.2","0.1","0.3","0.0","0.0","5.2"
"95","1979","7","Maharashtra","Bombay","1.0","1.3","1300.0","0.0","0.0","0.0","0.0","0.0","0.0","0.0","0.0","0.0","0.0","0.0","0.0","0.0","0.0","0.0","0.0","0.0","0.0","0.0","0.0","0.0","0.0","0.0","0.0","0.0","0.0","0.0","0.0","0.0","0.0","0.0","0.0","0.0","0.0","0.0","0.0","0.0","0.0","0.0","0.0","0.0","0.0","0.0","0.0","0.0","0.0","0.0","0.0","0.0","0.0","0.0","0.0","0.0","0.0","0.0","0.0","0.0","0.2","0.0","0.0","0.0","0.0","0.0","0.0","0.0","0.0","0.1","0.1","0.2","0.0","0.0","5.7"
"95","1980","7","Maharashtra","Bombay","1.0","1.6","1600.0","0.0","0.0","0.0","0.1","0.2","2000.0","0.0","0.0","0.0","0.1","0.2","2000.0","0.0","0.0","0.0","0.0","0.0","0.0","0.0","0.0","0.0","0.0","0.0","0.0","0.0","0.0","0.0","0.0","0.0","0.0","0.0","0.0","0.0","0.0","0.0","0.0","0.0","0.0","0.0","0.0","0.0","0.0","0.0","0.0","0.0","0.0","0.0","0.0","0.0","0.0","0.0","0.0","0.0","0.0","0.0","0.0","0.0","0.2","0.0","0.0","0.0","0.0","0.0","0.0","0.0","0.0","0.1","0.1","0.2","0.0","0.0","5.1"
"95","1981","7","Maharashtra","Bombay","0.9","0.8","888.89","0.0","0.0","0.0","0.0","0.0","0.0","0.0","0.0","0.0","0.0","0.0","0.0","0.0","0.0","0.0","0.0","0.0","0.0","0.0","0.0","0.0","0.0","0.0","0.0","0.0","0.0","0.0","0.0","0.0","0.0","0.0","0.0","0.0","0.0","0.0","0.0","0.0","0.0","0.0","0.0","0.0","0.0","0.0","0.0","0.0","0.0","0.0","0.0","0.0","0.0","0.0","0.0","0.0","0.0","0.0","0.0","0.0","0.2","0.0","0.0","0.0","0.0","0.0","0.0","0.0","0.0","0.1","0.1","0.2","0.0","0.0","5.1"
"95","1982","7","Maharashtra","Bombay","0.9","1.5","1666.67","0.0","0.0","0.0","0.0","0.0","0.0","0.0","0.0","0.0","0.0","0.0","0.0","0.0","0.0","0.0","0.0","0.0","0.0","0.0","0.0","0.0","0.0","0.0","0.0","0.0","0.0","0.0","0.0","0.0","0.0","0.0","0.0","0.0","0.0","0.0","0.0","0.0","0.0","0.0","0.0","0.0","0.0","0.0","0.0","0.0","0.0","0.0","0.0","0.0","0.0","0.0","0.0","0.0","0.0","0.0","0.0","0.0","0.2","0.0","0.0","0.0","0.0","0.0","0.0","0.0","0.0","0.1","0.0","0.1","0.0","0.0","5.1"
"95","1983","7","Maharashtra","Bombay","0.6","1.0","1666.67","0.0","0.0","0.0","0.0","0.0","0.0","0.0","0.0","0.0","0.0","0.0","0.0","0.0","0.0","0.0","0.0","0.0","0.0","0.0","0.0","0.0","0.0","0.0","0.0","0.0","0.0","0.0","0.0","0.0","0.0","0.0","0.0","0.0","0.0","0.0","0.0","0.0","0.0","0.0","0.0","0.0","0.0","0.0","0.0","0.0","0.0","0.0","0.0","0.0","0.0","0.0","0.0","0.0","0.0","0.0","0.0","0.0","0.2","0.0","0.0","0.0","0.0","0.0","0.0","0.0","0.0","0.0","0.2","0.2","0.0","0.0","3.0"
"95","1984","7","Maharashtra","Bombay","0.5","0.7","1400.0","0.0","0.0","0.0","0.0","0.0","0.0","0.0","0.0","0.0","0.0","0.0","0.0","0.0","0.0","0.0","0.0","0.0","0.0","0.0","0.0","0.0","0.0","0.0","0.0","0.0","0.0","0.0","0.0","0.0","0.0","0.0","0.0","0.0","0.0","0.0","0.0","0.0","0.0","0.0","0.0","0.0","0.0","0.0","0.0","0.0","0.0","0.0","0.0","0.0","0.0","0.0","0.0","0.0","0.0","0.0","0.0","0.0","0.2","0.0","0.0","0.0","0.0","0.0","0.0","0.0","0.0","0.0","0.0","0.0","0.0","0.0","2.0"
"95","1985","7","Maharashtra","Bombay","0.0","0.0","0.0","0.0","0.0","0.0","0.0","0.0","0.0","0.0","0.0","0.0","0.0","0.0","0.0","0.0","0.0","0.0","0.0","0.0","0.0","0.0","0.0","0.0","0.0","0.0","0.0","0.0","0.0","0.0","0.0","0.0","0.0","0.0","0.0","0.0","0.0","0.0","0.0","0.0","0.0","0.0","0.0","0.0","0.0","0.0","0.0","0.0","0.0","0.0","0.0","0.0","0.0","0.0","0.0","0.0","0.0","0.0","0.0","0.0","0.2","0.0","0.0","0.0","0.0","0.0","0.0","0.0","0.0","0.0","0.0","0.0","0.0","0.0","0.2"
"95","1986","7","Maharashtra","Bombay","0.0","0.0","0.0","0.0","0.0","0.0","0.0","0.0","0.0","0.0","0.0","0.0","0.0","0.0","0.0","0.0","0.0","0.0","0.0","0.0","0.0","0.0","0.0","0.0","0.0","0.0","0.0","0.0","2.0","0.0","0.0","0.0","0.0","0.0","0.0","0.0","0.0","0.0","0.0","0.0","0.0","0.0","0.0","0.0","0.0","0.0","0.0","0.0","0.0","0.0","0.0","0.0","0.0","0.0","0.0","0.0","0.0","0.0","0.0","0.0","0.2","0.0","0.0","0.0","0.0","0.0","0.0","0.0","0.0","0.0","0.0","0.0","0.0","0.0","0.0"
"95","1987","7","Maharashtra","Bombay","0.0","0.0","0.0","0.0","0.0","0.0","0.0","0.0","0.0","0.0","0.0","0.0","0.0","0.0","0.0","0.0","0.0","0.0","0.0","0.0","0.0","0.0","0.0","0.0","0.0","0.0","0.0","0.0","0.0","0.0","0.0","0.0","0.0","0.0","0.0","0.0","0.0","0.0","0.0","0.0","0.0","0.0","0.0","0.0","0.0","0.0","0.0","0.0","0.0","0.0","0.0","0.0","0.0","0.0","0.0","0.0","0.0","0.0","0.0","0.0","0.2","0.0","0.0","0.0","0.0","0.0","0.0","0.0","0.0","0.0","0.0","0.0","0.0","0.0","0.6"
"95","1988","7","Maharashtra","Bombay","0.3","0.5","1666.67","0.0","0.0","0.0","0.0","0.0","0.0","0.0","0.0","0.0","0.0","0.0","0.0","0.0","0.0","0.0","0.0","0.0","0.0","0.0","0.0","0.0","0.0","0.0","0.0","0.0","0.0","0.0","0.0","0.0","0.0","0.0","0.0","0.0","0.0","0.0","0.0","0.0","0.0","0.0","0.0","0.0","0.0","0.0","0.0","0.0","0.0","0.0","0.0","0.0","0.0","0.0","0.0","0.0","0.0","0.0","0.0","0.0","0.2","0.0","0.0","0.0","0.0","0.0","0.0","0.0","0.0","0.0","0.0","0.0","0.0","0.0","0.3"
"95","1989","7","Maharashtra","Bombay","0.0","0.0","0.0","0.0","0.0","0.0","0.0","0.0","0.0","0.0","0.0","0.0","0.0","0.0","0.0","0.0","0.0","0.0","0.0","0.0","0.0","0.0","0.0","0.0","0.0","0.0","0.0","0.0","0.0","0.0","0.0","0.0","0.0","0.0","0.0","0.0","0.0","0.0","0.0","0.0","0.0","0.0","0.0","0.0","0.0","0.0","0.0","0.0","0.0","0.0","0.0","0.0","0.0","0.0","0.0","0.0","0.0","0.0","0.0","0.0","0.2","0.0","0.0","0.0","0.0","0.0","0.0","0.0","0.0","0.0","0.0","0.0","0.0","0.0","0.2"
"95","1990","7","Maharashtra","Bombay","0.3","0.6","2000.0","0.0","0.0","0.0","0.0","0.0","0.0","0.0","0.0","0.0","0.0","0.0","0.0","0.0","0.0","0.0","0.0","0.0","0.0","0.0","0.0","0.0","0.0","0.0","0.0","0.0","0.0","0.0","0.0","0.0","0.0","0.0","0.0","0.0","0.0","0.0","0.0","0.0","0.0","0.0","0.0","0.0","0.0","0.0","0.0","0.0","0.0","0.0","0.0","0.0","0.0","0.0","0.0","0.0","0.0","0.0","0.0","0.0","0.2","0.0","0.0","0.0","0.0","0.0","0.0","0.0","0.0","0.0","0.0","0.0","0.0","0.0","0.0"
"95","1991","7","Maharashtra","Bombay","0.3","0.5","1666.67","0.0","0.0","0.0","0.0","0.0","0.0","0.0","0.0","0.0","0.0","0.0","0.0","0.0","0.0","0.0","0.0","0.0","0.0","0.0","0.0","0.0","0.0","0.0","0.0","0.0","0.0","0.0","0.0","0.0","0.0","0.0","0.0","0.0","0.0","0.0","0.0","0.0","0.0","0.0","0.0","0.0","0.0","0.0","0.0","0.0","0.0","0.0","0.0","0.0","0.0","0.0","0.0","0.0","0.0","0.0","0.0","0.0","0.0","0.0","0.0","0.0","0.0","0.0","0.0","0.0","0.0","0.0","0.0","0.0","0.0","0.0","0.0"
"95","1992","7","Maharashtra","Bombay","0.0","0.0","0.0","0.0","0.0","0.0","0.0","0.0","0.0","0.0","0.0","0.0","0.0","0.0","0.0","0.0","0.0","0.0","0.0","0.0","0.0","0.0","0.0","0.0","0.0","0.0","0.0","0.0","0.0","0.0","0.0","0.0","0.0","0.0","0.0","0.0","0.0","0.0","0.0","0.0","0.0","0.0","0.0","0.0","0.0","0.0","0.0","0.0","0.0","0.0","0.0","0.0","0.0","0.0","0.0","0.0","0.0","0.0","0.0","0.0","0.0","0.0","0.0","0.0","0.0","0.0","0.0","0.0","0.0","0.0","0.0","0.0","0.0","0.0","0.0"
"95","1993","7","Maharashtra","Bombay","0.0","0.0","0.0","0.0","0.0","0.0","0.0","0.0","0.0","0.0","0.0","0.0","0.0","0.0","0.0","0.0","0.0","0.0","0.0","0.0","0.0","0.0","0.0","0.0","0.0","0.0","0.0","0.0","0.0","0.0","0.0","0.0","0.0","0.0","0.0","0.0","0.0","0.0","0.0","0.0","0.0","0.0","0.0","0.0","0.0","0.0","0.0","0.0","0.0","0.0","0.0","0.0","0.0","0.0","0.0","0.0","0.0","0.0","0.0","0.0","0.0","0.0","0.0","0.0","0.0","0.0","0.0","0.0","0.0","0.0","0.0","0.0","0.0","0.0","0.0"
"95","1994","7","Maharashtra","Bombay","0.0","0.0","0.0","0.0","0.0","0.0","0.0","0.0","0.0","0.0","0.0","0.0","0.0","0.0","0.0","0.0","0.0","0.0","0.0","0.0","0.0","0.0","0.0","0.0","0.0","0.0","0.0","0.0","0.0","0.0","0.0","0.0","0.0","0.0","0.0","0.0","0.0","0.0","0.0","0.0","0.0","0.0","0.0","0.0","0.0","0.0","0.0","0.0","0.0","0.0","0.0","0.0","0.0","0.0","0.0","0.0","0.0","0.0","0.0","0.0","0.0","0.0","0.0","0.0","0.0","0.0","0.0","0.0","0.0","0.0","0.0","0.0","0.0","0.0","0.0"
"95","1995","7","Maharashtra","Bombay","0.0","0.0","0.0","0.0","0.0","0.0","0.0","0.0","0.0","0.0","0.0","0.0","0.0","0.0","0.0","0.0","0.0","0.0","0.0","0.0","0.0","0.0","0.0","0.0","0.0","0.0","0.0","0.0","0.0","0.0","0.0","0.0","0.0","0.0","0.0","0.0","0.0","0.0","0.0","0.0","0.0","0.0","0.0","0.0","0.0","0.0","0.0","0.0","0.0","0.0","0.0","0.0","0.0","0.0","0.0","0.0","0.0","0.0","0.0","0.0","0.0","0.0","0.0","0.0","0.0","0.0","0.0","0.0","0.0","0.0","0.0","0.0","0.0","0.0","0.0"
"95","1996","7","Maharashtra","Bombay","0.0","0.0","0.0","0.0","0.0","0.0","0.0","0.0","0.0","0.0","0.0","0.0","0.0","0.0","0.0","0.0","0.0","0.0","0.0","0.0","0.0","0.0","0.0","0.0","0.0","0.0","0.0","0.0","0.0","0.0","0.0","0.0","0.0","0.0","0.0","0.0","0.0","0.0","0.0","0.0","0.0","0.0","0.0","0.0","0.0","0.0","0.0","0.0","0.0","0.0","0.0","0.0","0.0","0.0","0.0","0.0","0.0","0.0","0.0","0.0","0.0","0.0","0.0","0.0","0.0","0.0","0.0","0.0","0.0","0.0","0.0","0.0","0.0","0.0","0.0"
"95","1997","7","Maharashtra","Bombay","0.0","0.0","0.0","0.0","0.0","0.0","0.0","0.0","0.0","0.0","0.0","0.0","0.0","0.0","0.0","0.0","0.0","0.0","0.0","0.0","0.0","0.0","0.0","0.0","0.0","0.0","0.0","0.0","0.0","0.0","0.0","0.0","0.0","0.0","0.0","0.0","0.0","0.0","0.0","0.0","0.0","0.0","0.0","0.0","0.0","0.0","0.0","0.0","0.0","0.0","0.0","0.0","0.0","0.0","0.0","0.0","0.0","0.0","0.0","0.0","0.0","0.0","0.0","0.0","0.0","0.0","0.0","0.0","0.0","0.0","0.0","0.0","0.0","0.0","0.0"
"95","1998","7","Maharashtra","Bombay","0.0","0.0","0.0","0.0","0.0","0.0","0.0","0.0","0.0","0.0","0.0","0.0","0.0","0.0","0.0","0.0","0.0","0.0","0.0","0.0","0.0","0.0","0.0","0.0","0.0","0.0","0.0","0.0","0.0","0.0","0.0","0.0","0.0","0.0","0.0","0.0","0.0","0.0","0.0","0.0","0.0","0.0","0.0","0.0","0.0","0.0","0.0","0.0","0.0","0.0","0.0","0.0","0.0","0.0","0.0","0.0","0.0","0.0","0.0","0.0","0.0","0.0","0.0","0.0","0.0","0.0","0.0","0.0","0.0","0.0","0.0","0.0","0.0","0.0","0.0"
"95","1999","7","Maharashtra","Bombay","0.0","0.0","0.0","0.0","0.0","0.0","0.0","0.0","0.0","0.0","0.0","0.0","0.0","0.0","0.0","0.0","0.0","0.0","0.0","0.0","0.0","0.0","0.0","0.0","0.0","0.0","0.0","0.0","0.0","0.0","0.0","0.0","0.0","0.0","0.0","0.0","0.0","0.0","0.0","0.0","0.0","0.0","0.0","0.0","0.0","0.0","0.0","0.0","0.0","0.0","0.0","0.0","0.0","0.0","0.0","0.0","0.0","0.0","0.0","0.0","0.0","0.0","0.0","0.0","0.0","0.0","0.0","0.0","0.0","0.0","0.0","0.0","0.0","0.0","0.0"
"95","2000","7","Maharashtra","Bombay","0.0","0.0","0.0","0.0","0.0","0.0","0.0","0.0","0.0","0.0","0.0","0.0","0.0","0.0","0.0","0.0","0.0","0.0","0.0","0.0","0.0","0.0","0.0","0.0","0.0","0.0","0.0","0.0","0.0","0.0","0.0","0.0","0.0","0.0","0.0","0.0","0.0","0.0","0.0","0.0","0.0","0.0","0.0","0.0","0.0","0.0","0.0","0.0","0.0","0.0","0.0","0.0","0.0","0.0","0.0","0.0","0.0","0.0","0.0","0.0","0.0","0.0","0.0","0.0","0.0","0.0","0.0","0.0","0.0","0.0","0.0","0.0","0.0","0.0","0.0"
"95","2001","7","Maharashtra","Bombay","0.0","0.0","0.0","0.0","0.0","0.0","0.0","0.0","0.0","0.0","0.0","0.0","0.0","0.0","0.0","0.0","0.0","0.0","0.0","0.0","0.0","0.0","0.0","0.0","0.0","0.0","0.0","0.0","0.0","0.0","0.0","0.0","0.0","0.0","0.0","0.0","0.0","0.0","0.0","0.0","0.0","0.0","0.0","0.0","0.0","0.0","0.0","0.0","0.0","0.0","0.0","0.0","0.0","0.0","0.0","0.0","0.0","0.0","0.0","0.0","0.0","0.0","0.0","0.0","0.0","0.0","0.0","0.0","0.0","0.0","0.0","0.0","0.0","0.0","0.0"
"95","2002","7","Maharashtra","Bombay","0.0","0.0","0.0","0.0","0.0","0.0","0.0","0.0","0.0","0.0","0.0","0.0","0.0","0.0","0.0","0.0","0.0","0.0","0.0","0.0","0.0","0.0","0.0","0.0","0.0","0.0","0.0","0.0","0.0","0.0","0.0","0.0","0.0","0.0","0.0","0.0","0.0","0.0","0.0","0.0","0.0","0.0","0.0","0.0","0.0","0.0","0.0","0.0","0.0","0.0","0.0","0.0","0.0","0.0","0.0","0.0","0.0","0.0","0.0","0.0","0.0","0.0","0.0","0.0","0.0","0.0","0.0","0.0","0.0","0.0","0.0","0.0","0.0","0.0","0.0"
"95","2003","7","Maharashtra","Bombay","0.0","0.0","0.0","0.0","0.0","0.0","0.0","0.0","0.0","0.0","0.0","0.0","0.0","0.0","0.0","0.0","0.0","0.0","0.0","0.0","0.0","0.0","0.0","0.0","0.0","0.0","0.0","0.0","0.0","0.0","0.0","0.0","0.0","0.0","0.0","0.0","0.0","0.0","0.0","0.0","0.0","0.0","0.0","0.0","0.0","0.0","0.0","0.0","0.0","0.0","0.0","0.0","0.0","0.0","0.0","0.0","0.0","0.0","0.0","0.0","0.0","0.0","0.0","0.0","0.0","0.0","0.0","0.0","0.0","0.0","0.0","0.0","0.0","0.0","0.0"
"95","2004","7","Maharashtra","Bombay","0.0","0.0","0.0","0.0","0.0","0.0","0.0","0.0","0.0","0.0","0.0","0.0","0.0","0.0","0.0","0.0","0.0","0.0","0.0","0.0","0.0","0.0","0.0","0.0","0.0","0.0","0.0","0.0","0.0","0.0","0.0","0.0","0.0","0.0","0.0","0.0","0.0","0.0","0.0","0.0","0.0","0.0","0.0","0.0","0.0","0.0","0.0","0.0","0.0","0.0","0.0","0.0","0.0","0.0","0.0","0.0","0.0","0.0","0.0","0.0","0.0","0.0","0.0","0.0","0.0","0.0","0.0","0.0","0.0","0.0","0.0","0.0","0.0","0.0","0.0"
"95","2005","7","Maharashtra","Bombay","0.0","0.0","0.0","0.0","0.0","0.0","0.0","0.0","0.0","0.0","0.0","0.0","0.0","0.0","0.0","0.0","0.0","0.0","0.0","0.0","0.0","0.0","0.0","0.0","0.0","0.0","0.0","0.0","0.0","0.0","0.0","0.0","0.0","0.0","0.0","0.0","0.0","0.0","0.0","0.0","0.0","0.0","0.0","0.0","0.0","0.0","0.0","0.0","0.0","0.0","0.0","0.0","0.0","0.0","0.0","0.0","0.0","0.0","0.0","0.0","0.0","0.0","0.0","0.0","0.0","0.0","0.0","0.0","0.0","0.0","0.0","0.0","0.0","0.0","0.0"
"95","2006","7","Maharashtra","Bombay","0.0","0.0","0.0","0.0","0.0","0.0","0.0","0.0","0.0","0.0","0.0","0.0","0.0","0.0","0.0","0.0","0.0","0.0","0.0","0.0","0.0","0.0","0.0","0.0","0.0","0.0","0.0","0.0","0.0","0.0","0.0","0.0","0.0","0.0","0.0","0.0","0.0","0.0","0.0","0.0","0.0","0.0","0.0","0.0","0.0","0.0","0.0","0.0","0.0","0.0","0.0","0.0","0.0","0.0","0.0","0.0","0.0","0.0","0.0","0.0","0.0","0.0","0.0","0.0","0.0","0.0","0.0","0.0","0.0","0.0","0.0","0.0","0.0","0.0","0.0"
"95","2007","7","Maharashtra","Bombay","0.0","0.0","0.0","0.0","0.0","0.0","0.0","0.0","0.0","0.0","0.0","0.0","0.0","0.0","0.0","0.0","0.0","0.0","0.0","0.0","0.0","0.0","0.0","0.0","0.0","0.0","0.0","0.0","0.0","0.0","0.0","0.0","0.0","0.0","0.0","0.0","0.0","0.0","0.0","0.0","0.0","0.0","0.0","0.0","0.0","0.0","0.0","0.0","0.0","0.0","0.0","0.0","0.0","0.0","0.0","0.0","0.0","0.0","0.0","0.0","0.0","0.0","0.0","0.0","0.0","0.0","0.0","0.0","0.0","0.0","0.0","0.0","0.0","0.0","0.0"
"95","2008","7","Maharashtra","Bombay","0.0","0.0","0.0","0.0","0.0","0.0","0.0","0.0","0.0","0.0","0.0","0.0","0.0","0.0","0.0","0.0","0.0","0.0","0.0","0.0","0.0","0.0","0.0","0.0","0.0","0.0","0.0","0.0","0.0","0.0","0.0","0.0","0.0","0.0","0.0","0.0","0.0","0.0","0.0","0.0","0.0","0.0","0.0","0.0","0.0","0.0","0.0","0.0","0.0","0.0","0.0","0.0","0.0","0.0","0.0","0.0","0.0","0.0","0.0","0.0","0.0","0.0","0.0","0.0","0.0","0.0","0.0","0.0","0.0","0.0","0.0","0.0","0.0","0.0","0.0"
"95","2009","7","Maharashtra","Bombay","0.0","0.0","0.0","0.0","0.0","0.0","0.0","0.0","0.0","0.0","0.0","0.0","0.0","0.0","0.0","0.0","0.0","0.0","0.0","0.0","0.0","0.0","0.0","0.0","0.0","0.0","0.0","0.0","0.0","0.0","0.0","0.0","0.0","0.0","0.0","0.0","0.0","0.0","0.0","0.0","0.0","0.0","0.0","0.0","0.0","0.0","0.0","0.0","0.0","0.0","0.0","0.0","0.0","0.0","0.0","0.0","0.0","0.0","0.0","0.0","0.0","0.0","0.0","0.0","0.0","0.0","0.0","0.0","0.0","0.0","0.0","0.0","0.0","0.0","0.0"
"95","2010","7","Maharashtra","Bombay","0.0","0.0","0.0","0.0","0.0","0.0","0.0","0.0","0.0","0.0","0.0","0.0","0.0","0.0","0.0","0.0","0.0","0.0","0.0","0.0","0.0","0.0","0.0","0.0","0.0","0.0","0.0","0.0","0.0","0.0","0.0","0.0","0.0","0.0","0.0","0.0","0.0","0.0","0.0","0.0","0.0","0.0","0.0","0.0","0.0","0.0","0.0","0.0","0.0","0.0","0.0","0.0","0.0","0.0","0.0","0.0","0.0","0.0","0.0","0.0","0.0","0.0","0.0","0.0","0.0","0.0","0.0","0.0","0.0","0.0","0.0","0.0","0.0","0.0","0.0"
"95","2011","7","Maharashtra","Bombay","0.0","0.0","0.0","0.0","0.0","0.0","0.0","0.0","0.0","0.0","0.0","0.0","0.0","0.0","0.0","0.0","0.0","0.0","0.0","0.0","0.0","0.0","0.0","0.0","0.0","0.0","0.0","0.0","0.0","0.0","0.0","0.0","0.0","0.0","0.0","0.0","0.0","0.0","0.0","0.0","0.0","0.0","0.0","0.0","0.0","0.0","0.0","0.0","0.0","0.0","0.0","0.0","0.0","0.0","0.0","0.0","0.0","0.0","0.0","0.0","0.0","0.0","0.0","0.0","0.0","0.0","0.0","0.0","0.0","0.0","0.0","0.0","0.0","0.0","0.0"
"95","2012","7","Maharashtra","Bombay","0.0","0.0","0.0","0.0","0.0","0.0","0.0","0.0","0.0","0.0","0.0","0.0","0.0","0.0","0.0","0.0","0.0","0.0","0.0","0.0","0.0","0.0","0.0","0.0","0.0","0.0","0.0","0.0","0.0","0.0","0.0","0.0","0.0","0.0","0.0","0.0","0.0","0.0","0.0","0.0","0.0","0.0","0.0","0.0","0.0","0.0","0.0","0.0","0.0","0.0","0.0","0.0","0.0","0.0","0.0","0.0","0.0","0.0","0.0","0.0","0.0","0.0","0.0","0.0","0.0","0.0","0.0","0.0","0.0","0.0","0.0","0.0","0.0","0.0","0.0"
"95","2016","7","Maharashtra","Bombay","0.0","0.0","0.0","0.0","0.0","0.0","0.0","0.0","0.0","0.0","0.0","0.0","0.0","0.0","0.0","0.0","0.0","0.0","0.1","0.1","1000.0","0.0","0.0","0.0","0.0","0.0","0.0","0.0","0.0","0.0","0.0","0.0","0.0","0.0","0.0","0.0","0.0","0.0","0.0","0.0","0.0","0.0","0.0","0.0","0.0","0.0","0.0","0.0","0.0","0.0","0.0","0.0","0.0","0.0","0.0","0.0","0.0","0.0","0.0","0.0","0.0","0.0","0.0","0.0","0.0","0.0","0.0","0.0","0.0","0.0","0.0","0.0","0.0","0.0","0.0"
"96","1966","7","Maharashtra","Thane","150.0","172.0","1146.67","1.0","0.0","0.0","0.0","0.0","0.0","0.0","0.0","0.0","0.0","0.0","0.0","0.0","0.0","0.0","1.0","1.0","1000.0","25.0","21.0","840.0","0.0","0.0","0.0","4.0","1.0","250.0","4.0","1.0","250.0","27.9","1.8","64.52","0.0","0.0","0.0","0.6","0.1","166.67","0.0","0.0","0.0","0.12","-1.0","-1.0","0.0","0.0","0.0","0.0","0.0","0.0","0.0","0.0","0.0","0.0","0.0","0.0","10.7","0.1","9.35","0.1","0.3","3000.0","0.0","0.0","0.0","1.94","1.58","3.52","0.0","0.36","96.84"
"96","1967","7","Maharashtra","Thane","146.0","252.0","1726.03","0.0","0.0","0.0","0.4","0.1","250.0","0.1","0.1","1000.0","0.5","0.2","400.0","0.0","0.0","0.0","0.0","0.0","0.0","24.0","29.0","1208.33","0.0","0.0","0.0","1.0","1.0","1000.0","4.0","1.0","250.0","30.9","1.8","58.25","0.0","0.0","0.0","0.6","0.1","166.67","0.0","0.0","0.0","3.16","-1.0","-1.0","0.0","0.0","0.0","0.0","0.0","0.0","0.0","0.0","0.0","0.0","0.0","0.0","10.1","0.1","9.9","0.1","0.4","4000.0","0.0","0.0","0.0","1.82","2.15","3.97","0.0","0.45","95.34"
"96","1968","7","Maharashtra","Thane","143.2","187.0","1305.87","0.0","0.0","0.0","0.5","0.2","400.0","0.0","0.0","0.0","0.5","0.2","400.0","0.0","0.0","0.0","0.0","0.0","0.0","24.2","28.0","1157.02","0.0","0.0","0.0","1.5","1.0","666.67","3.8","1.0","263.16","8.3","2.0","240.96","0.0","0.0","0.0","0.6","0.1","166.67","0.0","0.0","0.0","2.3","-1.0","-1.0","0.0","0.0","0.0","0.0","0.0","0.0","0.0","0.0","0.0","0.0","0.0","0.0","4.5","0.1","22.22","0.1","0.4","4000.0","0.0","0.0","0.0","2.1","2.2","4.3","0.0","0.4","96.5"
"96","1969","7","Maharashtra","Thane","140.4","201.4","1434.47","0.0","0.0","0.0","0.6","0.3","500.0","0.0","0.0","0.0","0.6","0.3","500.0","0.0","0.0","0.0","0.0","0.0","0.0","23.7","16.7","704.64","0.0","0.0","0.0","1.6","0.4","250.0","3.8","1.3","342.11","8.6","2.7","313.95","0.1","0.1","1000.0","0.5","0.1","200.0","0.0","0.0","0.0","2.0","-1.0","-1.0","0.0","0.0","0.0","0.0","0.0","0.0","0.0","0.0","0.0","0.0","0.0","0.0","4.5","0.2","44.44","0.1","0.5","5000.0","0.0","0.0","0.0","2.0","2.4","4.4","0.0","0.5","99.5"
"96","1970","7","Maharashtra","Thane","139.2","248.1","1782.33","0.0","0.0","0.0","0.4","0.2","500.0","0.0","0.0","0.0","0.4","0.2","500.0","0.0","0.0","0.0","0.0","0.0","0.0","21.2","29.7","1400.94","0.0","0.0","0.0","1.3","0.4","307.69","2.9","1.0","344.83","6.9","1.6","231.88","0.1","0.1","1000.0","0.6","0.1","166.67","0.0","0.0","0.0","0.1","-1.0","-1.0","0.0","0.0","0.0","0.0","0.0","0.0","0.0","0.0","0.0","0.0","0.0","0.0","4.1","0.2","48.78","0.0","0.3","0.0","0.0","0.0","0.0","2.3","3.5","5.8","0.0","0.9","41.1"
"96","1971","7","Maharashtra","Thane","141.9","221.6","1561.66","0.1","0.0","0.0","0.5","0.1","200.0","0.0","0.0","0.0","0.5","0.1","200.0","0.0","0.0","0.0","0.0","0.0","0.0","23.1","21.2","917.75","0.0","0.0","0.0","1.1","0.2","181.82","3.5","1.1","314.29","7.7","2.1","272.73","0.0","0.0","0.0","0.6","0.1","166.67","0.0","0.0","0.0","0.0","-1.0","0.0","0.0","0.0","0.0","0.0","0.0","0.0","0.0","0.0","0.0","0.0","0.0","0.0","4.1","0.1","24.39","0.1","0.7","7000.0","0.0","0.0","0.0","2.2","3.4","5.6","0.0","0.8","40.1"
"96","1972","7","Maharashtra","Thane","134.9","100.1","742.03","0.0","0.0","0.0","0.4","0.1","250.0","0.0","0.0","0.0","0.4","0.1","250.0","0.0","0.0","0.0","0.0","0.0","0.0","21.4","9.0","420.56","0.0","0.0","0.0","1.1","0.2","181.82","3.4","0.5","147.06","7.3","1.2","164.38","0.2","0.1","500.0","0.5","0.1","200.0","0.0","0.0","0.0","0.0","0.0","0.0","0.0","0.0","0.0","0.0","0.0","0.0","0.0","0.0","0.0","0.0","0.0","0.0","4.0","0.2","50.0","0.0","0.0","0.0","0.0","0.0","0.0","2.5","2.5","5.0","0.0","0.5","46.0"
"96","1973","7","Maharashtra","Thane","142.2","266.3","1872.71","0.1","0.0","0.0","0.5","0.3","600.0","0.0","0.0","0.0","0.5","0.3","600.0","0.0","0.0","0.0","0.0","0.0","0.0","23.4","23.7","1012.82","0.0","0.0","0.0","1.1","0.4","363.64","3.4","1.2","352.94","7.0","2.3","328.57","0.1","0.1","1000.0","0.5","0.1","200.0","0.0","0.0","0.0","0.0","0.0","0.0","0.0","0.0","0.0","0.0","0.0","0.0","0.0","0.0","0.0","0.0","0.0","0.0","4.0","0.2","50.0","0.0","0.0","0.0","0.0","0.0","0.0","2.5","2.6","5.1","0.0","0.3","64.3"
"96","1974","7","Maharashtra","Thane","141.5","238.1","1682.69","0.4","0.4","1000.0","0.4","0.3","750.0","0.0","0.0","0.0","0.4","0.3","750.0","0.0","0.0","0.0","0.0","0.0","0.0","21.1","16.3","772.51","0.0","0.0","0.0","1.1","0.4","363.64","4.2","1.4","333.33","7.5","2.9","386.67","0.2","0.1","500.0","0.7","0.2","285.71","0.0","0.0","0.0","0.0","0.0","0.0","0.0","0.0","0.0","0.0","0.0","0.0","0.0","0.0","0.0","0.0","0.0","0.0","4.6","0.3","65.22","0.1","1.0","10000.0","0.0","0.0","0.0","2.7","2.6","5.3","0.0","0.4","53.8"
"96","1975","7","Maharashtra","Thane","141.3","285.8","2022.65","2.1","2.7","1285.71","0.5","0.6","1200.0","0.1","0.1","1000.0","0.6","0.7","1166.67","0.0","0.0","0.0","0.0","0.0","0.0","21.5","20.4","948.84","0.0","0.0","0.0","1.9","0.7","368.42","3.1","1.1","354.84","7.0","2.4","342.86","0.1","0.1","1000.0","0.3","0.1","333.33","0.0","0.0","0.0","0.0","0.0","0.0","0.0","0.0","0.0","0.0","0.0","0.0","0.0","0.0","0.0","0.0","0.0","0.0","3.7","0.2","54.05","0.1","1.0","10000.0","0.0","0.0","0.0","2.7","2.1","4.8","0.0","0.3","53.8"
"96","1976","7","Maharashtra","Thane","149.0","233.7","1568.46","0.4","0.3","750.0","0.5","0.8","1600.0","0.0","0.0","0.0","0.5","0.8","1600.0","0.0","0.0","0.0","0.1","0.1","1000.0","19.8","14.9","752.53","0.0","0.0","0.0","1.5","0.5","333.33","4.3","2.2","511.63","8.0","2.6","325.0","0.2","0.2","1000.0","0.4","0.1","250.0","0.0","0.0","0.0","0.0","0.0","0.0","0.0","0.0","0.0","0.0","0.0","0.0","0.0","0.0","0.0","0.0","0.0","0.0","4.1","0.3","73.17","0.1","1.1","11000.0","0.0","0.0","0.0","3.6","2.6","6.2","0.0","0.0","64.1"
"96","1977","7","Maharashtra","Thane","149.1","326.0","2186.45","0.2","0.5","2500.0","0.5","0.7","1400.0","0.0","0.0","0.0","0.5","0.7","1400.0","0.0","0.0","0.0","0.0","0.0","0.0","20.0","17.0","850.0","0.0","0.0","0.0","1.3","0.3","230.77","4.2","1.2","285.71","7.5","2.5","333.33","0.3","0.2","666.67","0.4","0.1","250.0","0.0","0.0","0.0","0.0","0.0","0.0","0.0","0.0","0.0","0.0","0.0","0.0","0.0","0.0","0.0","0.0","0.0","0.0","4.9","0.3","61.22","0.1","1.1","11000.0","0.0","0.0","0.0","2.8","2.6","5.4","0.0","0.3","68.6"
"96","1978","7","Maharashtra","Thane","148.7","265.2","1783.46","0.0","0.0","0.0","0.5","0.6","1200.0","0.0","0.0","0.0","0.5","0.6","1200.0","0.0","0.0","0.0","0.0","0.0","0.0","20.0","21.2","1060.0","0.0","0.0","0.0","1.0","0.3","300.0","3.5","1.2","342.86","8.6","2.7","313.95","0.1","0.1","1000.0","0.3","0.1","333.33","0.0","0.0","0.0","0.0","0.0","0.0","0.0","0.0","0.0","0.0","0.0","0.0","0.0","0.0","0.0","0.0","0.0","0.0","2.5","0.2","80.0","0.1","1.1","11000.0","0.0","0.0","0.0","2.9","3.9","6.8","0.0","0.6","68.9"
"96","1979","7","Maharashtra","Thane","149.2","222.8","1493.3","0.3","0.0","0.0","0.4","0.4","1000.0","0.0","0.0","0.0","0.4","0.4","1000.0","0.0","0.0","0.0","0.2","0.4","2000.0","18.2","14.7","807.69","0.0","0.0","0.0","1.0","0.4","400.0","3.8","1.2","315.79","8.0","2.7","337.5","0.1","0.2","2000.0","0.4","0.1","250.0","0.0","0.0","0.0","0.0","0.0","0.0","0.0","0.0","0.0","0.0","0.0","0.0","0.0","0.0","0.0","0.0","0.0","0.0","5.1","0.3","58.82","0.1","0.8","8000.0","0.0","0.0","0.0","3.2","3.0","6.2","0.0","0.6","68.9"
"96","1980","7","Maharashtra","Thane","149.9","292.4","1950.63","0.1","0.0","0.0","0.1","0.2","2000.0","0.0","0.0","0.0","0.1","0.2","2000.0","0.0","0.0","0.0","0.1","0.2","2000.0","18.7","18.6","994.65","0.0","0.0","0.0","1.0","0.3","300.0","5.8","2.7","465.52","2.1","1.8","857.14","0.1","0.2","2000.0","0.4","0.1","250.0","0.0","0.0","0.0","0.0","0.0","0.0","0.0","0.0","0.0","0.0","0.0","0.0","0.0","0.0","0.0","0.0","0.0","0.0","3.5","0.8","228.57","0.1","1.0","10000.0","0.0","0.0","0.0","1.6","2.5","4.1","0.0","0.4","82.8"
"96","1981","7","Maharashtra","Thane","150.8","310.7","2060.34","0.1","0.0","0.0","0.1","0.1","1000.0","0.0","0.0","0.0","0.1","0.1","1000.0","0.0","0.0","0.0","0.0","0.0","0.0","18.8","19.5","1037.23","0.0","0.0","0.0","1.1","0.4","363.64","3.8","1.3","342.11","4.5","0.6","133.33","0.1","0.1","1000.0","0.3","0.1","333.33","0.0","0.0","0.0","0.0","0.0","0.0","0.0","0.0","0.0","0.0","0.0","0.0","0.0","0.0","0.0","0.0","0.0","0.0","2.3","0.5","217.39","0.1","1.0","10000.0","0.0","0.0","0.0","2.2","3.0","5.2","0.0","0.4","82.9"
"96","1982","7","Maharashtra","Thane","150.9","268.9","1781.97","0.0","0.0","0.0","0.0","0.0","0.0","0.0","0.0","0.0","0.0","0.0","0.0","0.0","0.0","0.0","0.2","0.2","1000.0","18.9","18.7","989.42","0.0","0.0","0.0","1.0","0.3","300.0","3.9","1.3","333.33","4.6","1.1","239.13","0.1","0.1","1000.0","0.4","0.1","250.0","0.0","0.0","0.0","0.0","0.0","0.0","0.0","0.0","0.0","0.0","0.0","0.0","0.0","0.0","0.0","0.0","0.0","0.0","2.3","0.6","260.87","0.0","0.0","0.0","0.0","0.0","0.0","2.3","3.1","5.4","0.0","0.4","83.4"
"96","1983","7","Maharashtra","Thane","154.4","312.8","2025.91","0.0","0.0","0.0","0.0","0.0","0.0","0.0","0.0","0.0","0.0","0.0","0.0","0.0","0.0","0.0","0.2","0.2","1000.0","18.8","21.4","1138.3","0.0","0.0","0.0","1.1","0.4","363.64","1.9","0.8","421.05","6.2","1.3","209.68","0.1","0.2","2000.0","0.4","0.1","250.0","0.0","0.0","0.0","0.0","0.0","0.0","0.0","0.0","0.0","0.0","0.0","0.0","0.0","0.0","0.0","0.0","0.0","0.0","2.3","0.7","304.35","0.0","0.0","0.0","0.0","0.0","0.0","2.3","3.1","5.4","0.0","0.4","82.9"
"96","1984","7","Maharashtra","Thane","151.4","270.7","1787.98","0.0","0.0","0.0","0.0","0.0","0.0","0.0","0.0","0.0","0.0","0.0","0.0","0.0","0.0","0.0","0.2","0.3","1500.0","18.9","17.6","931.22","0.0","0.0","0.0","1.4","0.6","428.57","1.7","0.7","411.76","6.1","1.6","262.3","0.3","0.3","1000.0","1.1","0.3","272.73","0.0","0.0","0.0","0.0","0.0","0.0","0.0","0.0","0.0","0.0","0.0","0.0","0.1","0.0","0.0","0.0","0.0","0.0","2.3","0.6","260.87","0.0","0.0","0.0","0.0","0.0","0.0","2.3","3.5","5.8","0.0","0.4","82.7"
"96","1985","7","Maharashtra","Thane","151.9","255.7","1683.34","0.0","0.0","0.0","0.0","0.0","0.0","0.0","0.0","0.0","0.0","0.0","0.0","0.0","0.0","0.0","0.2","0.2","1000.0","21.0","26.4","1257.14","0.0","0.0","0.0","2.2","0.6","272.73","4.3","2.5","581.4","3.1","0.9","290.32","0.3","0.3","1000.0","1.2","0.2","166.67","0.0","0.0","0.0","0.0","0.0","0.0","0.0","0.0","0.0","0.0","0.0","0.0","0.6","0.2","333.33","0.0","0.0","0.0","2.5","0.6","240.0","0.0","0.0","0.0","0.0","0.0","0.0","2.3","3.1","5.4","0.0","0.0","82.7"
"96","1986","7","Maharashtra","Thane","151.0","170.0","1125.83","0.0","0.0","0.0","0.0","0.0","0.0","0.0","0.0","0.0","0.0","0.0","0.0","0.0","0.0","0.0","0.0","0.0","0.0","21.0","13.0","619.05","0.0","0.0","0.0","3.0","1.0","333.33","4.0","2.0","500.0","5.3","2.2","415.09","0.0","1.0","0.0","1.5","0.4","266.67","0.2","0.0","0.0","0.0","0.0","0.0","0.0","0.0","0.0","0.0","0.0","0.0","0.4","0.2","500.0","0.0","0.0","0.0","5.5","1.4","254.55","0.0","0.0","0.0","0.0","0.0","0.0","2.6","3.2","5.8","0.0","0.3","82.1"
"96","1987","7","Maharashtra","Thane","152.0","283.0","1861.84","0.0","0.0","0.0","0.0","0.0","0.0","0.0","0.0","0.0","0.0","0.0","0.0","0.0","0.0","0.0","0.0","0.0","0.0","21.0","19.0","904.76","0.0","0.0","0.0","3.0","1.0","333.33","4.0","2.0","500.0","8.6","5.7","662.79","1.0","1.0","1000.0","1.8","0.5","277.78","0.0","0.0","0.0","0.0","0.0","0.0","0.0","0.0","0.0","0.0","0.0","0.0","0.1","0.0","0.0","0.0","0.0","0.0","7.9","2.7","341.77","0.0","0.0","0.0","0.0","0.0","0.0","1.5","0.5","2.0","0.0","0.4","102.4"
"96","1988","7","Maharashtra","Thane","150.2","299.8","1996.01","0.1","0.1","1000.0","0.0","0.0","0.0","0.0","0.0","0.0","0.0","0.0","0.0","0.0","0.0","0.0","0.2","0.1","500.0","21.2","26.6","1254.72","0.0","0.0","0.0","2.9","1.6","551.72","4.4","2.9","659.09","9.4","5.0","531.91","0.6","1.0","1666.67","1.1","0.3","272.73","0.0","0.0","0.0","0.0","0.0","0.0","0.0","0.0","0.0","0.0","0.0","0.0","0.1","0.0","0.0","0.0","0.0","0.0","5.3","2.0","377.36","0.0","0.0","0.0","0.0","0.0","0.0","2.6","4.1","6.7","0.0","0.2","107.7"
"96","1989","7","Maharashtra","Thane","151.5","283.5","1871.29","0.1","0.1","1000.0","0.0","0.0","0.0","0.0","0.0","0.0","0.0","0.0","0.0","0.0","0.0","0.0","0.2","0.2","1000.0","21.2","19.2","905.66","0.0","0.0","0.0","3.3","1.4","424.24","4.4","3.8","863.64","9.1","4.9","538.46","0.5","0.9","1800.0","1.1","0.1","90.91","0.2","0.1","500.0","0.0","0.0","0.0","0.0","0.0","0.0","0.0","0.0","0.0","0.0","0.0","0.0","0.0","0.0","0.0","5.2","1.7","326.92","0.0","0.0","0.0","0.0","0.0","0.0","4.0","3.5","7.5","0.0","0.2","146.3"
"96","1990","7","Maharashtra","Thane","149.5","288.0","1926.42","0.0","0.0","0.0","0.1","0.2","2000.0","0.0","0.0","0.0","0.1","0.2","2000.0","0.0","0.0","0.0","0.0","0.0","0.0","20.9","18.5","885.17","0.0","0.0","0.0","2.6","1.4","538.46","4.4","1.8","409.09","10.2","5.5","539.22","0.4","0.5","1250.0","0.9","0.3","333.33","0.0","0.0","0.0","0.0","0.0","0.0","0.0","0.0","0.0","0.0","0.0","0.0","0.0","0.0","0.0","0.0","0.0","0.0","5.0","1.8","360.0","0.0","0.0","0.0","0.0","0.0","0.0","4.0","4.2","8.2","0.0","0.2","146.2"
"96","1991","7","Maharashtra","Thane","150.6","268.6","1783.53","0.1","0.1","1000.0","0.1","0.1","1000.0","0.0","0.0","0.0","0.1","0.1","1000.0","0.0","0.0","0.0","0.2","0.2","1000.0","19.6","15.3","780.61","0.0","0.0","0.0","2.3","1.0","434.78","4.1","2.1","512.2","14.0","5.8","414.29","0.4","0.5","1250.0","1.1","0.4","363.64","0.0","0.0","0.0","0.0","0.0","0.0","0.0","0.0","0.0","0.0","0.0","0.0","0.0","0.0","0.0","0.0","0.0","0.0","5.1","1.7","333.33","0.0","0.0","0.0","0.0","0.0","0.0","3.8","5.4","9.2","0.1","0.4","160.5"
"96","1992","7","Maharashtra","Thane","147.3","285.0","1934.83","0.0","0.0","0.0","0.0","0.0","0.0","0.0","0.0","0.0","0.0","0.0","0.0","0.0","0.0","0.0","0.1","0.2","2000.0","19.6","16.4","836.73","0.0","0.0","0.0","4.0","2.2","550.0","4.2","3.8","904.76","12.7","5.9","464.57","0.4","0.5","1250.0","1.3","0.5","384.62","0.2","0.1","500.0","0.0","0.0","0.0","0.0","0.0","0.0","0.0","0.0","0.0","0.0","0.0","0.0","0.0","0.0","0.0","5.4","1.9","351.85","0.0","0.0","0.0","0.0","0.0","0.0","3.9","5.3","9.2","0.0","0.4","168.9"
"96","1993","7","Maharashtra","Thane","148.2","303.4","2047.23","0.0","0.0","0.0","0.0","0.0","0.0","0.0","0.0","0.0","0.0","0.0","0.0","0.0","0.0","0.0","0.2","0.3","1500.0","19.6","16.8","857.14","0.0","0.0","0.0","4.2","2.8","666.67","3.5","3.1","885.71","13.5","7.8","577.78","0.5","0.8","1600.0","0.5","0.2","400.0","0.8","0.3","375.0","0.0","0.0","0.0","0.0","0.0","0.0","0.0","0.0","0.0","0.0","0.0","0.0","0.0","0.0","0.0","5.3","2.3","433.96","0.0","0.0","0.0","0.0","0.0","0.0","5.2","5.5","10.7","0.0","0.4","168.8"
"96","1994","7","Maharashtra","Thane","153.2","290.7","1897.52","0.0","0.0","0.0","0.0","0.0","0.0","0.0","0.0","0.0","0.0","0.0","0.0","0.0","0.0","0.0","0.2","0.2","1000.0","19.2","12.8","666.67","0.0","0.0","0.0","4.2","2.2","523.81","3.2","2.1","656.25","12.8","8.3","648.44","0.5","1.1","2200.0","1.0","0.3","300.0","0.1","0.1","1000.0","0.0","0.0","0.0","0.0","0.0","0.0","0.0","0.0","0.0","0.0","0.0","0.0","0.0","0.0","0.0","2.0","1.6","800.0","0.0","0.0","0.0","0.0","0.0","0.0","5.2","5.5","10.7","0.0","0.4","169.7"
"96","1995","7","Maharashtra","Thane","143.2","310.8","2170.39","0.0","0.0","0.0","0.0","0.0","0.0","0.0","0.0","0.0","0.0","0.0","0.0","0.0","0.0","0.0","0.0","0.0","0.0","19.8","15.2","767.68","0.0","0.0","0.0","4.1","1.9","463.41","3.2","1.8","562.5","14.5","7.6","524.14","0.5","0.9","1800.0","0.8","0.2","250.0","0.0","0.0","0.0","0.0","0.0","0.0","0.0","0.0","0.0","0.0","0.0","0.0","0.0","0.0","0.0","0.0","0.0","0.0","2.4","1.5","625.0","0.0","0.0","0.0","0.0","0.0","0.0","7.3","4.8","12.1","0.0","0.4","176.1"
"96","1996","7","Maharashtra","Thane","151.2","393.0","2599.21","0.0","0.0","0.0","0.0","0.0","0.0","0.0","0.0","0.0","0.0","0.0","0.0","0.0","0.0","0.0","0.0","0.0","0.0","19.7","17.4","883.25","0.0","0.0","0.0","4.1","2.6","634.15","2.5","1.6","640.0","11.3","7.5","663.72","0.5","1.2","2400.0","0.3","0.2","666.67","0.0","0.0","0.0","0.0","0.0","0.0","0.0","0.0","0.0","0.0","0.0","0.0","0.0","0.0","0.0","0.0","0.0","0.0","2.1","1.8","857.14","0.0","0.0","0.0","0.0","0.0","0.0","7.7","5.3","13.0","0.0","0.3","176.4"
"96","1997","7","Maharashtra","Thane","151.8","357.5","2355.07","0.1","0.1","1000.0","0.3","0.5","1666.67","0.0","0.0","0.0","0.3","0.5","1666.67","0.0","0.0","0.0","0.0","0.0","0.0","19.9","15.8","793.97","0.0","0.0","0.0","3.6","2.1","583.33","3.0","1.5","500.0","8.2","5.6","682.93","0.3","0.4","1333.33","0.3","0.2","666.67","0.0","0.0","0.0","0.0","0.0","0.0","0.0","0.0","0.0","0.0","0.0","0.0","0.0","0.0","0.0","0.0","0.0","0.0","4.4","1.9","431.82","0.0","0.0","0.0","0.0","0.0","0.0","7.7","5.3","13.0","0.0","0.3","177.5"
"96","1998","7","Maharashtra","Thane","142.1","272.8","1919.77","0.1","0.1","1000.0","0.0","0.0","0.0","0.0","0.0","0.0","0.0","0.0","0.0","0.0","0.0","0.0","0.0","0.0","0.0","16.9","13.7","810.65","0.0","0.0","0.0","3.8","2.3","605.26","3.1","1.4","451.61","12.8","7.0","546.87","0.3","0.4","1333.33","1.7","0.5","294.12","0.4","0.1","250.0","0.0","0.0","0.0","0.0","0.0","0.0","0.0","0.0","0.0","0.1","0.1","1000.0","0.0","0.0","0.0","4.9","1.8","367.35","0.0","0.0","0.0","0.0","0.0","0.0","13.1","4.7","17.8","0.0","0.4","177.3"
"96","1999","7","Maharashtra","Thane","141.8","302.0","2129.76","0.1","0.08","800.0","0.0","0.0","0.0","0.0","0.0","0.0","0.0","0.0","0.0","0.0","0.0","0.0","0.0","0.0","0.0","17.5","17.0","971.43","0.0","0.0","0.0","3.8","2.5","657.89","2.9","1.5","517.24","12.4","6.7","540.32","0.4","0.7","1750.0","1.4","0.5","357.14","0.2","0.07","350.0","0.0","0.0","0.0","0.0","0.0","0.0","0.0","0.0","0.0","0.0","0.0","0.0","0.0","0.0","0.0","4.4","2.17","493.18","0.0","0.0","0.0","0.0","0.0","0.0","13.6","5.5","19.1","0.0","0.4","173.2"
"96","2000","7","Maharashtra","Thane","141.7","175.3","1237.12","0.1","0.1","1000.0","0.0","0.0","0.0","0.0","0.0","0.0","0.0","0.0","0.0","0.0","0.0","0.0","0.0","0.0","0.0","16.9","7.5","443.79","0.0","0.0","0.0","3.8","2.0","526.32","2.9","1.0","344.83","12.5","5.7","456.0","0.4","0.5","1250.0","1.4","0.3","214.29","0.2","0.1","500.0","0.0","0.0","0.0","0.0","0.0","0.0","0.0","0.0","0.0","0.0","0.0","0.0","0.0","0.0","0.0","4.4","1.4","318.18","0.0","0.0","0.0","0.0","0.0","0.0","7.9","0.3","8.2","0.0","0.2","173.7"
"96","2001","7","Maharashtra","Thane","141.0","345.1","2447.52","0.0","0.0","0.0","0.0","0.0","0.0","0.0","0.0","0.0","0.0","0.0","0.0","0.0","0.0","0.0","0.1","0.2","2000.0","16.4","13.5","823.17","0.0","0.0","0.0","3.8","1.9","500.0","2.7","1.2","444.44","12.9","7.6","589.15","0.4","0.5","1250.0","0.9","0.3","333.33","0.2","0.1","500.0","0.0","0.0","0.0","0.0","0.0","0.0","0.0","0.0","0.0","0.0","0.0","0.0","0.0","0.0","0.0","3.5","1.6","457.14","0.0","0.0","0.0","0.0","0.0","0.0","9.6","0.2","9.8","0.1","0.0","173.5"
"96","2002","7","Maharashtra","Thane","140.4","159.8","1138.18","0.1","0.1","1000.0","0.0","0.0","0.0","0.0","0.0","0.0","0.0","0.0","0.0","0.0","0.0","0.0","0.1","0.1","1000.0","16.0","6.5","406.25","0.0","0.0","0.0","3.5","2.3","657.14","2.7","1.4","518.52","11.0","6.1","554.55","0.4","0.9","2250.0","0.9","0.3","333.33","0.2","0.1","500.0","0.0","0.0","0.0","0.0","0.0","0.0","0.0","0.0","0.0","0.0","0.0","0.0","0.0","0.0","0.0","3.5","1.9","542.86","0.0","0.0","0.0","0.0","0.0","0.0","14.3","0.2","14.5","0.1","0.0","173.5"
"96","2003","7","Maharashtra","Thane","140.9","397.5","2821.15","0.1","0.1","1000.0","0.0","0.0","0.0","0.0","0.0","0.0","0.0","0.0","0.0","0.0","0.0","0.0","0.1","0.2","2000.0","16.0","12.4","775.0","0.0","0.0","0.0","3.7","2.5","675.68","2.7","1.3","481.48","12.7","7.4","582.68","0.4","0.5","1250.0","0.9","0.3","333.33","0.3","0.11","366.67","0.0","0.0","0.0","0.0","0.0","0.0","0.0","0.0","0.0","0.0","0.0","0.0","0.0","0.0","0.0","3.6","1.71","475.0","0.0","0.0","0.0","0.0","0.0","0.0","14.7","0.2","14.9","0.1","0.0","0.0"
"96","2004","7","Maharashtra","Thane","141.0","335.4","2378.72","0.1","0.1","1000.0","0.0","0.0","0.0","0.0","0.0","0.0","0.0","0.0","0.0","0.0","0.0","0.0","0.1","0.1","1000.0","15.9","16.0","1006.29","0.0","0.0","0.0","3.8","2.5","657.89","2.7","1.5","555.56","12.7","8.29","652.76","0.4","0.5","1250.0","0.9","0.3","333.33","0.2","0.1","500.0","0.0","0.0","0.0","0.0","0.0","0.0","0.0","0.0","0.0","0.0","0.0","0.0","0.0","0.0","0.0","3.5","1.7","485.71","0.0","0.0","0.0","0.0","0.0","0.0","18.2","0.1","18.3","0.0","0.0","0.0"
"96","2005","7","Maharashtra","Thane","139.5","310.6","2226.52","0.2","0.2","1000.0","0.0","0.0","0.0","0.0","0.0","0.0","0.0","0.0","0.0","0.0","0.0","0.0","0.1","0.2","2000.0","15.7","14.3","910.83","0.0","0.0","0.0","4.1","2.7","658.54","3.2","1.9","593.75","14.5","8.84","609.66","0.5","0.6","1200.0","0.0","0.0","0.0","0.2","0.08","400.0","0.0","0.0","0.0","0.0","0.0","0.0","0.0","0.0","0.0","0.0","0.0","0.0","0.0","0.0","0.0","3.9","1.58","405.13","0.0","0.0","0.0","0.0","0.0","0.0","17.3","1.0","18.3","0.0","0.0","0.0"
"96","2006","7","Maharashtra","Thane","140.2","257.4","1835.95","0.2","0.2","1000.0","0.0","0.0","0.0","0.0","0.0","0.0","0.0","0.0","0.0","0.0","0.0","0.0","0.1","0.2","2000.0","15.8","12.7","803.8","0.0","0.0","0.0","4.1","3.0","731.71","2.9","1.8","620.69","11.56","7.81","675.61","0.5","0.6","1200.0","1.0","0.3","300.0","0.2","0.09","450.0","0.0","0.0","0.0","0.0","0.0","0.0","0.0","0.0","0.0","0.0","0.0","0.0","0.0","0.0","0.0","3.7","1.49","402.7","0.0","0.0","0.0","0.0","0.0","0.0","0.0","0.0","0.0","0.0","0.0","0.0"
"96","2007","7","Maharashtra","Thane","140.6","309.25","2199.5","0.2","0.2","1000.0","0.0","0.0","0.0","0.0","0.0","0.0","0.0","0.0","0.0","0.0","0.0","0.0","0.1","0.3","3000.0","15.8","11.5","727.85","0.0","0.0","0.0","4.1","3.3","804.88","2.9","2.2","758.62","10.9","5.77","529.36","0.4","0.51","1275.0","1.0","0.33","330.0","0.2","0.07","350.0","0.0","0.0","0.0","0.0","0.0","0.0","0.0","0.0","0.0","0.0","0.0","0.0","0.0","0.0","0.0","3.3","1.41","427.27","0.0","0.0","0.0","0.0","0.0","0.0","0.0","0.0","0.0","0.0","0.0","0.0"
"96","2008","7","Maharashtra","Thane","140.6","303.4","2157.89","0.1","0.1","1000.0","0.0","0.0","0.0","0.0","0.0","0.0","0.0","0.0","0.0","0.0","0.0","0.0","0.1","0.3","3000.0","16.0","13.1","818.75","0.0","0.0","0.0","4.3","3.0","697.67","3.2","1.8","562.5","12.3","6.93","563.41","0.5","0.8","1600.0","1.1","0.3","272.73","0.2","0.08","400.0","0.0","0.0","0.0","0.0","0.0","0.0","0.0","0.0","0.0","0.0","0.0","0.0","0.0","0.0","0.0","3.6","1.68","466.67","0.0","0.0","0.0","0.0","0.0","0.0","0.0","0.0","0.0","0.0","0.0","0.0"
"96","2009","7","Maharashtra","Thane","138.6","290.76","2097.84","0.1","0.08","800.0","0.0","0.0","0.0","0.0","0.0","0.0","0.0","0.0","0.0","0.0","0.0","0.0","0.1","0.3","3000.0","16.1","9.93","616.77","0.0","0.0","0.0","4.4","2.92","663.64","3.5","2.94","840.0","11.8","7.18","608.47","0.4","0.7","1750.0","0.9","0.32","355.56","0.22","0.13","590.91","0.0","0.0","0.0","0.0","0.0","0.0","0.0","0.0","0.0","0.0","0.0","0.0","0.0","0.0","0.0","3.62","1.53","422.65","0.0","0.0","0.0","0.0","0.0","0.0","0.0","0.0","0.0","0.0","0.0","0.0"
"96","2010","7","Maharashtra","Thane","138.3","280.58","2028.78","0.1","0.15","1500.0","0.0","0.0","0.0","0.0","0.0","0.0","0.0","0.0","0.0","0.0","0.0","0.0","0.1","0.29","2900.0","15.8","8.0","506.33","0.0","0.0","0.0","4.3","3.72","865.12","3.43","1.58","460.64","11.3","6.47","572.57","0.5","0.66","1320.0","0.6","0.3","500.0","0.0","0.0","0.0","0.0","0.0","0.0","0.0","0.0","0.0","0.0","0.0","0.0","0.0","0.0","0.0","0.0","0.0","0.0","3.6","1.38","383.33","0.0","0.0","0.0","0.0","0.0","0.0","0.0","0.0","0.0","0.0","0.0","0.0"
"96","2011","7","Maharashtra","Thane","140.4","343.98","2450.0","0.1","0.1","1000.0","0.0","0.0","0.0","0.0","0.0","0.0","0.0","0.0","0.0","0.0","0.0","0.0","0.1","0.28","2800.0","16.0","10.36","647.5","0.0","0.0","0.0","4.2","3.65","869.05","3.4","2.15","632.35","12.8","9.26","723.44","0.1","0.14","1400.0","1.1","0.55","500.0","0.0","0.0","0.0","0.0","0.0","0.0","0.0","0.0","0.0","0.0","0.0","0.0","0.0","0.0","0.0","0.0","0.0","0.0","3.7","1.53","413.51","0.0","0.0","0.0","0.0","0.0","0.0","14.21","2.62","16.83","0.0","0.0","0.0"
"96","2012","7","Maharashtra","Thane","139.6","362.94","2599.86","0.0","0.0","0.0","0.0","0.0","0.0","0.0","0.0","0.0","0.0","0.0","0.0","0.0","0.0","0.0","0.0","0.0","0.0","14.1","11.12","788.65","0.0","0.0","0.0","2.5","1.7","680.0","2.7","0.4","148.15","10.06","5.12","508.95","0.1","0.2","2000.0","0.7","0.29","414.29","0.0","0.0","0.0","0.0","0.0","0.0","0.0","0.0","0.0","0.0","0.0","0.0","0.0","0.0","0.0","0.0","0.0","0.0","2.85","1.13","396.49","0.0","0.0","0.0","0.0","0.0","0.0","17.71","5.98","23.69","0.0","0.0","0.0"
"96","2013","7","Maharashtra","Thane","139.6","334.0","2392.55","0.0","0.0","0.0","0.0","0.0","0.0","0.0","0.0","0.0","0.0","0.0","0.0","0.0","0.0","0.0","0.0","0.0","0.0","14.1","11.4","808.51","0.0","0.0","0.0","3.3","3.9","1181.82","2.8","1.5","535.71","10.5","4.5","428.57","0.0","0.0","0.0","0.7","0.2","285.71","0.0","0.0","0.0","0.0","0.0","0.0","0.0","0.0","0.0","0.0","0.0","0.0","0.0","0.0","0.0","0.0","0.0","0.0","2.9","1.4","482.76","0.0","0.0","0.0","0.0","0.0","0.0","0.0","0.0","0.0","0.0","0.0","0.0"
"96","2014","7","Maharashtra","Thane","132.8","328.7","2475.15","0.0","0.0","0.0","0.0","0.0","0.0","0.0","0.0","0.0","0.0","0.0","0.0","0.0","0.0","0.0","0.0","0.0","0.0","12.6","8.7","690.48","0.0","0.0","0.0","4.6","3.8","826.09","2.7","1.1","407.41","10.3","6.2","601.94","0.2","0.2","1000.0","0.4","0.1","250.0","0.0","0.0","0.0","0.0","0.0","0.0","0.0","0.0","0.0","0.0","0.0","0.0","1.2","0.8","666.67","0.0","0.0","0.0","2.9","1.2","413.79","0.0","0.0","0.0","0.0","0.0","0.0","0.0","0.0","0.0","0.0","0.0","0.0"
"96","2015","7","Maharashtra","Thane","133.9","306.5","2289.02","0.04","0.04","1000.0","0.0","0.0","0.0","0.0","0.0","0.0","0.0","0.0","0.0","0.0","0.0","0.0","0.04","0.12","3000.0","11.3","8.9","787.61","0.0","0.0","0.0","3.1","2.1","677.42","3.1","1.1","354.84","9.7","6.2","639.18","0.17","0.3","1764.71","0.62","0.33","532.26","0.0","0.0","0.0","0.0","0.0","0.0","0.0","0.0","0.0","0.0","0.0","0.0","0.7","0.2","285.71","0.0","0.0","0.0","2.8","0.9","321.43","0.0","0.0","0.0","0.0","0.0","0.0","0.0","0.0","0.0","0.0","0.0","0.0"
"96","2016","7","Maharashtra","Thane","132.7","375.3","2828.18","0.04","0.1","2833.33","0.0","0.0","0.0","0.0","0.0","0.0","0.0","0.0","0.0","0.0","0.0","0.0","0.03","0.1","3571.43","13.4","14.1","1052.24","0.0","0.0","0.0","3.3","3.1","939.39","2.65","2.17","819.45","10.63","7.56","711.44","0.2","0.2","1000.0","0.71","0.17","238.76","0.02","0.01","500.0","0.0","0.0","0.0","0.0","0.0","0.0","0.0","0.0","0.0","0.34","0.21","608.19","0.0","0.0","0.0","0.0","0.0","0.0","0.0","0.0","0.0","0.0","0.0","0.0","0.0","0.0","0.0","0.0","0.0","0.0"
"96","2017","7","Maharashtra","Thane","132.68","246.3","1856.37","0.02","0.02","1419.35","0.0","0.0","0.0","0.0","0.0","0.0","0.0","0.0","0.0","0.0","0.0","0.0","0.0","0.0","4000.0","13.9","14.5","1043.17","0.0","0.0","0.0","3.3","2.9","878.79","2.5","1.2","480.0","10.07","6.18","614.12","0.08","0.1","1320.51","0.55","0.3","545.45","0.01","0.0","0.0","0.0","0.0","0.0","0.0","0.0","0.0","0.0","0.0","0.0","0.07","0.04","514.29","0.0","0.0","0.0","0.0","0.0","0.0","0.0","0.0","0.0","0.0","0.0","0.0","0.0","0.0","0.0","0.0","0.0","0.0"
"97","1966","7","Maharashtra","Raigad","135.0","160.0","1185.19","0.0","0.0","0.0","0.0","0.0","0.0","0.0","0.0","0.0","0.0","0.0","0.0","0.0","0.0","0.0","0.0","0.0","0.0","18.0","15.0","833.33","0.0","0.0","0.0","0.5","0.1","200.0","1.0","0.3","300.0","25.9","2.4","92.66","0.0","0.0","0.0","1.5","0.3","200.0","0.0","0.0","0.0","0.0","0.0","0.0","0.0","0.0","0.0","0.0","0.0","0.0","0.0","0.0","0.0","0.0","0.0","0.0","5.7","0.3","52.63","0.0","0.0","0.0","0.0","0.0","0.0","1.13","1.66","2.79","0.0","0.04","46.21"
"97","1967","7","Maharashtra","Raigad","136.0","242.0","1779.41","0.0","0.0","0.0","0.0","0.0","0.0","0.0","0.0","0.0","0.0","0.0","0.0","0.0","0.0","0.0","0.0","0.0","0.0","19.0","16.0","842.11","0.0","0.0","0.0","0.6","0.2","333.33","1.1","0.3","272.73","26.4","3.3","125.0","0.0","0.0","0.0","1.5","0.3","200.0","0.0","0.0","0.0","0.04","-1.0","-1.0","0.0","0.0","0.0","0.0","0.0","0.0","0.0","0.0","0.0","0.0","0.0","0.0","5.8","0.3","51.72","0.0","0.0","0.0","0.0","0.0","0.0","1.21","1.74","2.95","0.0","0.04","49.57"
"97","1968","7","Maharashtra","Raigad","136.7","187.0","1367.96","0.0","0.0","0.0","0.0","0.0","0.0","0.0","0.0","0.0","0.0","0.0","0.0","0.0","0.0","0.0","0.0","0.0","0.0","18.7","18.0","962.57","0.0","0.0","0.0","0.4","0.1","250.0","1.1","0.4","363.64","9.0","1.9","211.11","0.0","0.0","0.0","1.5","0.3","200.0","0.0","0.0","0.0","0.0","0.0","0.0","0.0","0.0","0.0","0.0","0.0","0.0","0.0","0.0","0.0","0.0","0.0","0.0","2.4","0.3","125.0","0.0","0.0","0.0","0.0","0.0","0.0","1.2","1.5","2.7","0.0","0.0","53.1"
"97","1969","7","Maharashtra","Raigad","135.8","179.8","1324.01","0.0","0.0","0.0","0.0","0.0","0.0","0.0","0.0","0.0","0.0","0.0","0.0","0.0","0.0","0.0","0.0","0.0","0.0","18.2","14.2","780.22","0.0","0.0","0.0","0.4","0.1","250.0","1.0","0.4","400.0","9.0","3.3","366.67","0.0","0.0","0.0","1.4","0.5","357.14","0.0","0.0","0.0","0.0","0.0","0.0","0.0","0.0","0.0","0.0","0.0","0.0","0.0","0.0","0.0","0.0","0.0","0.0","2.2","0.5","227.27","0.0","0.0","0.0","0.0","0.0","0.0","1.0","1.5","2.5","0.0","0.1","53.8"
"97","1970","7","Maharashtra","Raigad","135.6","245.8","1812.68","0.0","0.0","0.0","0.0","0.0","0.0","0.0","0.0","0.0","0.0","0.0","0.0","0.0","0.0","0.0","0.0","0.0","0.0","12.3","11.8","959.35","0.0","0.0","0.0","0.4","0.1","250.0","1.1","0.4","363.64","4.3","2.1","488.37","0.0","0.0","0.0","1.2","0.3","250.0","0.0","0.0","0.0","0.0","0.0","0.0","0.0","0.0","0.0","0.0","0.0","0.0","0.0","0.0","0.0","0.0","0.0","0.0","2.0","0.3","150.0","0.0","0.0","0.0","0.0","0.0","0.0","1.1","1.5","2.6","0.0","0.0","21.7"
"97","1971","7","Maharashtra","Raigad","136.7","195.0","1426.48","0.0","0.0","0.0","0.0","0.0","0.0","0.0","0.0","0.0","0.0","0.0","0.0","0.0","0.0","0.0","0.0","0.0","0.0","12.6","10.8","857.14","0.0","0.0","0.0","0.4","0.1","250.0","0.5","0.1","200.0","5.5","1.3","236.36","0.0","0.0","0.0","1.2","0.2","166.67","0.0","0.0","0.0","0.0","0.0","0.0","0.0","0.0","0.0","0.0","0.0","0.0","0.0","0.0","0.0","0.0","0.0","0.0","2.1","0.2","95.24","0.0","0.0","0.0","0.0","0.0","0.0","1.1","1.6","2.7","0.0","0.1","22.4"
"97","1972","7","Maharashtra","Raigad","136.7","163.0","1192.39","0.0","0.0","0.0","0.0","0.0","0.0","0.0","0.0","0.0","0.0","0.0","0.0","0.0","0.0","0.0","0.0","0.0","0.0","13.7","7.0","510.95","0.0","0.0","0.0","0.3","0.1","333.33","0.7","0.3","428.57","6.9","1.8","260.87","0.0","0.0","0.0","1.1","0.2","181.82","0.0","0.0","0.0","0.0","0.0","0.0","0.0","0.0","0.0","0.0","0.0","0.0","0.0","0.0","0.0","0.0","0.0","0.0","1.8","0.2","111.11","0.0","0.0","0.0","0.0","0.0","0.0","1.0","1.1","2.1","0.0","0.0","31.0"
"97","1973","7","Maharashtra","Raigad","138.4","203.7","1471.82","0.0","0.0","0.0","0.0","0.0","0.0","0.0","0.0","0.0","0.0","0.0","0.0","0.0","0.0","0.0","0.0","0.0","0.0","13.6","13.0","955.88","0.0","0.0","0.0","0.5","0.2","400.0","1.1","0.4","363.64","5.6","1.9","339.29","0.0","0.0","0.0","1.0","0.3","300.0","0.0","0.0","0.0","0.0","0.0","0.0","0.0","0.0","0.0","0.0","0.0","0.0","0.0","0.0","0.0","0.0","0.0","0.0","1.7","0.3","176.47","0.0","0.0","0.0","0.0","0.0","0.0","1.0","1.2","2.2","0.0","0.0","50.0"
"97","1974","7","Maharashtra","Raigad","140.1","214.2","1528.91","0.0","0.0","0.0","0.1","0.2","2000.0","0.0","0.0","0.0","0.1","0.2","2000.0","0.0","0.0","0.0","0.0","0.0","0.0","19.3","14.8","766.84","0.0","0.0","0.0","0.5","0.2","400.0","1.4","0.4","285.71","6.0","2.4","400.0","0.0","0.0","0.0","1.0","0.3","300.0","0.0","0.0","0.0","0.0","0.0","0.0","0.0","0.0","0.0","0.0","0.0","0.0","0.0","0.0","0.0","0.0","0.0","0.0","1.7","0.3","176.47","0.0","0.0","0.0","0.0","0.0","0.0","1.1","1.3","2.4","0.0","0.0","30.2"
"97","1975","7","Maharashtra","Raigad","141.0","235.8","1672.34","0.4","0.6","1500.0","3.7","10.2","2756.76","0.0","0.0","0.0","3.7","10.2","2756.76","0.0","0.0","0.0","0.0","0.0","0.0","19.0","16.6","873.68","0.0","0.0","0.0","0.6","0.4","666.67","1.3","0.5","384.62","5.7","1.9","333.33","0.0","0.0","0.0","1.0","0.3","300.0","0.0","0.0","0.0","0.0","0.0","0.0","0.0","0.0","0.0","0.0","0.0","0.0","0.0","0.0","0.0","0.0","0.0","0.0","1.7","0.3","176.47","0.0","0.0","0.0","0.0","0.0","0.0","1.1","1.3","2.4","0.0","0.0","28.5"
"97","1976","7","Maharashtra","Raigad","141.7","215.2","1518.7","0.0","0.0","0.0","0.7","1.0","1428.57","0.0","0.0","0.0","0.7","1.0","1428.57","0.0","0.0","0.0","0.0","0.0","0.0","17.0","14.7","864.71","0.0","0.0","0.0","0.6","0.2","333.33","0.7","0.4","571.43","5.4","2.0","370.37","0.0","0.0","0.0","1.1","0.2","181.82","0.0","0.0","0.0","0.0","0.0","0.0","0.0","0.0","0.0","0.0","0.0","0.0","0.0","0.0","0.0","0.0","0.0","0.0","1.8","0.2","111.11","0.0","0.0","0.0","0.0","0.0","0.0","1.1","1.7","2.8","0.0","0.0","28.5"
"97","1977","7","Maharashtra","Raigad","141.8","290.8","2050.78","0.0","0.0","0.0","0.0","0.0","0.0","0.0","0.0","0.0","0.0","0.0","0.0","0.0","0.0","0.0","0.0","0.0","0.0","16.5","16.6","1006.06","0.0","0.0","0.0","0.6","0.2","333.33","0.8","0.2","250.0","5.5","1.6","290.91","0.0","0.0","0.0","1.0","0.3","300.0","0.0","0.0","0.0","0.0","0.0","0.0","0.0","0.0","0.0","0.0","0.0","0.0","0.0","0.0","0.0","0.0","0.0","0.0","1.8","0.3","166.67","0.0","0.0","0.0","0.0","0.0","0.0","1.0","1.7","2.7","0.0","0.0","29.3"
"97","1978","7","Maharashtra","Raigad","142.0","268.1","1888.03","0.0","0.0","0.0","0.1","0.1","1000.0","0.0","0.0","0.0","0.1","0.1","1000.0","0.0","0.0","0.0","0.0","0.0","0.0","16.0","15.5","968.75","0.0","0.0","0.0","0.7","0.2","285.71","1.6","0.5","312.5","5.2","1.6","307.69","0.0","0.0","0.0","1.1","0.4","363.64","0.0","0.0","0.0","0.0","0.0","0.0","0.0","0.0","0.0","0.0","0.0","0.0","0.0","0.0","0.0","0.0","0.0","0.0","1.9","0.4","210.53","0.0","0.0","0.0","0.0","0.0","0.0","1.1","1.7","2.8","0.0","0.0","29.2"
"97","1979","7","Maharashtra","Raigad","147.3","238.3","1617.79","0.0","0.0","0.0","0.1","0.1","1000.0","0.0","0.0","0.0","0.1","0.1","1000.0","0.0","0.0","0.0","0.3","0.8","2666.67","20.5","17.2","839.02","0.0","0.0","0.0","0.7","0.2","285.71","1.6","0.6","375.0","5.8","2.0","344.83","0.0","0.0","0.0","1.4","0.4","285.71","0.0","0.0","0.0","0.0","0.0","0.0","0.0","0.0","0.0","0.0","0.0","0.0","0.0","0.0","0.0","0.0","0.0","0.0","1.9","0.4","210.53","0.0","0.0","0.0","0.0","0.0","0.0","1.0","1.7","2.7","0.0","0.0","30.0"
"97","1980","7","Maharashtra","Raigad","149.2","274.1","1837.13","0.0","0.0","0.0","0.0","0.0","0.0","0.0","0.0","0.0","0.0","0.0","0.0","0.0","0.0","0.0","0.2","0.4","2000.0","20.5","18.5","902.44","0.0","0.0","0.0","0.7","0.2","285.71","1.7","0.7","411.76","6.4","1.5","234.38","0.0","0.0","0.0","1.3","0.3","230.77","0.0","0.0","0.0","0.0","0.0","0.0","0.0","0.0","0.0","0.0","0.0","0.0","0.0","0.0","0.0","0.0","0.0","0.0","2.0","0.4","200.0","0.0","0.0","0.0","0.0","0.0","0.0","1.2","2.9","4.1","0.0","0.1","31.3"
"97","1981","7","Maharashtra","Raigad","149.4","284.8","1906.29","0.0","0.0","0.0","0.0","0.0","0.0","0.0","0.0","0.0","0.0","0.0","0.0","0.0","0.0","0.0","0.1","0.2","2000.0","20.8","20.5","985.58","0.0","0.0","0.0","0.7","0.2","285.71","2.0","0.7","350.0","6.7","1.9","283.58","0.0","0.0","0.0","1.2","0.3","250.0","0.0","0.0","0.0","0.0","0.0","0.0","0.0","0.0","0.0","0.0","0.0","0.0","0.0","0.0","0.0","0.0","0.0","0.0","1.9","0.5","263.16","0.0","0.0","0.0","0.0","0.0","0.0","1.2","3.0","4.2","0.0","0.1","20.2"
"97","1982","7","Maharashtra","Raigad","151.7","283.1","1866.18","0.0","0.0","0.0","0.0","0.0","0.0","0.0","0.0","0.0","0.0","0.0","0.0","0.0","0.0","0.0","0.2","0.2","1000.0","20.4","18.4","901.96","0.0","0.0","0.0","0.7","0.2","285.71","2.0","0.7","350.0","5.2","1.5","288.46","0.0","0.0","0.0","1.3","0.4","307.69","0.0","0.0","0.0","0.0","0.0","0.0","0.0","0.0","0.0","0.0","0.0","0.0","0.0","0.0","0.0","0.0","0.0","0.0","1.8","0.2","111.11","0.0","0.0","0.0","0.0","0.0","0.0","1.1","1.7","2.8","0.0","0.1","19.8"
"97","1983","7","Maharashtra","Raigad","151.8","272.4","1794.47","0.0","0.0","0.0","0.0","0.0","0.0","0.0","0.0","0.0","0.0","0.0","0.0","0.0","0.0","0.0","0.0","0.0","0.0","21.0","19.2","914.29","0.0","0.0","0.0","0.8","0.3","375.0","4.3","1.4","325.58","3.1","1.2","387.1","0.0","0.0","0.0","1.3","0.4","307.69","0.0","0.0","0.0","0.0","0.0","0.0","0.0","0.0","0.0","0.0","0.0","0.0","0.0","0.0","0.0","0.0","0.0","0.0","1.8","0.3","166.67","0.0","0.0","0.0","0.0","0.0","0.0","1.1","1.4","2.5","0.0","0.1","21.9"
"97","1984","7","Maharashtra","Raigad","151.1","323.3","2139.64","0.0","0.0","0.0","0.0","0.0","0.0","0.0","0.0","0.0","0.0","0.0","0.0","0.0","0.0","0.0","0.2","0.2","1000.0","22.3","21.4","959.64","0.0","0.0","0.0","2.2","0.9","409.09","4.2","1.7","404.76","1.7","0.5","294.12","0.2","0.2","1000.0","2.5","0.7","280.0","0.0","0.0","0.0","0.0","0.0","0.0","0.0","0.0","0.0","0.0","0.0","0.0","0.0","0.0","0.0","0.0","0.0","0.0","1.7","0.3","176.47","0.0","0.0","0.0","0.0","0.0","0.0","1.1","1.4","2.5","0.0","0.0","20.2"
"97","1985","7","Maharashtra","Raigad","151.6","262.2","1729.55","0.0","0.0","0.0","0.0","0.0","0.0","0.0","0.0","0.0","0.0","0.0","0.0","0.0","0.0","0.0","0.1","0.1","1000.0","22.7","22.8","1004.41","0.0","0.0","0.0","3.3","0.9","272.73","1.9","1.0","526.32","2.5","1.0","400.0","0.2","0.2","1000.0","2.8","0.6","214.29","0.0","0.0","0.0","0.0","0.0","0.0","0.0","0.0","0.0","0.0","0.0","0.0","0.0","0.0","0.0","0.0","0.0","0.0","1.7","0.3","176.47","0.0","0.0","0.0","0.0","0.0","0.0","1.1","1.4","2.5","0.0","0.0","20.2"
"97","1986","7","Maharashtra","Raigad","151.0","259.0","1715.23","0.0","0.0","0.0","0.0","0.0","0.0","0.0","0.0","0.0","0.0","0.0","0.0","0.0","0.0","0.0","0.0","0.0","0.0","23.0","12.0","521.74","0.0","0.0","0.0","4.0","1.0","250.0","2.0","1.0","500.0","4.8","1.4","291.67","0.3","0.5","1666.67","2.9","1.0","344.83","0.0","0.0","0.0","0.0","0.0","0.0","0.0","0.0","0.0","0.0","0.0","0.0","0.0","0.0","0.0","0.0","0.0","0.0","3.2","0.9","281.25","0.0","0.0","0.0","0.0","0.0","0.0","1.3","1.3","2.6","0.0","0.0","22.1"
"97","1987","7","Maharashtra","Raigad","150.0","308.0","2053.33","0.0","0.0","0.0","0.0","0.0","0.0","0.0","0.0","0.0","0.0","0.0","0.0","0.0","0.0","0.0","0.0","0.0","0.0","24.0","21.0","875.0","0.0","0.0","0.0","2.0","1.0","500.0","2.0","1.0","500.0","7.0","1.9","271.43","0.3","0.3","1000.0","3.3","0.9","272.73","0.0","0.0","0.0","0.0","0.0","0.0","0.0","0.0","0.0","0.0","0.0","0.0","0.0","0.0","0.0","0.0","0.0","0.0","3.5","1.1","314.29","0.0","0.0","0.0","0.0","0.0","0.0","3.3","1.4","4.7","0.0","0.0","20.9"
"97","1988","7","Maharashtra","Raigad","151.3","345.6","2284.2","0.0","0.0","0.0","0.0","0.0","0.0","0.0","0.0","0.0","0.0","0.0","0.0","0.0","0.0","0.0","0.1","0.1","1000.0","24.4","20.2","827.87","0.0","0.0","0.0","2.3","1.3","565.22","1.9","1.3","684.21","8.4","3.5","416.67","0.5","0.7","1400.0","1.6","0.6","375.0","0.0","0.0","0.0","0.0","0.0","0.0","0.0","0.0","0.0","0.0","0.0","0.0","0.0","0.0","0.0","0.0","0.0","0.0","3.2","1.2","375.0","0.0","0.0","0.0","0.0","0.0","0.0","6.2","1.4","7.6","0.0","0.0","6.0"
"97","1989","7","Maharashtra","Raigad","150.8","299.2","1984.08","0.0","0.0","0.0","0.0","0.0","0.0","0.0","0.0","0.0","0.0","0.0","0.0","0.0","0.0","0.0","0.1","0.1","1000.0","24.1","18.7","775.93","0.0","0.0","0.0","2.5","1.1","440.0","1.8","1.6","888.89","7.9","2.8","354.43","0.4","0.8","2000.0","1.7","0.2","117.65","0.1","0.0","0.0","0.0","0.0","0.0","0.0","0.0","0.0","0.0","0.0","0.0","0.0","0.0","0.0","0.0","0.0","0.0","2.9","0.5","172.41","0.0","0.0","0.0","0.0","0.0","0.0","3.1","1.4","4.5","0.0","0.0","6.5"
"97","1990","7","Maharashtra","Raigad","152.4","251.4","1649.61","0.0","0.0","0.0","0.0","0.0","0.0","0.0","0.0","0.0","0.0","0.0","0.0","0.0","0.0","0.0","0.0","0.0","0.0","24.5","14.9","608.16","0.0","0.0","0.0","2.0","1.1","550.0","1.6","0.7","437.5","9.6","4.0","416.67","0.2","0.4","2000.0","1.6","0.5","312.5","0.0","0.0","0.0","0.0","0.0","0.0","0.0","0.0","0.0","0.0","0.0","0.0","0.0","0.0","0.0","0.0","0.0","0.0","2.7","1.5","555.56","0.0","0.0","0.0","0.0","0.0","0.0","3.2","1.7","4.9","0.0","0.0","7.3"
"97","1991","7","Maharashtra","Raigad","150.4","335.6","2231.38","0.0","0.0","0.0","0.0","0.0","0.0","0.0","0.0","0.0","0.0","0.0","0.0","0.0","0.0","0.0","0.0","0.0","0.0","22.1","15.9","719.46","0.0","0.0","0.0","2.0","0.9","450.0","1.6","0.9","562.5","9.6","2.2","229.17","0.3","0.2","666.67","1.6","0.5","312.5","0.0","0.0","0.0","0.0","0.0","0.0","0.0","0.0","0.0","0.0","0.0","0.0","0.0","0.0","0.0","0.0","0.0","0.0","2.7","0.9","333.33","0.0","0.0","0.0","0.0","0.0","0.0","3.8","1.5","5.3","0.0","0.0","31.2"
"97","1992","7","Maharashtra","Raigad","139.0","294.5","2118.71","0.0","0.0","0.0","0.0","0.0","0.0","0.0","0.0","0.0","0.0","0.0","0.0","0.0","0.0","0.0","0.0","0.0","0.0","18.7","14.1","754.01","0.0","0.0","0.0","2.5","1.3","520.0","1.8","1.6","888.89","10.6","3.0","283.02","0.2","0.2","1000.0","1.4","0.5","357.14","0.1","0.0","0.0","0.0","0.0","0.0","0.0","0.0","0.0","0.0","0.0","0.0","0.0","0.0","0.0","0.0","0.0","0.0","1.7","0.7","411.76","0.0","0.0","0.0","0.0","0.0","0.0","3.6","1.6","5.2","0.0","0.0","31.2"
"97","1993","7","Maharashtra","Raigad","138.5","328.4","2371.12","0.0","0.0","0.0","0.0","0.0","0.0","0.0","0.0","0.0","0.0","0.0","0.0","0.0","0.0","0.0","0.1","0.1","1000.0","12.6","9.6","761.9","0.0","0.0","0.0","2.5","1.7","680.0","1.6","1.4","875.0","10.1","4.5","445.54","0.3","0.3","1000.0","0.5","0.1","200.0","0.1","0.0","0.0","0.0","0.0","0.0","0.0","0.0","0.0","0.0","0.0","0.0","0.0","0.0","0.0","0.0","0.0","0.0","0.9","0.4","444.44","0.0","0.0","0.0","0.0","0.0","0.0","4.3","1.3","5.6","0.0","0.0","29.3"
"97","1994","7","Maharashtra","Raigad","146.1","321.1","2197.81","0.0","0.0","0.0","0.0","0.0","0.0","0.0","0.0","0.0","0.0","0.0","0.0","0.0","0.0","0.0","0.0","0.0","0.0","12.4","9.9","798.39","0.0","0.0","0.0","1.7","1.0","588.24","1.4","0.9","642.86","9.3","4.5","483.87","0.3","0.2","666.67","0.6","0.1","166.67","0.0","0.0","0.0","0.0","0.0","0.0","0.0","0.0","0.0","0.0","0.0","0.0","0.0","0.0","0.0","0.0","0.0","0.0","0.9","0.3","333.33","0.0","0.0","0.0","0.0","0.0","0.0","3.2","1.3","4.5","0.0","0.0","28.3"
"97","1995","7","Maharashtra","Raigad","146.4","330.0","2254.1","0.0","0.0","0.0","0.0","0.0","0.0","0.0","0.0","0.0","0.0","0.0","0.0","0.0","0.0","0.0","0.0","0.0","0.0","10.9","8.5","779.82","0.0","0.0","0.0","1.8","0.8","444.44","1.4","0.8","571.43","9.0","4.3","477.78","0.2","0.4","2000.0","0.7","0.2","285.71","0.0","0.0","0.0","0.0","0.0","0.0","0.0","0.0","0.0","0.0","0.0","0.0","0.0","0.0","0.0","0.0","0.0","0.0","0.9","0.6","666.67","0.0","0.0","0.0","0.0","0.0","0.0","6.4","1.5","7.9","0.0","0.0","30.6"
"97","1996","7","Maharashtra","Raigad","142.4","332.2","2332.87","0.0","0.0","0.0","0.0","0.0","0.0","0.0","0.0","0.0","0.0","0.0","0.0","0.0","0.0","0.0","0.0","0.0","0.0","11.9","9.3","781.51","0.0","0.0","0.0","2.0","1.3","650.0","1.3","0.8","615.38","9.2","5.7","619.57","0.2","0.3","1500.0","0.7","0.3","428.57","0.0","0.0","0.0","0.0","0.0","0.0","0.0","0.0","0.0","0.0","0.0","0.0","0.0","0.0","0.0","0.0","0.0","0.0","0.9","0.5","555.56","0.0","0.0","0.0","0.0","0.0","0.0","8.4","1.4","9.8","0.0","0.0","32.7"
"97","1997","7","Maharashtra","Raigad","139.0","351.8","2530.94","0.0","0.0","0.0","0.0","0.0","0.0","0.0","0.0","0.0","0.0","0.0","0.0","0.0","0.0","0.0","0.0","0.0","0.0","11.4","8.8","771.93","0.0","0.0","0.0","2.2","1.3","590.91","1.2","0.6","500.0","6.4","3.2","500.0","0.1","0.1","1000.0","0.3","0.1","333.33","0.0","0.0","0.0","0.0","0.0","0.0","0.0","0.0","0.0","0.0","0.0","0.0","0.0","0.0","0.0","0.0","0.0","0.0","2.5","0.6","240.0","0.0","0.0","0.0","0.0","0.0","0.0","9.3","1.2","10.5","0.0","0.0","33.2"
"97","1998","7","Maharashtra","Raigad","135.4","347.7","2567.95","0.0","0.0","0.0","0.0","0.0","0.0","0.0","0.0","0.0","0.0","0.0","0.0","0.0","0.0","0.0","0.0","0.0","0.0","12.6","10.1","801.59","0.0","0.0","0.0","2.1","1.3","619.05","1.0","0.5","500.0","10.4","4.6","442.31","0.3","0.3","1000.0","0.5","0.2","400.0","0.1","0.0","0.0","0.0","0.0","0.0","0.0","0.0","0.0","0.0","0.0","0.0","0.0","0.0","0.0","0.0","0.0","0.0","1.3","0.6","461.54","0.0","0.0","0.0","0.0","0.0","0.0","18.8","1.8","20.6","0.0","0.0","36.7"
"97","1999","7","Maharashtra","Raigad","135.7","328.5","2420.78","0.0","0.0","0.0","0.0","0.0","0.0","0.0","0.0","0.0","0.0","0.0","0.0","0.0","0.0","0.0","0.0","0.0","0.0","11.9","8.7","731.09","0.0","0.0","0.0","2.3","1.5","652.17","0.9","0.5","555.56","9.6","4.5","468.75","0.3","0.3","1000.0","0.3","0.1","333.33","0.0","0.0","0.0","0.0","0.0","0.0","0.0","0.0","0.0","0.0","0.0","0.0","0.0","0.0","0.0","0.0","0.0","0.0","1.0","0.0","0.0","0.0","0.0","0.0","0.0","0.0","0.0","18.8","1.6","20.4","0.0","0.0","38.3"
"97","2000","7","Maharashtra","Raigad","134.7","291.7","2165.55","0.0","0.0","0.0","0.0","0.0","0.0","0.0","0.0","0.0","0.0","0.0","0.0","0.0","0.0","0.0","0.0","0.0","0.0","11.9","7.9","663.87","0.0","0.0","0.0","2.0","1.1","550.0","1.0","0.4","400.0","9.9","3.7","373.74","0.3","0.4","1333.33","0.3","0.2","666.67","0.0","0.0","0.0","0.0","0.0","0.0","0.0","0.0","0.0","0.0","0.0","0.0","0.0","0.0","0.0","0.0","0.0","0.0","0.9","0.6","666.67","0.0","0.0","0.0","0.0","0.0","0.0","16.9","0.1","17.0","0.0","0.0","38.4"
"97","2001","7","Maharashtra","Raigad","133.7","356.8","2668.66","0.0","0.0","0.0","0.0","0.0","0.0","0.0","0.0","0.0","0.0","0.0","0.0","0.0","0.0","0.0","0.0","0.0","0.0","11.2","10.1","901.79","0.0","0.0","0.0","2.0","1.0","500.0","1.0","0.4","400.0","11.9","5.6","470.59","0.3","0.4","1333.33","0.3","0.1","333.33","0.1","0.0","0.0","0.0","0.0","0.0","0.0","0.0","0.0","0.0","0.0","0.0","0.0","0.0","0.0","0.0","0.0","0.0","1.0","0.6","600.0","0.0","0.0","0.0","0.0","0.0","0.0","19.8","0.1","19.9","0.0","0.0","38.4"
"97","2002","7","Maharashtra","Raigad","133.2","277.8","2085.59","0.0","0.0","0.0","0.0","0.0","0.0","0.0","0.0","0.0","0.0","0.0","0.0","0.0","0.0","0.0","0.0","0.0","0.0","11.0","7.2","654.55","0.0","0.0","0.0","1.4","0.9","642.86","1.0","0.5","500.0","8.8","3.6","409.09","0.3","0.4","1333.33","0.3","0.1","333.33","0.1","0.1","1000.0","0.0","0.0","0.0","0.0","0.0","0.0","0.0","0.0","0.0","0.0","0.0","0.0","0.0","0.0","0.0","1.0","0.6","600.0","0.0","0.0","0.0","0.0","0.0","0.0","17.0","0.1","17.1","0.0","0.0","38.5"
"97","2003","7","Maharashtra","Raigad","133.1","376.3","2827.2","0.0","0.0","0.0","0.0","0.0","0.0","0.0","0.0","0.0","0.0","0.0","0.0","0.0","0.0","0.0","0.0","0.0","0.0","11.0","9.6","872.73","0.0","0.0","0.0","1.3","0.9","692.31","1.0","0.5","500.0","9.8","4.2","428.57","0.3","0.4","1333.33","0.2","0.1","500.0","0.1","0.0","0.0","0.0","0.0","0.0","0.0","0.0","0.0","0.0","0.0","0.0","0.0","0.0","0.0","0.0","0.0","0.0","0.9","0.6","666.67","0.0","0.0","0.0","0.0","0.0","0.0","19.6","0.1","19.7","0.0","0.0","0.0"
"97","2004","7","Maharashtra","Raigad","133.0","297.2","2234.59","0.0","0.0","0.0","0.0","0.0","0.0","0.0","0.0","0.0","0.0","0.0","0.0","0.0","0.0","0.0","0.0","0.0","0.0","10.9","8.3","761.47","0.0","0.0","0.0","1.2","0.8","666.67","1.1","0.6","545.45","9.9","4.57","461.62","0.3","0.4","1333.33","0.3","0.1","333.33","0.1","0.1","1000.0","0.0","0.0","0.0","0.0","0.0","0.0","0.0","0.0","0.0","0.0","0.0","0.0","0.0","0.0","0.0","1.0","0.8","800.0","0.0","0.0","0.0","0.0","0.0","0.0","20.0","0.1","20.1","0.0","0.0","0.0"
"97","2005","7","Maharashtra","Raigad","129.5","295.0","2277.99","0.0","0.0","0.0","0.0","0.0","0.0","0.0","0.0","0.0","0.0","0.0","0.0","0.0","0.0","0.0","0.1","0.2","2000.0","10.0","7.7","770.0","0.0","0.0","0.0","1.8","1.2","666.67","1.1","0.7","636.36","11.8","5.0","423.73","0.3","0.4","1333.33","1.1","0.3","272.73","0.1","0.0","0.0","0.0","0.0","0.0","0.0","0.0","0.0","0.0","0.0","0.0","0.0","0.0","0.0","0.0","0.0","0.0","1.0","0.7","700.0","0.0","0.0","0.0","0.0","0.0","0.0","20.5","0.2","20.7","0.0","0.0","0.0"
"97","2006","7","Maharashtra","Raigad","132.2","314.5","2378.97","0.0","0.0","0.0","0.0","0.0","0.0","0.0","0.0","0.0","0.0","0.0","0.0","0.0","0.0","0.0","0.1","0.2","2000.0","10.1","7.4","732.67","0.0","0.0","0.0","1.7","1.3","764.71","1.0","0.6","600.0","11.7","5.4","461.54","0.3","0.5","1666.67","0.2","0.1","500.0","0.2","0.08","400.0","0.0","0.0","0.0","0.0","0.0","0.0","0.0","0.0","0.0","0.0","0.0","0.0","0.0","0.0","0.0","1.0","0.78","780.0","0.0","0.0","0.0","0.0","0.0","0.0","0.0","0.0","0.0","0.0","0.0","0.0"
"97","2007","7","Maharashtra","Raigad","133.1","334.62","2514.05","0.0","0.0","0.0","0.0","0.0","0.0","0.0","0.0","0.0","0.0","0.0","0.0","0.0","0.0","0.0","0.2","0.5","2500.0","10.4","7.7","740.38","0.0","0.0","0.0","1.9","1.5","789.47","1.1","0.8","727.27","11.9","5.58","468.91","0.3","0.41","1366.67","0.2","0.1","500.0","0.1","0.0","0.0","0.0","0.0","0.0","0.0","0.0","0.0","0.0","0.0","0.0","0.0","0.0","0.0","0.0","0.0","0.0","0.9","0.61","677.78","0.0","0.0","0.0","0.0","0.0","0.0","0.0","0.0","0.0","0.0","0.0","0.0"
"97","2008","7","Maharashtra","Raigad","132.3","359.8","2719.58","0.0","0.0","0.0","0.0","0.0","0.0","0.0","0.0","0.0","0.0","0.0","0.0","0.0","0.0","0.0","0.2","0.6","3000.0","10.3","8.8","854.37","0.0","0.0","0.0","2.0","1.4","700.0","1.1","0.6","545.45","12.5","5.27","421.6","0.3","0.5","1666.67","0.2","0.1","500.0","0.2","0.08","400.0","0.0","0.0","0.0","0.0","0.0","0.0","0.0","0.0","0.0","0.0","0.0","0.0","0.0","0.0","0.0","1.0","0.78","780.0","0.0","0.0","0.0","0.0","0.0","0.0","0.0","0.0","0.0","0.0","0.0","0.0"
"97","2009","7","Maharashtra","Raigad","130.4","329.43","2526.3","0.0","0.0","0.0","0.0","0.0","0.0","0.0","0.0","0.0","0.0","0.0","0.0","0.0","0.0","0.0","0.0","0.0","0.0","10.6","8.7","820.75","0.0","0.0","0.0","2.0","1.33","665.0","1.0","0.84","840.0","11.5","5.27","458.26","0.3","0.4","1333.33","0.4","0.1","250.0","0.09","0.04","444.44","0.0","0.0","0.0","0.0","0.0","0.0","0.0","0.0","0.0","0.0","0.0","0.0","0.0","0.0","0.0","0.89","0.56","629.21","0.0","0.0","0.0","0.0","0.0","0.0","0.0","0.0","0.0","0.0","0.0","0.0"
"97","2010","7","Maharashtra","Raigad","126.2","299.08","2369.89","0.0","0.0","0.0","0.0","0.0","0.0","0.0","0.0","0.0","0.0","0.0","0.0","0.0","0.0","0.0","0.0","0.0","0.0","10.84","8.3","765.68","0.0","0.0","0.0","1.8","1.56","866.67","1.29","0.59","457.36","10.4","5.04","484.62","0.3","0.37","1233.33","0.2","0.1","500.0","0.0","0.0","0.0","0.0","0.0","0.0","0.0","0.0","0.0","0.0","0.0","0.0","0.0","0.0","0.0","0.0","0.0","0.0","1.0","0.56","560.0","0.0","0.0","0.0","0.0","0.0","0.0","0.0","0.0","0.0","0.0","0.0","0.0"
"97","2011","7","Maharashtra","Raigad","126.8","306.16","2414.51","0.0","0.0","0.0","0.0","0.0","0.0","0.0","0.0","0.0","0.0","0.0","0.0","0.0","0.0","0.0","0.2","0.57","2850.0","11.1","9.52","857.66","0.0","0.0","0.0","1.8","1.57","872.22","1.3","0.82","630.77","10.4","5.23","502.88","0.3","0.54","1800.0","0.2","0.05","250.0","0.0","0.0","0.0","0.0","0.0","0.0","0.0","0.0","0.0","0.0","0.0","0.0","0.0","0.0","0.0","0.0","0.0","0.0","1.0","0.75","750.0","0.0","0.0","0.0","0.0","0.0","0.0","20.31","1.12","21.43","0.0","0.19","0.0"
"97","2012","7","Maharashtra","Raigad","127.9","333.33","2606.18","0.0","0.0","0.0","0.0","0.0","0.0","0.0","0.0","0.0","0.0","0.0","0.0","0.0","0.0","0.0","0.0","0.0","0.0","11.1","9.12","821.62","0.0","0.0","0.0","0.0","0.0","0.0","1.5","0.22","146.67","12.66","6.05","477.88","0.3","0.47","1566.67","0.1","0.04","400.0","0.0","0.0","0.0","0.0","0.0","0.0","0.0","0.0","0.0","0.0","0.0","0.0","0.0","0.0","0.0","0.0","0.0","0.0","0.4","0.51","1275.0","0.0","0.0","0.0","0.0","0.0","0.0","17.81","5.06","22.87","0.0","0.2","0.0"
"97","2013","7","Maharashtra","Raigad","127.9","365.9","2860.83","0.0","0.0","0.0","0.0","0.0","0.0","0.0","0.0","0.0","0.0","0.0","0.0","0.0","0.0","0.0","0.0","0.0","0.0","11.1","9.4","846.85","0.0","0.0","0.0","0.0","0.0","0.0","0.6","0.3","500.0","7.9","4.0","506.33","0.2","0.6","3000.0","0.0","0.0","0.0","0.0","0.0","0.0","0.0","0.0","0.0","0.0","0.0","0.0","0.0","0.0","0.0","0.0","0.0","0.0","0.0","0.0","0.0","0.2","0.4","2000.0","0.0","0.0","0.0","0.0","0.0","0.0","0.0","0.0","0.0","0.0","0.0","0.0"
"97","2014","7","Maharashtra","Raigad","125.3","350.8","2799.68","0.0","0.0","0.0","0.0","0.0","0.0","0.0","0.0","0.0","0.0","0.0","0.0","0.0","0.0","0.0","0.0","0.0","0.0","8.1","7.7","950.62","0.0","0.0","0.0","0.0","0.0","0.0","1.2","0.5","416.67","11.8","8.2","694.92","0.2","0.6","3000.0","0.0","0.0","0.0","0.0","0.0","0.0","0.0","0.0","0.0","0.0","0.0","0.0","0.0","0.0","0.0","0.0","0.0","0.0","0.0","0.0","0.0","0.6","0.9","1500.0","0.0","0.0","0.0","0.0","0.0","0.0","0.0","0.0","0.0","0.0","0.0","0.0"
"97","2015","7","Maharashtra","Raigad","115.6","339.9","2940.31","0.01","0.01","1000.0","0.0","0.0","0.0","0.0","0.0","0.0","0.0","0.0","0.0","0.0","0.0","0.0","0.0","0.0","0.0","7.2","7.2","1000.0","0.0","0.0","0.0","0.9","0.6","666.67","1.6","0.6","375.0","12.4","8.1","653.2","0.2","0.3","1500.0","0.1","0.03","300.0","0.0","0.0","0.0","0.0","0.0","0.0","0.0","0.0","0.0","0.0","0.0","0.0","0.0","0.0","0.0","0.0","0.0","0.0","0.7","0.6","857.14","0.0","0.0","0.0","0.0","0.0","0.0","0.0","0.0","0.0","0.0","0.0","0.0"
"97","2016","7","Maharashtra","Raigad","113.3","309.1","2728.16","0.0","0.0","0.0","0.0","0.0","0.0","0.0","0.0","0.0","0.0","0.0","0.0","0.0","0.0","0.0","0.0","0.0","0.0","6.8","5.6","823.53","0.0","0.0","0.0","0.9","0.8","888.89","1.76","1.44","819.11","18.31","13.0","710.19","0.2","0.3","1500.0","0.22","0.08","359.09","0.0","0.0","0.0","0.0","0.0","0.0","0.0","0.0","0.0","0.0","0.0","0.0","0.0","0.0","0.0","0.0","0.0","0.0","0.0","0.0","0.0","0.0","0.0","0.0","0.0","0.0","0.0","0.0","0.0","0.0","0.0","0.0","0.0"
"97","2017","7","Maharashtra","Raigad","114.24","310.8","2720.66","0.0","0.0","0.0","0.0","0.0","0.0","0.0","0.0","0.0","0.0","0.0","0.0","0.0","0.0","0.0","0.0","0.0","0.0","6.7","5.3","791.04","0.0","0.0","0.0","0.01","0.0","0.0","0.3","0.2","666.67","12.02","3.9","324.74","0.12","0.2","1626.02","0.0","0.0","0.0","0.03","0.01","333.33","0.0","0.0","0.0","0.0","0.0","0.0","0.0","0.0","0.0","0.0","0.0","0.0","0.0","0.0","0.0","0.0","0.0","0.0","0.0","0.0","0.0","0.0","0.0","0.0","0.0","0.0","0.0","0.0","0.0","0.0"
"98","1966","7","Maharashtra","Ratnagiri","132.0","108.0","818.18","0.0","0.0","0.0","0.0","0.0","0.0","0.0","0.0","0.0","0.0","0.0","0.0","0.0","0.0","0.0","0.0","0.0","0.0","54.0","35.0","648.15","0.0","0.0","0.0","0.0","0.0","0.0","0.5","0.2","400.0","32.6","2.5","76.69","0.4","0.4","1000.0","4.2","0.9","214.29","0.0","0.0","0.0","0.0","0.0","0.0","0.0","0.0","0.0","0.0","0.0","0.0","0.0","0.0","0.0","0.0","0.0","0.0","30.4","1.3","42.76","0.4","2.0","5000.0","0.0","0.0","0.0","13.31","1.05","14.37","0.0","0.24","102.75"
"98","1967","7","Maharashtra","Ratnagiri","132.0","166.0","1257.58","0.0","0.0","0.0","0.0","0.0","0.0","0.0","0.0","0.0","0.0","0.0","0.0","0.0","0.0","0.0","0.0","0.0","0.0","50.0","34.0","680.0","0.0","0.0","0.0","0.0","0.0","0.0","0.5","0.2","400.0","35.8","4.2","117.32","0.4","0.4","1000.0","5.0","1.2","240.0","0.0","0.0","0.0","0.0","0.0","0.0","0.0","0.0","0.0","0.0","0.0","0.0","0.0","0.0","0.0","0.0","0.0","0.0","32.3","1.6","49.54","0.2","1.9","9500.0","0.0","0.0","0.0","12.26","0.89","13.15","0.0","0.2","105.38"
"98","1968","7","Maharashtra","Ratnagiri","134.4","161.0","1197.92","0.0","0.0","0.0","0.0","0.0","0.0","0.0","0.0","0.0","0.0","0.0","0.0","0.0","0.0","0.0","0.0","0.0","0.0","49.6","39.0","786.29","0.0","0.0","0.0","0.0","0.0","0.0","0.5","0.2","400.0","14.7","4.6","312.93","0.4","0.4","1000.0","5.1","1.5","294.12","0.0","0.0","0.0","0.4","0.0","0.0","0.0","0.0","0.0","0.0","0.0","0.0","0.0","0.0","0.0","0.0","0.0","0.0","13.2","1.9","143.94","0.4","3.5","8750.0","0.0","0.0","0.0","14.9","1.2","16.1","0.0","0.3","104.9"
"98","1969","7","Maharashtra","Ratnagiri","133.8","146.3","1093.42","0.0","0.0","0.0","0.0","0.0","0.0","0.0","0.0","0.0","0.0","0.0","0.0","0.0","0.0","0.0","0.0","0.0","0.0","50.3","35.3","701.79","0.0","0.0","0.0","0.0","0.0","0.0","0.5","0.2","400.0","13.9","4.7","338.13","0.4","0.3","750.0","4.5","1.0","222.22","0.0","0.0","0.0","0.9","0.0","0.0","0.0","0.0","0.0","0.0","0.0","0.0","0.0","0.0","0.0","0.0","0.0","0.0","13.1","1.3","99.24","0.5","3.0","6000.0","0.0","0.0","0.0","16.2","1.3","17.5","0.0","0.3","104.8"
"98","1970","7","Maharashtra","Ratnagiri","144.9","199.4","1376.12","0.0","0.0","0.0","0.0","0.0","0.0","0.0","0.0","0.0","0.0","0.0","0.0","0.0","0.0","0.0","0.0","0.0","0.0","35.1","27.6","786.32","0.0","0.0","0.0","0.0","0.0","0.0","0.5","0.2","400.0","9.1","1.6","175.82","0.3","0.2","666.67","4.3","1.2","279.07","0.0","0.0","0.0","0.0","0.0","0.0","0.0","0.0","0.0","0.0","0.0","0.0","0.0","0.0","0.0","0.0","0.0","0.0","11.0","1.4","127.27","0.5","3.5","7000.0","0.0","0.0","0.0","16.4","0.7","17.1","0.0","0.1","102.8"
"98","1971","7","Maharashtra","Ratnagiri","144.4","172.7","1195.98","0.0","0.0","0.0","0.0","0.0","0.0","0.0","0.0","0.0","0.0","0.0","0.0","0.0","0.0","0.0","0.0","0.0","0.0","35.5","25.8","726.76","0.0","0.0","0.0","0.1","0.0","0.0","0.4","0.2","500.0","8.3","2.1","253.01","0.3","0.3","1000.0","5.1","1.6","313.73","0.0","0.0","0.0","0.0","0.0","0.0","0.0","0.0","0.0","0.0","0.0","0.0","0.0","0.0","0.0","0.0","0.0","0.0","10.7","1.9","177.57","0.2","1.4","7000.0","0.0","0.0","0.0","18.5","0.7","19.2","0.0","0.2","100.4"
"98","1972","7","Maharashtra","Ratnagiri","142.6","142.1","996.49","0.0","0.0","0.0","0.0","0.0","0.0","0.0","0.0","0.0","0.0","0.0","0.0","0.0","0.0","0.0","0.0","0.0","0.0","40.8","23.3","571.08","0.0","0.0","0.0","0.0","0.0","0.0","0.4","0.1","250.0","8.9","2.4","269.66","0.3","0.1","333.33","3.7","1.0","270.27","0.0","0.0","0.0","0.0","0.0","0.0","0.0","0.0","0.0","0.0","0.0","0.0","0.0","0.0","0.0","0.0","0.0","0.0","11.1","1.1","99.1","0.4","3.1","7750.0","0.0","0.0","0.0","17.6","0.6","18.2","0.0","0.1","99.6"
"98","1973","7","Maharashtra","Ratnagiri","143.6","208.1","1449.16","0.0","0.0","0.0","0.0","0.0","0.0","0.0","0.0","0.0","0.0","0.0","0.0","0.0","0.0","0.0","0.0","0.0","0.0","52.6","44.9","853.61","0.0","0.0","0.0","0.0","0.0","0.0","0.5","0.2","400.0","8.2","2.6","317.07","0.4","0.4","1000.0","5.1","1.3","254.9","0.0","0.0","0.0","0.0","0.0","0.0","0.0","0.0","0.0","0.0","0.0","0.0","0.0","0.0","0.0","0.0","0.0","0.0","12.7","1.7","133.86","0.4","3.0","7500.0","0.0","0.0","0.0","17.8","0.8","18.6","0.0","0.1","107.2"
"98","1974","7","Maharashtra","Ratnagiri","144.2","197.6","1370.32","0.0","0.0","0.0","0.0","0.0","0.0","0.0","0.0","0.0","0.0","0.0","0.0","0.0","0.0","0.0","0.0","0.0","0.0","47.7","39.3","823.9","0.0","0.0","0.0","0.0","0.0","0.0","0.4","0.2","500.0","8.3","2.8","337.35","0.5","0.5","1000.0","4.9","1.2","244.9","0.0","0.0","0.0","0.0","0.0","0.0","0.0","0.0","0.0","0.0","0.0","0.0","0.0","0.0","0.0","0.0","0.0","0.0","11.4","1.7","149.12","0.4","2.9","7250.0","0.0","0.0","0.0","18.7","0.9","19.6","0.0","0.1","105.3"
"98","1975","7","Maharashtra","Ratnagiri","147.8","232.1","1570.37","0.1","0.2","2000.0","0.6","1.4","2333.33","0.5","0.9","1800.0","1.1","2.3","2090.91","0.0","0.0","0.0","0.0","0.0","0.0","48.0","34.9","727.08","0.0","0.0","0.0","0.0","0.0","0.0","0.4","0.1","250.0","8.8","2.7","306.82","0.5","0.6","1200.0","5.1","1.3","254.9","0.0","0.0","0.0","0.0","0.0","0.0","0.0","0.0","0.0","0.0","0.0","0.0","0.0","0.0","0.0","0.0","0.0","0.0","12.1","1.9","157.02","0.4","3.2","8000.0","0.0","0.0","0.0","23.9","0.7","24.6","0.0","0.1","98.2"
"98","1976","7","Maharashtra","Ratnagiri","146.3","203.4","1390.29","0.0","0.0","0.0","0.6","1.0","1666.67","0.0","0.0","0.0","0.6","1.0","1666.67","0.0","0.0","0.0","0.0","0.1","0.0","46.2","34.6","748.92","0.0","0.0","0.0","0.0","0.0","0.0","0.9","0.5","555.56","8.8","2.7","306.82","0.5","0.5","1000.0","5.9","1.5","254.24","0.0","0.0","0.0","0.0","0.0","0.0","0.0","0.0","0.0","0.0","0.0","0.0","0.0","0.0","0.0","0.0","0.0","0.0","11.0","2.0","181.82","0.5","4.4","8800.0","0.0","0.0","0.0","23.5","0.9","24.4","0.0","0.2","96.9"
"98","1977","7","Maharashtra","Ratnagiri","149.4","222.2","1487.28","0.0","0.0","0.0","0.2","0.1","500.0","0.0","0.0","0.0","0.2","0.1","500.0","0.0","0.0","0.0","0.0","0.0","0.0","45.8","34.3","748.91","0.0","0.0","0.0","0.0","0.0","0.0","0.5","0.1","200.0","8.3","2.2","265.06","0.5","0.3","600.0","5.9","1.8","305.08","0.0","0.0","0.0","0.0","0.0","0.0","0.0","0.0","0.0","0.0","0.0","0.0","0.0","0.0","0.0","0.0","0.0","0.0","11.5","2.1","182.61","0.4","3.9","9750.0","0.0","0.0","0.0","25.5","0.9","26.4","0.0","0.2","98.9"
"98","1978","7","Maharashtra","Ratnagiri","149.0","252.8","1696.64","0.0","0.0","0.0","0.0","0.0","0.0","0.4","0.3","750.0","0.4","0.3","750.0","0.0","0.0","0.0","0.0","0.0","0.0","43.0","37.6","874.42","0.0","0.0","0.0","0.0","0.0","0.0","0.3","0.1","333.33","8.5","2.3","270.59","0.5","0.2","400.0","6.4","1.9","296.88","0.0","0.0","0.0","0.0","0.0","0.0","0.0","0.0","0.0","0.0","0.0","0.0","0.0","0.0","0.0","0.0","0.0","0.0","13.5","2.1","155.56","0.3","2.7","9000.0","0.0","0.0","0.0","25.7","0.6","26.3","0.0","0.1","99.0"
"98","1979","7","Maharashtra","Ratnagiri","147.3","211.6","1436.52","0.0","0.0","0.0","0.0","0.0","0.0","0.0","0.0","0.0","0.0","0.0","0.0","0.0","0.0","0.0","0.3","0.5","1666.67","45.0","38.1","846.67","0.0","0.0","0.0","0.0","0.0","0.0","0.3","0.1","333.33","8.3","2.3","277.11","0.5","0.3","600.0","6.8","1.4","205.88","0.0","0.0","0.0","0.0","0.0","0.0","0.0","0.0","0.0","0.0","0.0","0.0","0.0","0.0","0.0","0.0","0.0","0.0","15.0","1.7","113.33","0.2","2.1","10500.0","0.0","0.0","0.0","25.3","0.6","25.9","0.0","0.1","96.8"
"98","1980","7","Maharashtra","Ratnagiri","147.0","256.0","1741.5","0.0","0.0","0.0","0.0","0.0","0.0","0.0","0.0","0.0","0.0","0.0","0.0","0.0","0.0","0.0","0.1","0.2","2000.0","46.2","47.9","1036.8","0.0","0.0","0.0","0.0","0.0","0.0","0.3","0.1","333.33","8.4","2.4","285.71","0.4","0.3","750.0","7.5","1.1","146.67","0.0","0.0","0.0","0.0","0.0","0.0","0.0","0.0","0.0","0.0","0.0","0.0","0.0","0.0","0.0","0.0","0.0","0.0","12.7","1.6","125.98","0.2","2.5","12500.0","0.0","0.0","0.0","23.6","0.5","24.1","0.0","0.1","86.6"
"98","1981","7","Maharashtra","Ratnagiri","153.4","278.4","1814.86","0.0","0.0","0.0","0.0","0.0","0.0","0.0","0.0","0.0","0.0","0.0","0.0","0.0","0.0","0.0","0.1","0.1","1000.0","37.5","35.4","944.0","0.0","0.0","0.0","0.0","0.0","0.0","0.3","0.1","333.33","8.8","2.3","261.36","0.4","0.2","500.0","1.9","0.3","157.89","0.0","0.0","0.0","0.0","0.0","0.0","0.0","0.0","0.0","0.0","0.0","0.0","0.0","0.0","0.0","0.0","0.0","0.0","12.6","1.9","150.79","0.5","4.0","8000.0","0.0","0.0","0.0","27.7","0.7","28.4","0.0","0.1","102.1"
"98","1982","7","Maharashtra","Ratnagiri","155.1","252.6","1628.63","0.0","0.0","0.0","0.0","0.0","0.0","0.0","0.0","0.0","0.0","0.0","0.0","0.0","0.0","0.0","0.2","0.2","1000.0","37.5","34.2","912.0","0.0","0.0","0.0","0.0","0.0","0.0","0.3","0.1","333.33","8.1","2.4","296.3","0.4","0.2","500.0","2.9","2.4","827.59","0.0","0.0","0.0","0.0","0.0","0.0","0.0","0.0","0.0","0.0","0.0","0.0","0.0","0.0","0.0","0.0","0.0","0.0","11.6","1.9","163.79","0.0","0.0","0.0","0.0","0.0","0.0","28.0","0.7","28.7","0.0","0.1","95.4"
"98","1983","7","Maharashtra","Ratnagiri","157.0","277.7","1768.79","0.0","0.0","0.0","0.0","0.0","0.0","0.0","0.0","0.0","0.0","0.0","0.0","0.0","0.0","0.0","0.1","0.1","1000.0","38.7","38.3","989.66","0.0","0.0","0.0","0.0","0.0","0.0","0.4","0.1","250.0","8.2","2.3","280.49","0.5","0.3","600.0","8.3","2.3","277.11","0.0","0.0","0.0","0.0","0.0","0.0","0.0","0.0","0.0","0.0","0.0","0.0","0.0","0.0","0.0","0.0","0.0","0.0","11.9","1.6","134.45","0.0","0.0","0.0","0.0","0.0","0.0","26.1","0.8","26.9","0.0","0.1","98.6"
"98","1984","7","Maharashtra","Ratnagiri","162.8","316.0","1941.03","0.0","0.0","0.0","0.0","0.0","0.0","0.0","0.0","0.0","0.0","0.0","0.0","0.0","0.0","0.0","0.2","0.2","1000.0","49.8","60.5","1214.86","0.0","0.0","0.0","0.0","0.0","0.0","0.4","0.2","500.0","7.5","1.8","240.0","2.2","2.3","1045.45","8.6","2.4","279.07","0.0","0.0","0.0","0.0","0.0","0.0","0.0","0.0","0.0","0.0","0.0","0.0","0.0","0.0","0.0","0.0","0.0","0.0","12.3","1.9","154.47","0.0","0.0","0.0","0.0","0.0","0.0","26.7","0.9","27.6","0.0","0.1","103.8"
"98","1985","7","Maharashtra","Ratnagiri","162.9","293.0","1798.65","0.0","0.0","0.0","0.0","0.0","0.0","0.0","0.0","0.0","0.0","0.0","0.0","0.0","0.0","0.0","0.1","0.1","1000.0","48.9","57.0","1165.64","0.0","0.0","0.0","0.0","0.0","0.0","0.4","0.2","500.0","7.2","2.1","291.67","2.7","2.5","925.93","7.8","1.7","217.95","0.0","0.0","0.0","0.0","0.0","0.0","0.0","0.0","0.0","0.0","0.0","0.0","0.4","0.2","500.0","0.0","0.0","0.0","19.2","3.7","192.71","0.0","0.0","0.0","0.0","0.0","0.0","26.7","0.8","27.5","0.0","0.0","103.8"
"98","1986","7","Maharashtra","Ratnagiri","157.0","228.0","1452.23","0.0","0.0","0.0","0.0","0.0","0.0","0.0","0.0","0.0","0.0","0.0","0.0","0.0","0.0","0.0","0.0","0.0","0.0","49.0","31.0","632.65","0.0","0.0","0.0","0.0","0.0","0.0","0.4","0.1","250.0","7.0","1.9","271.43","2.6","4.5","1730.77","7.8","1.9","243.59","0.0","0.0","0.0","0.0","0.0","0.0","0.0","0.0","0.0","0.0","0.0","0.0","0.2","0.0","0.0","0.0","0.0","0.0","19.1","7.3","382.2","0.0","0.0","0.0","0.0","0.0","0.0","27.5","1.2","28.7","0.0","0.1","98.4"
"98","1987","7","Maharashtra","Ratnagiri","159.0","306.0","1924.53","0.0","0.0","0.0","0.0","0.0","0.0","0.0","0.0","0.0","0.0","0.0","0.0","0.0","0.0","0.0","0.0","0.0","0.0","48.0","55.0","1145.83","0.0","0.0","0.0","0.0","0.0","0.0","0.4","0.1","250.0","7.6","2.6","342.11","3.5","5.6","1600.0","8.2","2.3","280.49","0.0","0.0","0.0","0.0","0.0","0.0","0.0","0.0","0.0","0.0","0.0","0.0","0.0","0.0","0.0","0.0","0.0","0.0","24.3","7.1","292.18","0.0","0.0","0.0","0.0","0.0","0.0","11.4","0.6","12.0","0.0","0.0","103.3"
"98","1988","7","Maharashtra","Ratnagiri","156.4","309.6","1979.54","0.0","0.0","0.0","0.0","0.0","0.0","0.0","0.0","0.0","0.0","0.0","0.0","0.0","0.0","0.0","0.2","0.2","1000.0","45.5","48.7","1070.33","0.0","0.0","0.0","0.0","0.0","0.0","0.6","0.4","666.67","9.3","3.7","397.85","4.2","8.9","2119.05","0.1","0.0","0.0","0.0","0.0","0.0","0.0","0.0","0.0","0.0","0.0","0.0","0.0","0.0","0.0","0.2","0.1","500.0","0.0","0.0","0.0","14.0","7.7","550.0","0.0","0.0","0.0","0.0","0.0","0.0","39.8","0.7","40.5","0.0","0.1","82.3"
"98","1989","7","Maharashtra","Ratnagiri","151.7","360.9","2379.04","0.0","0.0","0.0","0.0","0.0","0.0","0.0","0.0","0.0","0.0","0.0","0.0","0.0","0.0","0.0","0.3","0.3","1000.0","44.7","52.7","1178.97","0.0","0.0","0.0","0.0","0.0","0.0","0.6","0.5","833.33","8.8","3.9","443.18","4.9","9.9","2020.41","0.1","0.0","0.0","0.1","0.0","0.0","0.0","0.0","0.0","0.0","0.0","0.0","0.0","0.0","0.0","0.0","0.0","0.0","0.0","0.0","0.0","13.0","7.4","569.23","0.0","0.0","0.0","0.0","0.0","0.0","39.0","0.6","39.6","0.0","0.1","81.9"
"98","1990","7","Maharashtra","Ratnagiri","161.2","339.5","2106.08","0.0","0.0","0.0","0.0","0.0","0.0","0.0","0.0","0.0","0.0","0.0","0.0","0.0","0.0","0.0","0.1","0.1","1000.0","42.3","52.5","1241.13","0.0","0.0","0.0","0.0","0.0","0.0","0.7","0.4","571.43","6.6","2.7","409.09","4.5","11.2","2488.89","3.3","1.0","303.03","0.0","0.0","0.0","0.0","0.0","0.0","0.0","0.0","0.0","0.0","0.0","0.0","0.0","0.0","0.0","0.0","0.0","0.0","15.5","13.8","890.32","0.1","1.09","10900.0","0.0","0.0","0.0","45.2","0.9","46.1","0.0","0.1","82.8"
"98","1991","7","Maharashtra","Ratnagiri","160.0","342.3","2139.38","0.0","0.0","0.0","0.0","0.0","0.0","0.0","0.0","0.0","0.0","0.0","0.0","0.0","0.0","0.0","0.1","0.1","1000.0","42.5","51.5","1211.76","0.0","0.0","0.0","0.1","0.1","1000.0","0.4","0.2","500.0","10.6","2.7","254.72","4.6","9.1","1978.26","3.7","1.1","297.3","0.0","0.0","0.0","0.0","0.0","0.0","0.0","0.0","0.0","0.0","0.0","0.0","0.0","0.0","0.0","0.0","0.0","0.0","11.4","13.0","1140.35","0.1","1.09","10900.0","0.0","0.0","0.0","48.2","0.8","49.0","0.0","0.0","81.6"
"98","1992","7","Maharashtra","Ratnagiri","160.7","333.2","2073.43","0.0","0.0","0.0","0.0","0.0","0.0","0.0","0.0","0.0","0.0","0.0","0.0","0.0","0.0","0.0","0.1","0.1","1000.0","35.6","44.2","1241.57","0.0","0.0","0.0","0.0","0.0","0.0","0.6","0.5","833.33","13.5","4.6","340.74","5.3","11.2","2113.21","0.1","0.1","1000.0","0.0","0.0","0.0","0.0","0.0","0.0","0.0","0.0","0.0","0.0","0.0","0.0","0.0","0.0","0.0","0.0","0.0","0.0","11.1","12.7","1144.14","0.0","0.0","0.0","0.0","0.0","0.0","53.5","1.2","54.7","0.3","0.1","81.6"
"98","1993","7","Maharashtra","Ratnagiri","161.2","355.0","2202.23","0.0","0.0","0.0","0.0","0.0","0.0","0.0","0.0","0.0","0.0","0.0","0.0","0.0","0.0","0.0","0.2","0.2","1000.0","34.3","42.2","1230.32","0.0","0.0","0.0","0.0","0.0","0.0","0.8","0.7","875.0","14.3","6.4","447.55","5.9","12.5","2118.64","0.0","0.0","0.0","0.2","0.1","500.0","0.0","0.0","0.0","0.0","0.0","0.0","0.0","0.0","0.0","0.0","0.0","0.0","0.0","0.0","0.0","12.1","14.3","1181.82","0.0","0.0","0.0","0.0","0.0","0.0","69.6","1.1","70.7","0.0","0.1","78.2"
"98","1994","7","Maharashtra","Ratnagiri","162.8","371.1","2279.48","0.0","0.0","0.0","0.0","0.0","0.0","0.0","0.0","0.0","0.0","0.0","0.0","0.0","0.0","0.0","0.4","0.4","1000.0","30.8","42.7","1386.36","0.0","0.0","0.0","0.0","0.0","0.0","0.7","0.5","714.29","12.3","5.2","422.76","6.3","12.9","2047.62","0.3","0.1","333.33","0.1","0.0","0.0","0.0","0.0","0.0","0.0","0.0","0.0","0.0","0.0","0.0","0.0","0.0","0.0","0.0","0.0","0.0","12.2","14.5","1188.52","0.0","0.0","0.0","0.0","0.0","0.0","73.1","1.1","74.2","0.0","0.1","80.7"
"98","1995","7","Maharashtra","Ratnagiri","164.6","389.8","2368.17","0.0","0.0","0.0","0.0","0.0","0.0","0.0","0.0","0.0","0.0","0.0","0.0","0.0","0.0","0.0","0.0","0.0","0.0","26.3","34.8","1323.19","0.0","0.0","0.0","0.0","0.0","0.0","0.5","0.3","600.0","12.2","6.1","500.0","6.3","12.5","1984.13","0.8","0.3","375.0","0.0","0.0","0.0","0.0","0.0","0.0","0.0","0.0","0.0","0.0","0.0","0.0","0.0","0.0","0.0","0.0","0.0","0.0","12.2","13.9","1139.34","0.0","0.0","0.0","0.0","0.0","0.0","84.1","1.1","85.2","0.0","0.1","99.4"
"98","1996","7","Maharashtra","Ratnagiri","160.5","404.4","2519.63","0.0","0.0","0.0","0.0","0.0","0.0","0.0","0.0","0.0","0.0","0.0","0.0","0.0","0.0","0.0","0.0","0.0","0.0","24.0","29.6","1233.33","0.0","0.0","0.0","0.0","0.0","0.0","0.5","0.3","600.0","10.7","6.2","579.44","6.3","13.3","2111.11","2.4","0.9","375.0","0.0","0.0","0.0","0.0","0.0","0.0","0.0","0.0","0.0","0.0","0.0","0.0","0.0","0.0","0.0","0.0","0.0","0.0","8.4","14.2","1690.48","0.0","0.0","0.0","0.0","0.0","0.0","86.1","1.3","87.4","0.0","1.0","106.1"
"98","1997","7","Maharashtra","Ratnagiri","154.1","377.1","2447.11","0.0","0.0","0.0","0.0","0.0","0.0","0.0","0.0","0.0","0.0","0.0","0.0","0.0","0.0","0.0","0.0","0.0","0.0","23.6","26.8","1135.59","0.0","0.0","0.0","0.1","0.1","1000.0","0.5","0.2","400.0","4.8","2.5","520.83","4.0","6.6","1650.0","0.1","0.1","1000.0","0.0","0.0","0.0","0.0","0.0","0.0","0.0","0.0","0.0","0.0","0.0","0.0","0.0","0.0","0.0","0.0","0.0","0.0","17.7","9.9","559.32","0.1","1.75","17500.0","0.0","0.0","0.0","88.0","0.4","88.4","0.0","0.1","112.8"
"98","1998","7","Maharashtra","Ratnagiri","158.9","438.5","2759.6","0.0","0.0","0.0","0.0","0.0","0.0","0.0","0.0","0.0","0.0","0.0","0.0","0.0","0.0","0.0","0.2","0.2","1000.0","24.2","26.1","1078.51","0.0","0.0","0.0","0.1","0.1","1000.0","0.5","0.2","400.0","12.9","5.4","418.6","5.4","6.8","1259.26","0.2","0.1","500.0","0.2","0.0","0.0","0.0","0.0","0.0","0.0","0.0","0.0","0.0","0.0","0.0","0.0","0.0","0.0","0.0","0.0","0.0","7.6","7.4","973.68","0.0","0.0","0.0","0.0","0.0","0.0","65.1","1.2","66.3","0.0","0.0","141.7"
"98","1999","7","Maharashtra","Ratnagiri","159.8","374.1","2341.05","0.0","0.0","0.0","0.0","0.0","0.0","0.0","0.0","0.0","0.0","0.0","0.0","0.0","0.0","0.0","0.1","0.1","1000.0","23.0","26.3","1143.48","0.0","0.0","0.0","0.0","0.0","0.0","0.5","0.3","600.0","12.0","5.9","491.67","5.6","9.5","1696.43","0.2","0.1","500.0","0.1","0.0","0.0","0.0","0.0","0.0","0.0","0.0","0.0","0.0","0.0","0.0","0.0","0.0","0.0","0.0","0.0","0.0","7.8","8.6","1102.56","0.2","0.0","0.0","0.0","0.0","0.0","67.4","1.3","68.7","0.0","0.1","141.5"
"98","2000","7","Maharashtra","Ratnagiri","158.6","364.6","2298.87","0.0","0.0","0.0","0.0","0.0","0.0","0.0","0.0","0.0","0.0","0.0","0.0","0.0","0.0","0.0","0.1","0.1","1000.0","22.1","27.0","1221.72","0.0","0.0","0.0","0.0","0.0","0.0","0.5","0.2","400.0","13.4","5.3","395.52","5.4","9.5","1759.26","0.3","0.1","333.33","0.1","0.0","0.0","0.0","0.0","0.0","0.0","0.0","0.0","0.0","0.0","0.0","0.0","0.0","0.0","0.0","0.0","0.0","7.7","9.9","1285.71","0.0","0.0","0.0","0.0","0.0","0.0","87.9","0.3","88.2","0.3","0.0","142.7"
"98","2001","7","Maharashtra","Ratnagiri","157.3","407.6","2591.23","0.0","0.0","0.0","0.0","0.0","0.0","0.0","0.0","0.0","0.0","0.0","0.0","0.0","0.0","0.0","0.1","0.2","2000.0","21.4","26.5","1238.32","0.0","0.0","0.0","0.0","0.0","0.0","0.6","0.3","500.0","14.9","7.3","489.93","5.4","9.7","1796.3","0.3","0.2","666.67","0.0","0.0","0.0","0.0","0.0","0.0","0.0","0.0","0.0","0.0","0.0","0.0","0.0","0.0","0.0","0.0","0.0","0.0","7.8","10.7","1371.79","0.0","0.0","0.0","0.0","0.0","0.0","104.8","0.3","105.1","0.3","0.0","143.2"
"98","2002","7","Maharashtra","Ratnagiri","157.7","321.4","2038.05","0.0","0.0","0.0","0.0","0.0","0.0","0.0","0.0","0.0","0.0","0.0","0.0","0.0","0.0","0.0","0.2","0.2","1000.0","21.0","22.6","1076.19","0.0","0.0","0.0","0.0","0.0","0.0","0.6","0.3","500.0","12.9","5.3","410.85","5.2","10.7","2057.69","0.3","0.2","666.67","0.1","0.0","0.0","0.0","0.0","0.0","0.0","0.0","0.0","0.0","0.0","0.0","0.0","0.0","0.0","0.0","0.0","0.0","7.7","11.5","1493.51","0.0","0.0","0.0","0.0","0.0","0.0","117.9","0.2","118.1","0.2","0.0","143.2"
"98","2003","7","Maharashtra","Ratnagiri","158.4","484.5","3058.71","0.0","0.0","0.0","0.0","0.0","0.0","0.0","0.0","0.0","0.0","0.0","0.0","0.0","0.0","0.0","0.2","0.4","2000.0","20.8","33.0","1586.54","0.0","0.0","0.0","0.0","0.0","0.0","0.6","0.3","500.0","13.3","6.2","466.17","5.3","9.5","1792.45","0.3","0.2","666.67","0.1","0.0","0.0","0.0","0.0","0.0","0.0","0.0","0.0","0.0","0.0","0.0","0.0","0.0","0.0","0.0","0.0","0.0","7.9","10.6","1341.77","0.0","0.0","0.0","0.0","0.0","0.0","133.6","0.3","133.9","0.3","0.0","0.0"
"98","2004","7","Maharashtra","Ratnagiri","158.1","406.5","2571.16","0.0","0.0","0.0","0.0","0.0","0.0","0.0","0.0","0.0","0.0","0.0","0.0","0.0","0.0","0.0","0.2","0.2","1000.0","20.3","23.7","1167.49","0.0","0.0","0.0","0.0","0.0","0.0","0.6","0.3","500.0","13.1","6.28","479.39","5.3","9.6","1811.32","0.3","0.1","333.33","0.2","0.0","0.0","0.0","0.0","0.0","0.0","0.0","0.0","0.0","0.0","0.0","0.0","0.0","0.0","0.0","0.0","0.0","8.1","10.7","1320.99","0.0","0.0","0.0","0.0","0.0","0.0","137.3","0.3","137.6","0.3","0.0","0.0"
"98","2005","7","Maharashtra","Ratnagiri","155.9","419.4","2690.19","0.0","0.0","0.0","0.0","0.0","0.0","0.0","0.0","0.0","0.0","0.0","0.0","0.0","0.0","0.0","0.2","0.4","2000.0","21.1","25.1","1189.57","0.0","0.0","0.0","0.0","0.0","0.0","0.6","0.4","666.67","12.6","5.83","462.7","5.4","9.4","1740.74","0.4","0.3","750.0","0.2","0.2","1000.0","0.0","0.0","0.0","0.0","0.0","0.0","0.0","0.0","0.0","0.0","0.0","0.0","0.0","0.0","0.0","8.2","10.5","1280.49","0.0","0.0","0.0","0.0","0.0","0.0","140.7","0.6","141.3","0.3","0.0","0.0"
"98","2006","7","Maharashtra","Ratnagiri","156.8","440.4","2808.67","0.0","0.0","0.0","0.0","0.0","0.0","0.0","0.0","0.0","0.0","0.0","0.0","0.0","0.0","0.0","0.2","0.4","2000.0","20.8","24.1","1158.65","0.0","0.0","0.0","0.0","0.0","0.0","0.5","0.3","600.0","13.6","6.4","470.59","5.7","9.0","1578.95","0.3","0.2","666.67","0.2","0.0","0.0","0.0","0.0","0.0","0.0","0.0","0.0","0.0","0.0","0.0","0.0","0.0","0.0","0.0","0.0","0.0","8.2","9.7","1182.93","0.0","0.0","0.0","0.0","0.0","0.0","0.0","0.0","0.0","0.0","0.0","0.0"
"98","2007","7","Maharashtra","Ratnagiri","155.9","410.49","2633.03","0.0","0.0","0.0","0.0","0.0","0.0","0.0","0.0","0.0","0.0","0.0","0.0","0.0","0.0","0.0","0.2","0.6","3000.0","20.1","22.4","1114.43","0.0","0.0","0.0","0.0","0.0","0.0","0.6","0.5","833.33","13.4","6.12","456.72","5.9","10.53","1784.75","0.3","0.2","666.67","0.2","0.1","500.0","0.0","0.0","0.0","0.0","0.0","0.0","0.0","0.0","0.0","0.0","0.0","0.0","0.0","0.0","0.0","8.5","11.43","1344.71","0.0","0.0","0.0","0.0","0.0","0.0","0.0","0.0","0.0","0.0","0.0","0.0"
"98","2008","7","Maharashtra","Ratnagiri","156.0","417.1","2673.72","0.0","0.0","0.0","0.0","0.0","0.0","0.0","0.0","0.0","0.0","0.0","0.0","0.0","0.0","0.0","0.3","0.9","3000.0","20.6","26.1","1266.99","0.0","0.0","0.0","0.0","0.0","0.0","0.6","0.3","500.0","13.5","6.12","453.33","5.9","8.3","1406.78","0.3","0.2","666.67","0.2","0.08","400.0","0.0","0.0","0.0","0.0","0.0","0.0","0.0","0.0","0.0","0.0","0.0","0.0","0.0","0.0","0.0","8.6","9.28","1079.07","0.0","0.0","0.0","0.0","0.0","0.0","0.0","0.0","0.0","0.0","0.0","0.0"
"98","2009","7","Maharashtra","Ratnagiri","155.9","407.55","2614.18","0.0","0.0","0.0","0.0","0.0","0.0","0.0","0.0","0.0","0.0","0.0","0.0","0.0","0.0","0.0","0.3","0.9","3000.0","20.3","26.17","1289.16","0.0","0.0","0.0","0.0","0.0","0.0","0.6","0.5","833.33","13.9","6.55","471.22","5.8","8.54","1472.41","0.2","0.07","350.0","0.15","0.05","333.33","0.0","0.0","0.0","0.0","0.0","0.0","0.0","0.0","0.0","0.0","0.0","0.0","0.0","0.0","0.0","8.25","9.11","1104.24","0.0","0.0","0.0","0.0","0.0","0.0","0.0","0.0","0.0","0.0","0.0","0.0"
"98","2010","7","Maharashtra","Ratnagiri","156.0","430.11","2757.12","0.0","0.0","0.0","0.0","0.0","0.0","0.0","0.0","0.0","0.0","0.0","0.0","0.0","0.0","0.0","0.4","1.17","2925.0","20.16","24.18","1199.4","0.0","0.0","0.0","0.0","0.0","0.0","0.7","0.32","457.14","14.3","6.86","479.72","5.8","9.17","1581.03","0.2","0.1","500.0","0.0","0.0","0.0","0.0","0.0","0.0","0.0","0.0","0.0","0.0","0.0","0.0","0.1","0.0","0.0","0.0","0.0","0.0","8.68","9.71","1118.66","0.0","0.0","0.0","0.0","0.0","0.0","0.0","0.0","0.0","0.0","0.0","0.0"
"98","2011","7","Maharashtra","Ratnagiri","155.5","437.44","2813.12","0.0","0.0","0.0","0.0","0.0","0.0","0.0","0.0","0.0","0.0","0.0","0.0","0.0","0.0","0.0","0.1","0.28","2800.0","20.4","26.74","1310.78","0.0","0.0","0.0","0.0","0.0","0.0","0.7","0.44","628.57","13.6","7.54","554.41","5.1","8.08","1584.31","0.3","0.1","333.33","0.0","0.0","0.0","0.0","0.0","0.0","0.0","0.0","0.0","0.0","0.0","0.0","0.0","0.0","0.0","0.0","0.0","0.0","8.0","8.99","1123.75","0.0","0.0","0.0","0.0","0.0","0.0","80.65","0.43","81.08","0.0","0.0","0.0"
"98","2012","7","Maharashtra","Ratnagiri","150.7","428.18","2841.27","0.0","0.0","0.0","0.0","0.0","0.0","0.0","0.0","0.0","0.0","0.0","0.0","0.0","0.0","0.0","0.02","0.0","0.0","19.3","24.97","1293.78","0.0","0.0","0.0","0.0","0.0","0.0","0.5","0.07","140.0","6.28","3.84","611.46","4.21","6.68","1586.7","0.2","0.08","400.0","0.0","0.0","0.0","0.0","0.0","0.0","0.0","0.0","0.0","0.01","0.0","0.0","0.03","0.0","0.0","0.0","0.0","0.0","6.77","7.5","1107.83","0.0","0.0","0.0","0.0","0.0","0.0","111.23","3.08","114.31","0.0","0.06","0.0"
"98","2013","7","Maharashtra","Ratnagiri","148.9","451.6","3032.91","0.0","0.0","0.0","0.0","0.0","0.0","0.0","0.0","0.0","0.0","0.0","0.0","0.0","0.0","0.0","0.0","0.0","0.0","19.3","27.1","1404.15","0.0","0.0","0.0","0.0","0.0","0.0","0.1","0.1","1000.0","8.4","5.8","690.48","4.1","7.6","1853.66","0.2","0.0","0.0","0.0","0.0","0.0","0.0","0.0","0.0","0.0","0.0","0.0","0.0","0.0","0.0","0.0","0.0","0.0","0.0","0.0","0.0","2.4","3.34","1391.67","1.1","9.67","8790.91","0.0","0.0","0.0","0.0","0.0","0.0","0.0","0.0","0.0"
"98","2014","7","Maharashtra","Ratnagiri","142.5","448.3","3145.96","0.0","0.0","0.0","0.0","0.0","0.0","0.0","0.0","0.0","0.0","0.0","0.0","0.0","0.0","0.0","0.1","0.2","2000.0","18.5","25.2","1362.16","0.0","0.0","0.0","0.0","0.0","0.0","0.7","0.2","285.71","6.0","4.2","700.0","3.3","5.0","1515.15","0.0","0.0","0.0","0.0","0.0","0.0","0.0","0.0","0.0","0.0","0.0","0.0","0.0","0.0","0.0","0.0","0.0","0.0","0.0","0.0","0.0","3.6","5.1","1416.67","0.0","0.0","0.0","0.0","0.0","0.0","0.0","0.0","0.0","0.0","0.0","0.0"
"98","2015","7","Maharashtra","Ratnagiri","138.2","370.2","2678.73","0.0","0.0","0.0","0.0","0.0","0.0","0.0","0.0","0.0","0.0","0.0","0.0","0.0","0.0","0.0","0.15","0.2","1333.33","15.6","19.6","1256.41","0.0","0.0","0.0","0.02","0.01","500.0","1.5","0.6","400.0","7.5","5.1","680.0","2.91","4.41","1515.46","0.14","0.02","142.86","0.0","0.0","0.0","0.0","0.0","0.0","0.01","0.0","0.0","0.0","0.0","0.0","0.01","0.0","0.0","0.0","0.0","0.0","4.5","5.1","1133.33","1.4","10.83","7735.71","0.0","0.0","0.0","0.0","0.0","0.0","0.0","0.0","0.0"
"98","2016","7","Maharashtra","Ratnagiri","139.34","445.3","3195.78","0.0","0.0","0.0","0.0","0.0","0.0","0.0","0.0","0.0","0.0","0.0","0.0","0.0","0.0","0.0","0.06","0.2","3508.77","15.4","22.4","1454.55","0.0","0.0","0.0","0.0","0.0","0.0","0.89","0.73","818.59","7.06","4.81","681.16","1.5","2.17","1446.67","0.06","0.02","355.56","0.06","0.04","666.67","0.0","0.0","0.0","0.04","0.01","375.0","0.0","0.0","0.0","0.0","0.0","600.0","0.0","0.0","0.0","0.0","0.0","0.0","1.3","13.1","10046.01","0.0","0.0","0.0","0.0","0.0","0.0","0.0","0.0","0.0"
"98","2017","7","Maharashtra","Ratnagiri","139.25","430.7","3093.02","0.0","0.0","0.0","0.0","0.0","0.0","0.0","0.0","0.0","0.0","0.0","0.0","0.0","0.0","0.0","0.0","0.0","0.0","16.0","24.0","1500.0","0.0","0.0","0.0","0.0","0.0","0.0","0.0","0.0","0.0","7.16","4.53","632.4","1.37","2.64","1921.4","0.04","0.01","300.0","0.04","0.03","750.0","0.0","0.0","0.0","0.0","0.0","0.0","0.0","0.0","0.0","0.0","0.0","0.0","0.0","0.0","0.0","0.0","0.0","0.0","1.14","6.85","5998.25","0.0","0.0","0.0","0.0","0.0","0.0","0.0","0.0","0.0"
"99","1966","7","Maharashtra","Nasik","38.0","22.0","578.95","86.0","38.0","441.86","18.6","3.2","172.04","44.6","20.7","464.13","63.2","23.9","378.16","351.0","90.0","256.41","3.0","3.0","1000.0","49.0","27.0","551.02","0.0","0.0","0.0","19.0","6.0","315.79","6.0","4.0","666.67","211.7","25.5","120.45","59.0","27.0","457.63","0.6","0.2","333.33","0.2","0.1","500.0","1.13","-1.0","-1.0","0.0","0.0","0.0","0.5","0.2","400.0","0.0","0.0","0.0","0.0","0.0","0.0","177.3","27.5","155.1","8.4","54.2","6452.38","9.0","1.0","111.11","1.9","19.1","21.0","0.49","12.99","91.09"
"99","1967","7","Maharashtra","Nasik","36.0","38.0","1055.56","86.0","46.0","534.88","8.0","2.5","312.5","47.7","17.7","371.07","55.7","20.2","362.66","416.0","150.0","360.58","1.0","2.0","2000.0","46.0","24.0","521.74","0.0","0.0","0.0","21.0","7.0","333.33","6.0","4.0","666.67","213.6","26.0","121.72","45.0","30.0","666.67","0.4","0.1","250.0","0.2","0.1","500.0","2.74","-1.0","-1.0","0.0","0.0","0.0","0.3","0.1","333.33","0.0","0.0","0.0","0.0","0.0","0.0","118.7","30.3","255.27","8.1","53.0","6543.21","13.0","3.0","230.77","1.78","22.06","23.84","0.85","14.81","87.01"
"99","1968","7","Maharashtra","Nasik","34.0","34.0","1000.0","89.2","49.0","549.33","10.7","3.3","308.41","35.9","9.7","270.19","46.6","13.0","278.97","402.3","163.0","405.17","1.5","1.0","666.67","46.7","45.0","963.6","0.0","0.0","0.0","20.5","9.0","439.02","5.9","4.0","677.97","76.3","26.3","344.69","47.1","30.0","636.94","0.5","0.1","200.0","0.2","0.1","500.0","2.7","-1.0","-1.0","0.0","0.0","0.0","0.1","0.1","1000.0","0.0","0.0","0.0","0.0","0.0","0.0","73.0","30.3","415.07","13.0","122.8","9446.15","10.1","1.0","99.01","1.8","20.1","21.9","0.8","13.4","118.6"
"99","1969","7","Maharashtra","Nasik","34.0","23.9","702.94","79.3","40.0","504.41","8.6","5.3","616.28","15.4","2.7","175.32","24.0","8.0","333.33","381.9","146.8","384.39","1.5","1.2","800.0","45.6","18.5","405.7","0.0","0.0","0.0","16.0","4.7","293.75","5.3","3.4","641.51","86.9","29.1","334.87","44.0","22.3","506.82","0.5","0.1","200.0","0.2","0.1","500.0","2.3","-1.0","-1.0","0.0","0.0","0.0","0.1","0.0","0.0","0.0","0.0","0.0","0.0","0.0","0.0","68.4","22.5","328.95","15.1","159.6","10569.54","9.0","1.3","144.44","1.8","22.1","23.9","0.7","15.4","110.9"
"99","1970","7","Maharashtra","Nasik","34.8","36.2","1040.23","78.0","56.4","723.08","10.4","6.4","615.38","45.6","8.1","177.63","56.0","14.5","258.93","361.1","170.8","473.0","1.6","1.6","1000.0","44.0","37.0","840.91","0.0","0.0","0.0","16.2","6.2","382.72","5.1","3.5","686.27","77.6","27.3","351.8","42.8","36.5","852.8","0.5","0.2","400.0","0.2","0.1","500.0","1.0","-1.0","-1.0","0.0","0.0","0.0","0.1","0.0","0.0","0.0","0.0","0.0","0.0","0.0","0.0","66.8","36.8","550.9","14.3","140.3","9811.19","10.5","1.3","123.81","1.9","26.6","28.5","1.0","19.8","89.1"
"99","1971","7","Maharashtra","Nasik","34.7","29.9","861.67","94.4","43.0","455.51","6.9","1.8","260.87","38.2","5.6","146.6","45.1","7.4","164.08","260.2","43.7","167.95","1.8","1.7","944.44","38.6","33.9","878.24","0.0","0.0","0.0","19.1","5.1","267.02","4.8","3.0","625.0","62.4","16.8","269.23","46.5","25.0","537.63","0.4","0.1","250.0","0.2","0.1","500.0","2.7","-1.0","-1.0","0.0","0.0","0.0","0.1","0.0","0.0","0.0","0.0","0.0","0.0","0.0","0.0","73.3","25.2","343.79","13.9","121.1","8712.23","8.4","1.8","214.29","1.8","23.7","25.5","1.2","16.6","54.4"
"99","1972","7","Maharashtra","Nasik","36.4","5.3","145.6","52.9","15.0","283.55","7.6","1.8","236.84","21.9","2.1","95.89","29.5","3.9","132.2","325.0","40.3","124.0","1.6","0.7","437.5","41.0","9.3","226.83","0.0","0.0","0.0","13.1","2.1","160.31","4.5","1.7","377.78","64.8","7.9","121.91","49.5","8.9","179.8","0.3","0.1","333.33","0.1","0.1","1000.0","0.0","0.0","0.0","0.0","0.0","0.0","0.1","0.0","0.0","0.0","0.0","0.0","0.0","0.0","0.0","72.4","9.1","125.69","14.7","127.5","8673.47","7.7","1.8","233.77","1.8","22.4","24.2","0.8","15.3","63.5"
"99","1973","7","Maharashtra","Nasik","33.8","36.6","1082.84","87.4","61.9","708.24","6.4","3.2","500.0","33.3","21.5","645.65","39.7","24.7","622.17","384.9","170.7","443.49","1.8","2.3","1277.78","44.0","46.6","1059.09","0.0","0.0","0.0","19.7","8.6","436.55","6.0","5.1","850.0","90.4","32.2","356.19","48.8","48.5","993.85","0.4","0.1","250.0","0.2","0.1","500.0","1.0","0.5","500.0","0.0","0.0","0.0","0.1","0.0","0.0","0.0","0.0","0.0","0.0","0.0","0.0","75.2","49.2","654.26","14.3","128.5","8986.01","2.6","0.5","192.31","1.7","25.2","26.9","0.8","16.4","75.5"
"99","1974","7","Maharashtra","Nasik","33.8","36.3","1073.96","94.3","66.9","709.44","12.9","12.5","968.99","42.2","25.0","592.42","55.1","37.5","680.58","333.7","106.5","319.15","1.9","1.8","947.37","46.5","40.5","870.97","0.0","0.0","0.0","23.8","10.5","441.18","5.9","5.6","949.15","110.8","53.6","483.75","56.1","42.9","764.71","0.4","0.1","250.0","0.2","0.1","500.0","1.0","0.4","400.0","0.1","0.0","0.0","0.3","0.1","333.33","0.0","0.0","0.0","0.0","0.0","0.0","83.7","43.6","520.91","17.1","174.7","10216.37","6.1","1.5","245.9","2.3","29.5","31.8","1.1","20.3","60.8"
"99","1975","7","Maharashtra","Nasik","35.8","59.5","1662.01","108.4","93.7","864.39","16.9","34.4","2035.5","42.7","15.7","367.68","59.6","50.1","840.6","345.4","143.7","416.04","2.1","2.4","1142.86","48.2","47.6","987.55","0.0","0.0","0.0","21.0","8.2","390.48","6.8","5.5","808.82","96.0","43.5","453.13","54.7","56.0","1023.77","0.8","0.3","375.0","0.2","0.1","500.0","1.0","0.4","400.0","0.0","0.0","0.0","0.3","0.1","333.33","0.0","0.0","0.0","0.0","0.0","0.0","78.7","56.9","723.0","16.1","154.2","9577.64","2.3","0.8","347.83","2.5","26.9","29.4","0.9","18.1","60.8"
"99","1976","7","Maharashtra","Nasik","36.2","58.7","1621.55","119.5","97.1","812.55","40.5","72.1","1780.25","47.0","24.3","517.02","87.5","96.4","1101.71","332.1","152.7","459.8","2.0","3.0","1500.0","46.8","36.2","773.5","0.0","0.0","0.0","22.7","9.3","409.69","6.7","5.1","761.19","89.2","41.1","460.76","67.2","65.6","976.19","0.4","0.2","500.0","0.2","0.1","500.0","1.5","0.4","266.67","0.0","0.0","0.0","0.1","0.0","0.0","0.0","0.0","0.0","0.0","0.0","0.0","92.3","66.3","718.31","17.6","182.6","10375.0","3.5","0.4","114.29","2.7","24.1","26.8","0.2","15.0","83.3"
"99","1977","7","Maharashtra","Nasik","37.7","63.9","1694.96","113.2","81.4","719.08","26.7","37.2","1393.26","47.4","30.9","651.9","74.1","68.1","919.03","295.8","124.7","421.57","1.1","1.8","1636.36","50.0","30.4","608.0","0.0","0.0","0.0","23.6","7.2","305.08","7.4","5.3","716.22","81.5","35.3","433.13","67.0","45.7","682.09","0.6","0.2","333.33","0.2","0.1","500.0","1.0","0.3","300.0","0.0","0.0","0.0","1.0","0.2","200.0","0.0","0.0","0.0","0.0","0.0","0.0","88.0","46.5","528.41","26.9","281.3","10457.25","3.8","0.5","131.58","2.7","29.2","31.9","0.7","20.4","76.9"
"99","1978","7","Maharashtra","Nasik","41.0","53.5","1304.88","108.1","78.0","721.55","32.2","33.1","1027.95","57.2","24.9","435.31","89.4","58.0","648.77","301.5","115.2","382.09","1.4","2.1","1500.0","50.0","40.3","806.0","0.0","0.0","0.0","22.0","9.6","436.36","5.0","3.8","760.0","73.1","30.2","413.13","65.7","41.6","633.18","0.3","0.1","333.33","0.2","0.1","500.0","1.0","0.3","300.0","0.0","0.0","0.0","0.1","0.1","1000.0","0.0","0.0","0.0","0.0","0.0","0.0","87.5","42.2","482.29","24.0","233.8","9741.67","3.1","0.8","258.06","3.2","33.0","36.2","0.9","19.3","74.6"
"99","1979","7","Maharashtra","Nasik","39.8","54.3","1364.32","119.5","100.0","836.82","31.7","32.4","1022.08","61.5","30.2","491.06","93.2","62.6","671.67","347.2","154.3","444.41","1.0","2.7","2700.0","49.1","42.3","861.51","0.0","0.0","0.0","23.0","11.2","486.96","4.9","4.4","897.96","80.2","30.7","382.79","59.3","71.9","1212.48","0.4","0.1","250.0","0.1","0.1","1000.0","1.0","0.3","300.0","0.0","0.0","0.0","0.1","0.0","0.0","0.0","0.0","0.0","0.0","0.0","0.0","69.8","72.4","1037.25","17.1","179.6","10502.92","3.3","1.0","303.03","3.8","33.2","37.0","1.7","20.0","81.0"
"99","1980","7","Maharashtra","Nasik","40.6","45.2","1113.3","105.3","93.1","884.14","31.5","52.8","1676.19","54.4","21.5","395.22","85.9","74.3","864.96","347.8","190.8","548.59","1.0","2.7","2700.0","49.2","43.1","876.02","0.0","0.0","0.0","21.8","9.7","444.95","5.2","3.7","711.54","69.7","45.8","657.1","58.3","63.6","1090.91","0.4","0.1","250.0","0.2","0.1","500.0","0.8","0.4","500.0","0.0","0.0","0.0","0.1","0.0","0.0","0.0","0.0","0.0","0.0","0.0","0.0","74.4","42.9","576.61","19.7","213.8","10852.79","3.4","0.7","205.88","4.0","33.9","37.9","1.7","21.4","87.5"
"99","1981","7","Maharashtra","Nasik","39.7","57.8","1455.92","106.5","86.5","812.21","29.3","53.2","1815.7","56.5","25.1","444.25","85.8","78.3","912.59","362.6","165.5","456.43","1.0","2.7","2700.0","49.0","46.7","953.06","0.0","0.0","0.0","23.4","11.5","491.45","5.2","4.6","884.62","68.3","24.4","357.25","55.4","51.7","933.21","0.3","0.1","333.33","0.1","0.1","1000.0","0.8","0.4","500.0","0.0","0.0","0.0","0.0","0.0","0.0","0.2","0.1","500.0","0.0","0.0","0.0","69.6","37.2","534.48","19.3","212.4","11005.18","3.5","0.8","228.57","4.1","31.4","35.5","1.2","19.5","71.0"
"99","1982","7","Maharashtra","Nasik","38.8","41.2","1061.86","92.1","63.3","687.3","29.4","26.5","901.36","69.5","29.9","430.22","98.9","56.4","570.27","312.0","86.6","277.56","2.0","2.1","1050.0","48.0","47.1","981.25","0.0","0.0","0.0","22.2","9.6","432.43","4.8","4.0","833.33","63.9","26.0","406.89","58.6","47.1","803.75","0.4","0.1","250.0","0.3","0.2","666.67","1.0","0.5","500.0","0.0","0.0","0.0","0.0","0.0","0.0","0.1","0.0","0.0","0.0","0.0","0.0","70.1","21.7","309.56","19.7","208.0","10558.38","3.4","0.9","264.71","4.4","28.4","32.8","0.8","18.9","68.2"
"99","1983","7","Maharashtra","Nasik","40.0","54.7","1367.5","95.4","74.0","775.68","31.2","30.8","987.18","64.0","26.4","412.5","95.2","57.2","600.84","353.0","148.9","421.81","2.0","3.3","1650.0","48.6","56.7","1166.67","0.0","0.0","0.0","25.1","13.7","545.82","5.7","4.4","771.93","57.4","23.5","409.41","66.5","71.3","1072.18","0.4","0.1","250.0","0.4","0.2","500.0","1.0","0.5","500.0","0.0","0.0","0.0","0.2","0.0","0.0","0.2","0.1","500.0","0.0","0.0","0.0","62.0","32.3","520.97","23.3","215.5","9248.93","3.5","0.5","142.86","4.4","31.4","35.8","1.3","19.4","73.9"
"99","1984","7","Maharashtra","Nasik","40.5","45.4","1120.99","92.8","72.0","775.86","31.5","38.5","1222.22","67.0","23.4","349.25","98.5","61.9","628.43","358.2","87.7","244.84","1.7","2.1","1235.29","49.4","54.5","1103.24","0.0","0.0","0.0","29.4","12.2","414.97","5.7","4.7","824.56","57.4","18.5","322.3","51.2","36.4","710.94","1.0","0.3","300.0","0.2","0.1","500.0","1.1","0.7","636.36","0.0","0.0","0.0","0.2","0.0","0.0","0.5","0.2","400.0","0.0","0.0","0.0","60.2","38.9","646.18","23.2","252.0","10862.07","3.8","0.5","131.58","4.7","28.7","33.4","1.7","18.3","72.6"
"99","1985","7","Maharashtra","Nasik","39.6","29.9","755.05","85.0","55.7","655.29","28.4","20.7","728.87","62.9","16.4","260.73","91.3","37.1","406.35","345.0","63.1","182.9","2.1","2.1","1000.0","45.4","50.2","1105.73","0.0","0.0","0.0","32.6","10.9","334.36","5.6","3.9","696.43","58.7","17.9","304.94","34.6","13.6","393.06","1.0","0.2","200.0","0.3","0.1","333.33","0.8","0.3","375.0","0.0","0.0","0.0","0.0","0.0","0.0","0.0","0.0","0.0","0.0","0.0","0.0","58.7","21.4","364.57","20.4","185.3","9083.33","3.9","0.8","205.13","4.7","30.1","34.8","1.7","19.7","72.6"
"99","1986","7","Maharashtra","Nasik","39.0","21.0","538.46","67.7","44.6","658.79","28.7","17.9","623.69","56.3","8.8","156.31","85.0","26.7","314.12","341.0","66.0","193.55","4.0","3.0","750.0","47.0","24.0","510.64","0.0","0.0","0.0","34.0","9.0","264.71","6.0","4.0","666.67","63.2","19.4","306.96","34.0","17.2","505.88","0.9","0.2","222.22","1.0","0.2","200.0","0.7","0.5","714.29","0.0","0.0","0.0","0.0","0.0","0.0","0.9","0.4","444.44","0.0","0.0","0.0","55.9","19.0","339.89","20.1","173.6","8636.82","4.0","0.3","75.0","4.9","29.8","34.7","1.8","18.6","70.4"
"99","1987","7","Maharashtra","Nasik","36.0","31.0","861.11","76.0","64.0","842.11","28.3","27.9","985.87","59.4","28.4","478.11","87.7","56.3","641.96","362.0","186.0","513.81","7.0","6.0","857.14","44.0","32.0","727.27","0.0","0.0","0.0","37.0","13.0","351.35","6.0","4.0","666.67","57.7","19.5","337.95","34.0","25.0","735.29","0.9","0.5","555.56","0.0","0.0","0.0","1.4","1.0","714.29","0.0","0.0","0.0","0.0","0.0","0.0","0.9","0.4","444.44","0.0","0.0","0.0","64.8","37.8","583.33","26.3","228.0","8669.2","2.0","0.2","100.0","6.5","22.2","28.7","1.1","16.6","66.1"
"99","1988","7","Maharashtra","Nasik","37.3","46.9","1257.37","89.0","107.4","1206.74","25.6","40.8","1593.75","51.6","27.8","538.76","77.2","68.6","888.6","367.3","210.9","574.19","7.3","6.1","835.62","41.1","47.3","1150.85","0.0","0.0","0.0","41.7","28.4","681.06","7.0","5.3","757.14","67.3","25.2","374.44","46.6","40.6","871.24","0.3","0.1","333.33","0.0","0.0","0.0","0.7","0.5","714.29","0.0","0.0","0.0","0.0","0.0","0.0","3.7","1.1","297.3","0.0","0.0","0.0","71.9","49.5","688.46","24.8","246.5","9939.52","2.6","0.2","76.92","7.7","34.3","42.0","1.0","19.9","24.6"
"99","1989","7","Maharashtra","Nasik","38.8","39.1","1007.73","82.5","89.1","1080.0","25.5","36.9","1447.06","50.4","24.3","482.14","75.9","61.2","806.32","363.3","242.5","667.49","6.9","6.2","898.55","46.4","44.4","956.9","0.0","0.0","0.0","46.8","23.5","502.14","6.5","5.6","861.54","62.4","24.3","389.42","46.8","44.5","950.85","0.5","0.1","200.0","0.6","0.3","500.0","0.6","0.4","666.67","0.0","0.0","0.0","0.0","0.0","0.0","0.0","0.0","0.0","0.0","0.0","0.0","75.3","50.4","669.32","28.4","289.7","10200.7","0.5","0.1","200.0","9.5","40.7","50.2","0.6","23.9","33.0"
"99","1990","7","Maharashtra","Nasik","39.5","41.8","1058.23","88.8","90.9","1023.65","25.0","41.7","1668.0","56.1","30.1","536.54","81.1","71.8","885.33","371.6","236.0","635.09","10.0","8.6","860.0","47.1","44.7","949.04","0.0","0.0","0.0","50.0","24.5","490.0","7.5","5.8","773.33","58.7","27.4","466.78","50.0","41.2","824.0","0.2","0.1","500.0","0.2","0.1","500.0","1.3","0.8","615.38","0.0","0.0","0.0","0.1","0.0","0.0","1.0","0.5","500.0","1.6","1.5","937.5","76.4","53.4","698.95","29.8","333.01","11174.83","1.7","0.53","311.76","14.1","42.2","56.3","0.7","23.6","21.3"
"99","1991","7","Maharashtra","Nasik","41.5","31.9","768.67","68.9","57.7","837.45","22.1","22.8","1031.67","18.0","5.5","305.56","40.1","28.3","705.74","345.5","141.7","410.13","12.0","13.9","1158.33","47.7","30.3","635.22","0.0","0.0","0.0","39.2","17.6","448.98","8.5","4.3","505.88","54.7","11.0","201.1","52.5","27.4","521.9","0.0","0.0","0.0","0.2","0.1","500.0","0.1","0.1","1000.0","0.0","0.0","0.0","0.3","0.1","333.33","3.0","1.1","366.67","0.4","0.3","750.0","81.3","35.0","430.5","33.8","376.62","11142.6","0.7","0.12","171.43","17.6","44.5","62.1","1.7","27.0","68.0"
"99","1992","7","Maharashtra","Nasik","41.8","49.1","1174.64","60.6","75.8","1250.83","23.1","39.7","1718.61","17.1","9.6","561.4","40.2","49.3","1226.37","362.0","376.8","1040.88","16.1","14.8","919.25","45.7","41.9","916.85","0.0","0.0","0.0","46.6","22.3","478.54","8.6","7.7","895.35","56.1","22.8","406.42","44.0","48.4","1100.0","0.7","0.3","428.57","0.4","0.1","250.0","0.4","0.3","750.0","0.0","0.0","0.0","0.0","0.0","0.0","4.1","2.1","512.2","0.5","0.5","1000.0","70.2","56.5","804.84","28.8","250.86","8710.42","0.5","0.14","280.0","20.6","40.3","60.9","1.8","23.1","63.5"
"99","1993","7","Maharashtra","Nasik","46.1","57.9","1255.97","64.8","94.3","1455.25","24.8","27.9","1125.0","43.8","27.1","618.72","68.6","55.0","801.75","345.6","167.6","484.95","18.5","32.7","1767.57","41.4","40.4","975.85","0.0","0.0","0.0","52.1","29.8","571.98","9.5","8.4","884.21","52.0","24.2","465.38","45.6","38.1","835.53","0.3","0.1","333.33","0.7","0.3","428.57","0.5","0.3","600.0","0.1","0.0","0.0","0.0","0.0","0.0","3.0","1.8","600.0","1.7","2.3","1352.94","72.0","48.8","677.78","20.6","169.66","8235.92","0.3","0.09","300.0","23.2","39.9","63.1","1.6","21.3","59.3"
"99","1994","7","Maharashtra","Nasik","44.7","55.3","1237.14","72.8","120.1","1649.73","22.1","26.7","1208.14","31.0","17.5","564.52","53.1","44.2","832.39","363.6","290.5","798.95","16.1","18.7","1161.49","44.8","38.1","850.45","0.0","0.0","0.0","57.9","39.8","687.39","9.2","5.9","641.3","56.0","26.8","478.57","48.9","37.5","766.87","0.5","0.1","200.0","1.1","0.3","272.73","0.5","0.3","600.0","0.3","0.1","333.33","0.0","0.0","0.0","2.5","1.2","480.0","3.1","3.5","1129.03","75.7","47.9","632.76","30.9","285.59","9242.39","0.9","0.27","300.0","24.6","44.4","69.0","1.6","23.3","60.5"
"99","1995","7","Maharashtra","Nasik","38.7","37.0","956.07","61.9","82.7","1336.03","9.8","9.3","948.98","31.7","17.5","552.05","41.5","26.8","645.78","333.3","167.6","502.85","16.3","25.7","1576.69","45.0","37.1","824.44","0.0","0.0","0.0","48.8","25.1","514.34","8.0","0.4","50.0","46.9","22.9","488.27","40.0","29.0","725.0","0.1","0.1","1000.0","0.0","0.0","0.0","0.6","0.4","666.67","0.0","0.0","0.0","0.0","0.0","0.0","1.2","0.7","583.33","2.0","2.2","1100.0","66.1","37.6","568.84","30.5","264.52","8672.79","2.3","0.32","139.13","30.4","43.6","74.0","0.5","23.1","55.4"
"99","1996","7","Maharashtra","Nasik","42.0","60.5","1440.48","73.8","106.9","1448.51","18.6","28.0","1505.38","36.4","24.5","673.08","55.0","52.5","954.55","372.5","421.5","1131.54","17.9","26.8","1497.21","49.3","38.2","774.85","0.0","0.0","0.0","52.4","33.8","645.04","8.1","5.1","629.63","52.8","24.8","469.7","50.0","53.8","1076.0","0.6","0.3","500.0","0.0","0.0","0.0","0.7","0.5","714.29","0.0","0.0","0.0","0.2","0.1","500.0","1.6","1.0","625.0","1.9","2.6","1368.42","77.5","63.5","819.35","24.5","213.71","8722.86","2.8","0.65","232.14","30.0","48.2","78.2","0.5","26.0","51.5"
"99","1997","7","Maharashtra","Nasik","44.2","59.1","1337.1","69.9","90.3","1291.85","19.4","23.8","1226.8","34.1","21.8","639.3","53.5","45.6","852.34","337.2","211.6","627.52","16.8","25.1","1494.05","49.5","42.6","860.61","0.0","0.0","0.0","52.4","24.8","473.28","8.5","4.1","482.35","49.5","25.2","509.09","46.3","38.5","831.53","0.6","0.3","500.0","1.0","0.0","0.0","0.7","0.4","571.43","0.0","0.0","0.0","0.2","0.1","500.0","1.0","0.9","900.0","2.6","2.7","1038.46","73.5","52.9","719.73","12.4","117.12","9445.16","6.0","0.92","153.33","33.3","49.5","82.8","0.5","26.6","60.0"
"99","1998","7","Maharashtra","Nasik","45.6","57.2","1254.39","83.9","112.2","1337.31","15.5","23.1","1490.32","33.0","29.1","881.82","48.5","52.2","1076.29","387.5","403.3","1040.77","17.6","35.0","1988.64","45.0","39.7","882.22","0.0","0.0","0.0","60.3","39.7","658.37","9.3","4.3","462.37","54.3","27.3","502.76","45.7","46.5","1017.51","0.7","0.3","428.57","0.7","0.1","142.86","1.3","0.8","615.38","0.0","0.0","0.0","0.1","0.0","0.0","2.0","0.8","400.0","5.9","8.6","1457.63","77.6","62.9","810.57","23.7","213.83","9022.36","4.2","0.75","178.57","29.2","52.3","81.5","1.3","34.4","49.9"
"99","1999","7","Maharashtra","Nasik","47.8","57.2","1196.65","85.7","122.6","1430.57","14.2","15.1","1063.38","33.0","23.2","703.03","47.2","38.3","811.44","360.5","211.9","587.79","20.5","29.4","1434.15","45.1","40.4","895.79","0.1","0.1","1000.0","60.0","39.3","655.0","8.7","4.5","517.24","52.6","29.8","566.54","42.6","34.2","802.82","0.7","0.2","285.71","0.9","0.25","277.78","0.8","0.4","500.0","0.2","0.1","500.0","0.1","0.03","300.0","1.6","0.7","437.5","8.3","13.3","1602.41","75.4","56.37","747.61","23.9","200.57","8392.05","5.8","1.65","284.48","33.6","57.1","90.7","1.4","34.0","47.9"
"99","2000","7","Maharashtra","Nasik","45.6","39.8","872.81","39.4","44.5","1129.44","12.5","10.4","832.0","15.2","8.0","526.32","27.7","18.4","664.26","346.5","186.9","539.39","22.6","14.8","654.87","44.8","21.5","479.91","0.0","0.0","0.0","24.2","10.9","450.41","8.6","3.0","348.84","57.3","22.8","397.91","37.7","22.3","591.51","0.7","0.2","285.71","0.2","0.1","500.0","0.7","0.3","428.57","1.8","0.4","222.22","0.0","0.0","0.0","1.4","0.8","571.43","7.5","8.8","1173.33","69.8","36.6","524.36","25.1","228.45","9101.59","5.7","0.97","170.18","17.6","40.4","58.0","1.3","38.9","49.8"
"99","2001","7","Maharashtra","Nasik","46.6","56.3","1208.15","36.8","48.9","1328.8","12.0","10.7","891.67","19.1","10.3","539.27","31.1","21.0","675.24","324.2","179.9","554.9","28.9","64.9","2245.67","44.9","46.5","1035.63","0.0","0.0","0.0","28.2","14.0","496.45","8.9","3.8","426.97","39.3","20.7","526.72","36.1","24.1","667.59","0.6","0.2","333.33","0.5","0.1","200.0","0.7","0.3","428.57","0.6","0.2","333.33","0.0","0.0","0.0","1.4","0.5","357.14","5.5","10.0","1818.18","65.6","42.44","646.95","23.6","184.69","7825.85","6.2","0.66","106.45","17.6","18.2","35.8","1.0","17.1","50.5"
"99","2002","7","Maharashtra","Nasik","49.1","43.9","894.09","35.0","49.5","1414.29","9.2","11.2","1217.39","10.1","5.3","524.75","19.3","16.5","854.92","320.3","258.5","807.06","33.5","87.5","2611.94","42.0","25.7","611.9","0.0","0.0","0.0","31.2","17.3","554.49","9.0","6.8","755.56","45.5","29.4","646.15","36.4","34.8","956.04","0.7","0.3","428.57","0.2","0.1","500.0","0.4","0.1","250.0","18.9","4.3","227.51","0.0","0.0","0.0","1.1","0.4","363.64","7.5","7.9","1053.33","81.8","52.65","643.64","23.3","165.3","7094.42","5.4","1.14","211.11","17.5","33.2","50.7","0.9","32.2","50.7"
"99","2003","7","Maharashtra","Nasik","50.6","66.3","1310.28","35.5","41.3","1163.38","6.9","4.6","666.67","9.6","4.4","458.33","16.5","9.0","545.45","316.8","196.7","620.9","37.4","90.6","2422.46","41.9","39.3","937.95","0.0","0.0","0.0","30.6","16.4","535.95","8.5","3.5","411.76","44.8","23.0","513.39","37.5","28.3","754.67","0.7","0.3","428.57","0.2","0.1","500.0","0.2","0.1","500.0","0.0","0.0","0.0","0.0","0.0","0.0","0.9","0.3","333.33","8.9","20.0","2247.19","81.7","58.36","714.32","20.4","115.94","5683.33","7.2","0.8","111.11","25.0","61.8","86.8","1.0","60.6","0.0"
"99","2004","7","Maharashtra","Nasik","50.8","70.2","1381.89","55.6","81.3","1462.23","6.5","8.0","1230.77","10.5","5.5","523.81","17.0","13.5","794.12","315.2","244.5","775.7","40.3","87.47","2170.47","41.4","40.2","971.01","0.0","0.0","0.0","39.1","24.5","626.6","9.2","6.5","706.52","41.7","29.93","717.75","37.4","32.1","858.29","0.7","0.2","285.71","0.3","0.1","333.33","0.1","0.1","1000.0","0.0","0.0","0.0","0.0","0.0","0.0","0.7","0.4","571.43","20.3","37.4","1842.36","77.8","77.28","993.32","12.1","67.29","5561.16","14.1","3.4","241.13","25.9","78.5","104.4","1.1","77.19","0.0"
"99","2005","7","Maharashtra","Nasik","50.3","58.7","1167.0","70.6","116.6","1651.56","3.7","3.5","945.95","12.8","7.5","585.94","16.5","11.0","666.67","282.9","215.9","763.17","54.9","111.4","2029.14","35.6","31.9","896.07","0.0","0.0","0.0","42.2","29.5","699.05","9.5","6.9","726.32","43.3","24.92","575.52","34.2","30.0","877.19","0.2","0.1","500.0","0.4","0.08","200.0","0.2","0.1","500.0","0.0","0.0","0.0","0.0","0.0","0.0","0.5","0.3","600.0","23.3","46.6","2000.0","78.4","82.15","1047.83","14.3","72.95","5101.4","17.4","5.88","337.93","35.5","40.4","75.9","1.0","37.92","0.0"
"99","2006","7","Maharashtra","Nasik","49.0","49.6","1012.24","84.1","137.7","1637.34","2.5","2.0","800.0","12.0","8.4","700.0","14.5","10.4","717.24","258.5","187.3","724.56","91.3","146.94","1609.42","36.0","27.4","761.11","0.0","0.0","0.0","48.2","32.1","665.98","9.7","7.4","762.89","41.4","24.36","588.41","37.8","27.6","730.16","0.2","0.1","500.0","0.2","0.14","700.0","0.2","0.1","500.0","1.1","0.22","200.0","0.0","0.0","0.0","0.5","0.3","600.0","31.5","47.3","1501.59","88.5","79.86","902.37","28.5","195.99","6876.84","34.3","8.33","242.86","0.0","0.0","0.0","0.0","111.25","0.0"
"99","2007","7","Maharashtra","Nasik","50.6","68.4","1351.78","79.0","149.0","1886.08","1.8","1.39","772.22","8.5","5.0","588.24","10.3","6.39","620.39","220.5","241.85","1096.83","101.7","293.31","2884.07","33.0","25.98","787.27","0.0","0.0","0.0","41.4","31.0","748.79","10.5","7.5","714.29","47.1","29.09","617.62","37.4","35.43","947.33","0.1","0.1","1000.0","0.2","0.15","750.0","0.1","0.09","900.0","0.8","0.2","250.0","0.0","0.0","0.0","0.6","0.4","666.67","36.2","55.2","1524.86","93.0","96.47","1037.31","50.2","430.63","8578.29","39.3","12.94","329.26","0.0","0.0","0.0","0.0","81.13","0.0"
"99","2008","7","Maharashtra","Nasik","51.2","65.8","1285.16","71.9","115.9","1611.96","1.1","1.4","1272.73","8.9","5.2","584.27","10.0","6.6","660.0","197.9","191.0","965.13","104.1","299.96","2881.46","32.7","29.0","886.85","0.0","0.0","0.0","34.5","20.2","585.51","7.6","4.5","592.11","42.3","23.89","564.78","29.9","27.8","929.77","0.1","0.1","1000.0","0.2","0.05","250.0","0.0","0.0","0.0","0.0","0.0","0.0","0.0","0.0","0.0","0.3","0.2","666.67","39.7","51.1","1287.15","87.7","84.47","963.17","38.3","267.44","6982.77","28.0","6.17","220.36","0.0","0.0","0.0","0.0","0.0","0.0"
"99","2009","7","Maharashtra","Nasik","48.1","18.84","391.68","73.0","117.92","1615.34","0.6","0.42","700.0","9.5","7.07","744.21","10.1","7.49","741.58","171.9","129.53","753.52","144.3","327.04","2266.39","27.9","13.03","467.03","0.0","0.0","0.0","39.3","27.53","700.51","9.4","3.95","420.21","36.26","17.37","479.04","24.8","18.72","754.84","0.1","0.02","200.0","0.1","0.05","500.0","0.0","0.0","0.0","1.0","0.3","300.0","0.0","0.0","0.0","0.3","0.13","433.33","55.1","65.41","1187.11","95.2","87.64","920.59","31.1","226.81","7292.93","46.4","11.77","253.66","0.0","0.0","0.0","0.0","0.0","0.0"
"99","2010","7","Maharashtra","Nasik","59.1","24.03","406.6","75.3","143.7","1908.37","1.8","2.1","1166.67","13.5","9.54","706.67","15.3","11.64","760.78","171.2","216.3","1263.43","169.4","548.12","3235.66","27.5","12.25","445.45","0.0","0.0","0.0","40.6","31.15","767.24","10.1","6.24","617.82","38.2","25.37","664.14","34.26","29.53","861.94","0.0","0.0","0.0","0.0","0.0","0.0","0.0","0.0","0.0","3.4","1.19","350.0","0.0","0.0","0.0","0.3","0.08","266.67","56.9","80.9","1421.79","107.36","113.66","1058.68","25.7","198.92","7740.08","50.5","17.1","338.61","0.0","0.0","0.0","0.0","0.0","0.0"
"99","2011","7","Maharashtra","Nasik","62.9","77.8","1236.88","52.4","102.6","1958.02","5.9","7.85","1330.51","7.0","4.98","711.43","12.9","12.83","994.57","165.9","170.09","1025.26","176.0","557.97","3170.28","40.0","36.32","908.0","0.0","0.0","0.0","37.9","26.98","711.87","10.9","8.26","757.8","37.6","29.42","782.45","28.8","29.61","1028.13","0.1","0.05","500.0","0.0","0.0","0.0","0.0","0.0","0.0","4.4","1.98","450.0","0.0","0.0","0.0","0.1","0.05","500.0","58.6","81.54","1391.47","107.8","118.22","1096.66","24.6","186.12","7565.85","47.0","16.4","348.94","97.43","143.56","240.99","0.0","131.35","0.0"
"99","2012","7","Maharashtra","Nasik","67.9","80.79","1189.84","32.4","53.17","1641.05","6.8","12.84","1888.24","3.0","2.44","813.33","9.8","15.28","1559.18","154.8","124.85","806.52","169.06","497.88","2944.99","35.9","35.36","984.96","0.0","0.0","0.0","25.6","17.59","687.11","9.5","6.03","634.74","38.99","29.04","744.81","30.24","26.38","872.35","0.14","0.06","428.57","0.0","0.0","0.0","0.03","0.0","0.0","2.5","0.68","272.0","0.0","0.0","0.0","0.11","0.03","272.73","56.0","87.31","1559.11","110.82","121.53","1096.64","24.6","186.39","7576.83","45.7","13.05","285.56","5.44","75.96","81.41","0.51","6.4","0.0"
"99","2013","7","Maharashtra","Nasik","72.6","93.3","1285.12","65.9","111.9","1698.03","6.7","13.3","1985.07","8.4","5.5","654.76","15.1","18.8","1245.03","149.6","167.5","1119.65","146.2","562.9","3850.21","35.9","33.8","941.5","0.0","0.0","0.0","40.0","26.22","655.5","10.1","7.1","702.97","31.4","34.78","1107.64","33.5","34.74","1037.01","0.1","0.0","0.0","0.0","0.0","0.0","0.1","0.0","0.0","0.6","0.2","333.33","0.0","0.0","0.0","0.1","0.1","1000.0","52.4","82.7","1578.24","87.1","128.0","1469.58","21.0","178.65","8507.14","46.0","18.14","394.35","0.0","0.0","0.0","0.0","0.0","0.0"
"99","2014","7","Maharashtra","Nasik","71.2","86.7","1217.7","72.4","111.2","1535.91","0.0","0.0","0.0","5.1","3.7","725.49","5.1","3.7","725.49","152.7","108.9","713.16","120.0","322.9","2690.83","28.5","19.0","666.67","0.0","0.0","0.0","40.9","28.5","696.82","5.7","1.5","263.16","15.7","8.1","515.92","20.0","20.3","1015.0","0.0","0.0","0.0","0.0","0.0","0.0","0.1","0.1","1000.0","0.9","0.2","222.22","0.0","0.0","0.0","0.1","0.0","0.0","59.8","85.0","1421.4","83.4","105.9","1269.78","16.8","138.42","8239.29","46.0","8.05","175.0","0.0","0.0","0.0","0.0","0.0","0.0"
"99","2015","7","Maharashtra","Nasik","69.6","101.1","1452.59","60.0","81.1","1351.67","0.8","0.7","875.0","5.8","3.4","586.21","6.6","4.1","621.21","151.2","86.6","572.75","144.7","347.8","2403.59","25.5","19.4","760.78","0.0","0.0","0.0","39.9","26.63","667.42","5.9","1.7","288.14","17.0","6.2","364.71","19.7","18.2","923.86","0.01","0.0","0.0","0.0","0.0","0.0","0.01","0.0","0.0","0.9","0.2","222.22","0.0","0.0","0.0","0.11","0.01","90.91","59.8","69.6","1163.88","83.2","88.53","1064.06","19.0","153.12","8058.95","43.3","4.84","111.78","0.0","0.0","0.0","0.0","0.0","0.0"
"99","2016","7","Maharashtra","Nasik","71.9","145.8","2027.82","79.2","177.6","2242.42","1.1","2.1","1909.09","6.4","3.9","609.38","7.5","6.0","800.0","156.0","249.3","1598.08","152.0","700.4","4607.89","25.5","23.4","917.65","0.0","0.0","0.0","59.6","42.5","713.09","7.44","5.67","762.81","20.06","10.01","499.13","22.6","37.21","1646.46","0.02","0.01","375.0","0.1","0.0","0.0","0.0","0.0","0.0","0.9","0.3","333.33","0.0","0.0","500.0","0.05","0.02","407.41","68.7","103.0","1499.27","0.0","0.0","0.0","11.22","96.62","8614.48","46.7","28.53","610.92","0.0","0.0","0.0","0.0","0.0","0.0"
"99","2017","7","Maharashtra","Nasik","72.5","153.6","2118.62","112.46","223.6","1988.3","0.8","1.1","1375.0","5.8","3.9","672.41","6.6","5.0","757.58","136.5","199.9","1464.47","163.58","770.1","4707.67","26.0","19.0","730.77","0.0","0.0","0.0","72.5","61.7","851.03","7.6","6.2","815.79","20.69","13.2","637.77","24.33","33.52","1377.89","0.03","0.01","303.03","0.1","0.1","1000.0","0.0","0.0","0.0","0.3","0.1","333.33","0.0","0.0","0.0","0.04","0.02","534.88","67.5","137.6","2038.61","0.0","0.0","0.0","11.86","98.86","8332.07","65.4","25.94","396.61","0.0","0.0","0.0","0.0","0.0","0.0"
"100","1966","7","Maharashtra","Dhule","30.0","10.0","333.33","40.0","18.0","450.0","53.1","17.8","335.22","100.6","52.1","517.89","153.7","69.9","454.78","140.0","35.0","250.0","4.0","4.0","1000.0","8.0","5.0","625.0","0.0","0.0","0.0","5.0","1.0","200.0","8.0","6.0","750.0","224.6","14.2","63.22","122.0","43.0","352.46","6.2","1.8","290.32","0.1","0.0","0.0","0.0","-1.0","0.0","0.4","0.1","250.0","0.1","0.0","0.0","0.0","0.0","0.0","0.0","0.0","0.0","291.6","44.9","153.98","1.6","11.3","7062.5","73.0","5.0","68.49","1.5","2.31","3.8","0.0","1.01","2.59"
"100","1967","7","Maharashtra","Dhule","21.0","12.0","571.43","44.0","31.0","704.55","58.9","22.9","388.79","81.7","48.7","596.08","140.6","71.6","509.25","180.0","69.0","383.33","5.0","3.0","600.0","5.0","2.0","400.0","0.0","0.0","0.0","8.0","3.0","375.0","8.0","5.0","625.0","245.3","23.4","95.39","91.0","65.0","714.29","9.0","2.0","222.22","0.0","0.0","0.0","41.13","-1.0","-1.0","0.4","0.1","250.0","0.0","0.0","0.0","0.0","0.0","0.0","0.0","0.0","0.0","258.7","67.1","259.37","1.9","14.4","7578.95","90.0","8.0","88.89","1.94","2.27","4.21","0.0","1.05","2.55"
"100","1968","7","Maharashtra","Dhule","19.8","6.0","303.03","42.5","35.0","823.53","44.2","17.2","389.14","84.1","55.8","663.5","128.3","73.0","568.98","169.0","79.0","467.46","5.1","2.0","392.16","6.9","7.0","1014.49","0.0","0.0","0.0","9.1","4.0","439.56","6.8","4.0","588.24","115.8","29.0","250.43","111.6","59.0","528.67","4.0","1.1","275.0","0.0","0.0","0.0","0.3","-1.0","-1.0","0.3","0.1","333.33","0.1","0.0","0.0","0.0","0.0","0.0","0.0","0.0","0.0","120.4","60.2","500.0","3.5","31.2","8914.29","71.3","7.0","98.18","1.6","2.5","4.1","0.0","1.1","2.6"
"100","1969","7","Maharashtra","Dhule","17.9","7.3","407.82","49.0","37.3","761.22","42.9","29.7","692.31","73.1","33.3","455.54","116.0","63.0","543.1","166.7","81.1","486.5","4.2","2.6","619.05","10.3","4.1","398.06","0.0","0.0","0.0","8.5","2.6","305.88","7.0","4.4","628.57","111.0","25.8","232.43","100.3","63.0","628.12","3.7","0.7","189.19","0.0","0.0","0.0","0.3","-1.0","-1.0","0.2","0.1","500.0","0.1","0.0","0.0","0.0","0.0","0.0","0.0","0.0","0.0","104.9","63.8","608.2","4.1","31.7","7731.71","75.1","6.7","89.21","1.9","2.4","4.3","0.0","1.1","1.6"
"100","1970","7","Maharashtra","Dhule","19.2","10.2","531.25","50.4","49.5","982.14","46.2","32.0","692.64","73.1","29.5","403.56","119.3","61.5","515.51","162.6","93.7","576.26","4.0","3.3","825.0","8.6","7.0","813.95","0.0","0.0","0.0","8.3","3.2","385.54","6.8","4.1","602.94","109.6","29.6","270.07","110.0","80.8","734.55","4.1","1.5","365.85","0.0","0.0","0.0","0.0","-1.0","0.0","0.2","0.1","500.0","0.1","0.0","0.0","0.0","0.0","0.0","0.0","0.0","0.0","119.0","82.4","692.44","3.1","27.1","8741.94","64.3","4.1","63.76","2.0","3.1","5.1","0.0","1.7","12.4"
"100","1971","7","Maharashtra","Dhule","21.9","9.2","420.09","45.7","37.0","809.63","34.5","10.3","298.55","90.0","26.5","294.44","124.5","36.8","295.58","156.0","45.8","293.59","4.2","1.7","404.76","9.1","8.0","879.12","0.0","0.0","0.0","7.7","2.3","298.7","6.7","4.2","626.87","91.7","21.8","237.73","116.3","52.9","454.86","6.4","1.3","203.13","0.2","0.1","500.0","0.0","-1.0","0.0","0.2","0.1","500.0","0.0","0.0","0.0","0.0","0.0","0.0","0.0","0.0","0.0","127.9","54.4","425.33","3.2","22.1","6906.25","71.1","9.0","126.58","1.4","3.5","4.9","0.0","1.9","8.7"
"100","1972","7","Maharashtra","Dhule","21.8","5.3","243.12","33.0","14.4","436.36","47.6","13.3","279.41","61.1","18.8","307.69","108.7","32.1","295.31","167.2","32.9","196.77","5.0","1.7","340.0","11.5","2.8","243.48","0.0","0.0","0.0","5.0","1.6","320.0","6.8","2.5","367.65","79.6","9.9","124.37","102.8","23.0","223.74","4.0","0.9","225.0","0.1","0.0","0.0","1.0","0.2","200.0","0.2","0.1","500.0","0.0","0.0","0.0","0.0","0.0","0.0","0.0","0.0","0.0","111.5","24.2","217.04","5.7","45.3","7947.37","72.8","7.2","98.9","1.4","2.6","4.0","0.0","1.6","13.5"
"100","1973","7","Maharashtra","Dhule","21.4","11.1","518.69","45.0","42.5","944.44","51.5","29.0","563.11","67.6","46.9","693.79","119.1","75.9","637.28","171.1","107.6","628.87","6.3","3.5","555.56","8.8","8.8","1000.0","0.0","0.0","0.0","9.6","4.8","500.0","8.2","7.4","902.44","112.8","28.8","255.32","83.4","69.0","827.34","6.5","2.4","369.23","0.1","0.0","0.0","3.0","1.2","400.0","0.2","0.1","500.0","0.0","0.0","0.0","0.0","0.0","0.0","0.0","0.0","0.0","95.3","72.7","762.85","10.3","82.6","8019.42","62.9","7.8","124.01","1.4","3.7","5.1","0.0","2.3","12.9"
"100","1974","7","Maharashtra","Dhule","20.1","9.1","452.74","44.7","40.8","912.75","55.2","49.2","891.3","72.4","42.4","585.64","127.6","91.6","717.87","136.7","65.2","476.96","7.7","4.1","532.47","9.4","10.5","1117.02","0.0","0.0","0.0","10.7","4.5","420.56","8.7","8.3","954.02","115.4","45.9","397.75","101.7","65.9","647.98","9.1","2.6","285.71","0.1","0.0","0.0","3.0","1.2","400.0","0.4","0.1","250.0","0.0","0.0","0.0","0.0","0.0","0.0","0.0","0.0","0.0","116.9","69.8","597.09","10.4","90.8","8730.77","66.3","11.4","171.95","1.3","4.4","5.7","0.0","3.0","11.3"
"100","1975","7","Maharashtra","Dhule","20.9","14.2","679.43","47.4","60.9","1284.81","65.6","77.8","1185.98","75.2","51.1","679.52","140.8","128.9","915.48","146.2","77.9","532.83","9.6","11.3","1177.08","8.8","8.3","943.18","0.0","0.0","0.0","9.1","4.0","439.56","10.2","8.6","843.14","111.0","39.1","352.25","113.6","97.9","861.8","9.2","3.3","358.7","0.1","0.1","1000.0","3.0","1.2","400.0","0.3","0.1","333.33","0.1","0.0","0.0","0.0","0.0","0.0","0.0","0.0","0.0","127.8","102.6","802.82","7.0","58.1","8300.0","56.7","7.4","130.51","1.3","3.9","5.2","0.0","2.5","7.1"
"100","1976","7","Maharashtra","Dhule","22.0","16.3","740.91","53.0","52.9","998.11","75.1","85.7","1141.15","80.7","60.8","753.41","155.8","146.5","940.31","142.4","100.3","704.35","9.5","14.2","1494.74","9.3","6.7","720.43","0.0","0.0","0.0","10.9","4.2","385.32","10.5","6.4","609.52","108.3","37.7","348.11","116.5","104.2","894.42","11.6","2.6","224.14","0.0","0.0","0.0","0.0","0.0","0.0","0.1","0.1","1000.0","0.1","0.0","0.0","0.0","0.0","0.0","0.0","0.0","0.0","133.3","106.9","801.95","10.6","81.7","7707.55","52.8","5.2","98.48","1.3","4.4","5.7","0.1","3.0","4.6"
"100","1977","7","Maharashtra","Dhule","25.5","26.1","1023.53","54.6","49.3","902.93","83.5","85.8","1027.54","77.7","52.0","669.24","161.2","137.8","854.84","139.3","79.6","571.43","6.8","10.5","1544.12","9.2","5.6","608.7","0.0","0.0","0.0","10.1","4.1","405.94","9.8","6.2","632.65","109.9","30.3","275.71","111.1","67.0","603.06","11.4","3.5","307.02","0.0","0.0","0.0","0.0","0.0","0.0","0.2","0.1","500.0","0.1","0.1","1000.0","0.0","0.0","0.0","0.0","0.0","0.0","126.2","70.7","560.22","8.9","103.9","11674.16","51.1","6.1","119.37","1.7","4.4","6.1","0.1","3.1","4.1"
"100","1978","7","Maharashtra","Dhule","27.3","23.8","871.79","46.2","41.6","900.43","83.6","65.3","781.1","84.8","62.2","733.49","168.4","127.5","757.13","126.0","64.6","512.7","8.7","13.9","1597.7","10.0","11.1","1110.0","0.0","0.0","0.0","9.9","4.1","414.14","10.8","9.7","898.15","110.5","35.0","316.74","97.6","38.2","391.39","9.5","1.8","189.47","0.0","0.0","0.0","0.0","0.0","0.0","0.1","0.1","1000.0","0.1","0.0","0.0","0.0","0.0","0.0","0.0","0.0","0.0","111.6","40.1","359.32","11.3","84.2","7451.33","57.6","7.2","125.0","2.3","4.8","7.1","0.0","3.7","3.8"
"100","1979","7","Maharashtra","Dhule","25.4","16.8","661.42","52.7","53.0","1005.69","92.7","76.7","827.4","89.6","70.7","789.06","182.3","147.4","808.56","122.3","88.2","721.18","9.0","11.1","1233.33","10.0","9.1","910.0","0.0","0.0","0.0","10.4","4.8","461.54","10.9","10.3","944.95","110.5","26.7","241.63","88.0","66.0","750.0","12.2","1.9","155.74","0.1","0.1","1000.0","0.0","0.0","0.0","0.4","0.2","500.0","0.1","0.1","1000.0","0.0","0.0","0.0","0.0","0.0","0.0","105.3","68.3","648.62","8.0","64.7","8087.5","62.0","8.8","141.94","2.3","4.7","7.0","0.0","3.7","4.4"
"100","1980","7","Maharashtra","Dhule","24.8","18.2","733.87","44.2","44.2","1000.0","89.5","91.9","1026.82","80.2","41.6","518.7","169.7","133.5","786.68","126.5","80.2","633.99","7.0","13.3","1900.0","9.8","9.7","989.8","0.0","0.0","0.0","9.8","4.1","418.37","11.5","7.2","626.09","110.1","20.4","185.29","86.6","58.4","674.36","11.4","1.4","122.81","0.1","0.1","1000.0","0.0","0.0","0.0","0.3","0.1","333.33","0.1","0.1","1000.0","0.1","0.1","1000.0","0.0","0.0","0.0","103.3","55.8","540.17","9.3","77.0","8279.57","63.9","6.6","103.29","2.5","5.2","7.7","0.0","4.3","3.6"
"100","1981","7","Maharashtra","Dhule","25.9","21.9","845.56","45.1","51.5","1141.91","96.5","118.6","1229.02","81.6","63.9","783.09","178.1","182.5","1024.71","124.6","85.9","689.41","7.0","14.2","2028.57","10.7","11.1","1037.38","0.0","0.0","0.0","10.5","4.9","466.67","11.6","10.1","870.69","101.4","25.6","252.47","82.3","47.5","577.16","10.6","1.3","122.64","0.0","0.0","0.0","0.2","0.1","500.0","0.3","0.1","333.33","0.0","0.0","0.0","0.1","0.0","0.0","0.0","0.0","0.0","101.8","63.4","622.79","8.3","81.9","9867.47","65.0","7.6","116.92","2.4","6.5","8.9","0.0","5.3","2.6"
"100","1982","7","Maharashtra","Dhule","24.2","14.9","615.7","40.8","30.2","740.2","88.3","44.9","508.49","82.5","57.4","695.76","170.8","102.3","598.95","128.2","59.9","467.24","8.0","7.4","925.0","12.0","12.2","1016.67","0.0","0.0","0.0","10.0","4.1","410.0","9.5","5.8","610.53","102.1","34.6","338.88","87.1","43.2","495.98","11.6","1.8","155.17","0.3","0.2","666.67","0.2","0.1","500.0","0.3","0.1","333.33","0.1","0.0","0.0","0.6","0.3","500.0","0.0","0.0","0.0","99.2","36.3","365.93","10.2","92.6","9078.43","63.5","8.3","130.71","1.6","5.4","7.0","0.0","4.4","2.0"
"100","1983","7","Maharashtra","Dhule","24.4","19.5","799.18","50.8","64.8","1275.59","97.4","114.4","1174.54","84.3","59.6","707.0","181.7","174.0","957.62","136.6","112.4","822.84","8.0","10.3","1287.5","12.1","11.9","983.47","0.0","0.0","0.0","11.3","5.9","522.12","11.0","9.5","863.64","99.6","34.9","350.4","98.8","65.5","662.96","11.6","1.8","155.17","0.2","0.2","1000.0","0.3","0.1","333.33","0.3","0.1","333.33","0.0","0.0","0.0","0.4","0.3","750.0","0.0","0.0","0.0","98.2","65.4","665.99","9.8","77.9","7948.98","64.4","4.2","65.22","1.5","5.3","6.8","0.0","4.3","2.0"
"100","1984","7","Maharashtra","Dhule","26.3","23.9","908.75","44.1","55.5","1258.5","92.3","92.1","997.83","87.9","56.7","645.05","180.2","148.8","825.75","142.2","80.2","563.99","7.1","1.1","154.93","11.8","17.5","1483.05","0.0","0.0","0.0","14.0","6.9","492.86","12.5","10.0","800.0","101.3","25.9","255.68","106.3","91.0","856.07","9.4","3.2","340.43","0.2","0.1","500.0","0.5","0.3","600.0","0.3","0.2","666.67","0.0","0.0","0.0","0.8","0.3","375.0","0.0","0.0","0.0","97.8","73.7","753.58","10.8","102.4","9481.48","61.9","9.4","151.86","3.4","6.3","9.7","0.0","4.7","1.2"
"100","1985","7","Maharashtra","Dhule","26.4","9.5","359.85","32.5","23.6","726.15","92.3","45.4","491.87","88.7","46.1","519.73","181.0","91.5","505.52","146.5","28.5","194.54","8.8","9.4","1068.18","10.8","6.7","620.37","0.0","0.0","0.0","14.3","4.5","314.69","12.5","7.8","624.0","102.4","32.5","317.38","95.0","22.5","236.84","9.4","0.7","74.47","0.2","0.1","500.0","0.6","0.3","500.0","0.3","0.1","333.33","0.0","0.0","0.0","0.9","0.5","555.56","0.0","0.0","0.0","105.3","21.4","203.23","9.2","76.0","8260.87","62.6","6.3","100.64","3.4","6.6","10.0","0.0","5.0","1.2"
"100","1986","7","Maharashtra","Dhule","27.0","9.0","333.33","28.0","22.0","785.71","98.2","69.2","704.68","71.8","32.4","451.25","170.0","101.6","597.65","154.0","59.0","383.12","11.0","4.0","363.64","12.0","7.0","583.33","0.0","0.0","0.0","18.0","4.0","222.22","12.0","8.0","666.67","107.4","44.9","418.06","90.0","35.0","388.89","9.8","1.1","112.24","0.0","0.0","0.0","0.6","0.4","666.67","0.2","0.1","500.0","0.0","0.0","0.0","2.7","1.2","444.44","0.0","0.0","0.0","104.9","36.4","347.0","8.9","74.3","8348.31","60.0","2.0","33.33","3.5","6.3","9.8","0.0","4.4","1.2"
"100","1987","7","Maharashtra","Dhule","25.0","13.0","520.0","27.0","24.0","888.89","103.0","100.5","975.73","60.3","38.3","635.16","163.3","138.8","849.97","162.0","95.0","586.42","18.0","52.0","2888.89","12.0","14.0","1166.67","0.0","0.0","0.0","23.0","13.0","565.22","13.0","8.0","615.38","109.3","41.5","379.69","90.0","62.0","688.89","11.7","4.4","376.07","0.1","0.1","1000.0","2.8","2.0","714.29","0.2","0.0","0.0","0.0","0.0","0.0","1.3","0.4","307.69","0.0","0.0","0.0","105.5","65.8","623.7","12.3","84.5","6869.92","61.0","5.0","81.97","1.6","4.1","5.7","0.0","3.3","4.2"
"100","1988","7","Maharashtra","Dhule","24.0","24.6","1025.0","36.1","42.5","1177.29","98.0","131.8","1344.9","66.8","52.2","781.44","164.8","184.0","1116.5","169.8","119.6","704.36","16.1","34.0","2111.8","79.0","12.9","163.29","0.0","0.0","0.0","28.6","19.3","674.83","14.3","10.1","706.29","110.3","69.0","625.57","105.8","102.3","966.92","17.0","6.5","382.35","0.0","0.0","0.0","0.7","0.5","714.29","0.1","0.0","0.0","0.0","0.0","0.0","1.8","0.8","444.44","0.1","0.1","1000.0","124.0","107.5","866.94","12.1","80.7","6669.42","64.3","8.2","127.53","2.9","6.4","9.3","0.0","5.0","3.0"
"100","1989","7","Maharashtra","Dhule","26.6","25.5","958.65","33.4","32.2","964.07","102.6","140.3","1367.45","68.1","56.1","823.79","170.7","196.4","1150.56","148.1","139.4","941.26","17.2","15.5","901.16","8.5","14.5","1705.88","0.0","0.0","0.0","25.4","13.6","535.43","16.5","12.0","727.27","110.0","66.7","606.36","109.2","82.8","758.24","11.9","4.2","352.94","0.0","0.0","0.0","0.4","0.3","750.0","0.0","0.0","0.0","0.0","0.0","0.0","0.0","0.0","0.0","0.0","0.0","0.0","120.7","87.0","720.8","13.6","85.8","6308.82","64.5","10.0","155.04","3.7","5.4","9.1","0.0","4.1","1.0"
"100","1990","7","Maharashtra","Dhule","27.2","25.2","926.47","32.9","33.4","1015.2","103.6","132.5","1278.96","68.0","67.8","997.06","171.6","200.3","1167.25","151.4","121.6","803.17","17.1","28.5","1666.67","8.4","8.4","1000.0","0.0","0.0","0.0","27.6","16.9","612.32","18.6","13.2","709.68","103.5","51.1","493.72","100.1","94.3","942.06","11.5","3.4","295.65","0.0","0.0","0.0","0.5","0.3","600.0","0.1","0.0","0.0","0.0","0.0","0.0","2.4","1.5","625.0","0.3","0.3","1000.0","116.8","101.7","870.72","14.2","103.25","7271.13","66.2","9.16","138.37","4.3","6.3","10.6","0.0","4.7","2.5"
"100","1991","7","Maharashtra","Dhule","26.2","14.8","564.89","19.2","19.9","1036.46","92.8","75.1","809.27","25.4","11.6","456.69","118.2","86.7","733.5","157.3","104.4","663.7","18.1","15.2","839.78","8.4","7.0","833.33","0.0","0.0","0.0","16.1","9.1","565.22","21.1","8.2","388.63","103.9","22.8","219.44","96.6","47.1","487.58","12.0","2.9","241.67","0.0","0.0","0.0","1.0","0.5","500.0","0.2","0.1","500.0","0.0","0.0","0.0","2.2","1.1","500.0","0.4","0.3","750.0","114.3","53.4","467.19","13.4","94.43","7047.02","73.4","6.38","86.92","4.4","6.1","10.5","0.0","4.8","0.9"
"100","1992","7","Maharashtra","Dhule","26.5","18.3","690.57","24.4","31.7","1299.18","103.8","149.0","1435.45","38.7","33.6","868.22","142.5","182.6","1281.4","170.4","185.5","1088.62","18.1","16.6","917.13","9.3","10.8","1161.29","0.0","0.0","0.0","28.3","17.1","604.24","24.4","21.6","885.25","117.6","76.0","646.26","82.4","79.1","959.95","13.1","6.4","488.55","0.2","0.1","500.0","0.2","0.1","500.0","0.0","0.0","0.0","0.0","0.0","0.0","2.9","1.7","586.21","0.9","0.9","1000.0","101.7","88.9","874.14","14.5","102.12","7042.76","58.7","11.05","188.25","5.2","5.3","10.5","0.0","4.4","2.3"
"100","1993","7","Maharashtra","Dhule","33.3","29.3","879.88","22.2","33.5","1509.01","93.5","127.9","1367.91","51.6","45.5","881.78","145.1","173.4","1195.04","145.9","88.4","605.89","21.7","39.3","1811.06","9.7","11.3","1164.95","0.0","0.0","0.0","29.5","19.9","674.58","30.1","23.7","787.38","93.4","59.7","639.19","88.0","69.6","790.91","14.0","3.6","257.14","1.5","0.5","333.33","0.4","0.3","750.0","0.8","0.2","250.0","0.0","0.0","0.0","2.6","1.7","653.85","1.0","1.3","1300.0","110.7","77.8","702.8","11.4","81.09","7113.16","71.1","10.85","152.6","5.3","5.0","10.3","0.0","4.3","0.5"
"100","1994","7","Maharashtra","Dhule","30.8","25.6","831.17","23.5","34.2","1455.32","74.2","99.5","1340.97","47.5","36.1","760.0","121.7","135.6","1114.22","143.3","133.3","930.22","27.0","47.6","1762.96","10.1","8.6","851.49","0.0","0.0","0.0","32.6","22.6","693.25","32.0","17.5","546.88","96.9","73.2","755.42","94.9","82.4","868.28","14.1","3.3","234.04","0.4","0.2","500.0","0.2","0.1","500.0","0.5","0.1","200.0","0.0","0.0","0.0","2.0","1.1","550.0","1.8","2.6","1444.44","116.3","90.6","779.02","17.9","146.24","8169.83","73.9","13.07","176.86","5.4","5.5","10.9","0.0","4.9","0.5"
"100","1995","7","Maharashtra","Dhule","29.2","16.8","575.34","16.4","18.4","1121.95","64.9","67.3","1036.98","44.2","35.3","798.64","109.1","102.6","940.42","164.6","95.3","578.98","20.0","28.6","1430.0","9.5","8.8","926.32","0.0","0.0","0.0","23.5","12.5","531.91","31.4","13.7","436.31","92.2","48.2","522.78","75.7","48.6","642.01","10.9","2.3","211.01","0.0","0.0","0.0","0.2","0.1","500.0","0.0","0.0","0.0","0.0","0.0","0.0","2.2","1.5","681.82","2.2","3.1","1409.09","97.1","57.2","589.08","23.6","174.67","7401.27","85.0","10.32","121.41","2.9","4.3","7.2","0.0","3.4","0.3"
"100","1996","7","Maharashtra","Dhule","28.5","27.0","947.37","19.7","29.7","1507.61","66.6","99.4","1492.49","38.6","33.9","878.24","105.2","133.3","1267.11","186.9","182.3","975.39","19.8","38.5","1944.44","7.4","8.1","1094.59","0.0","0.0","0.0","26.6","18.7","703.01","28.9","16.2","560.55","91.1","64.4","706.92","78.2","79.4","1015.35","9.7","2.9","298.97","0.0","0.0","0.0","0.1","0.1","1000.0","0.0","0.0","0.0","0.0","0.0","0.0","2.2","1.5","681.82","2.0","3.4","1700.0","96.5","88.7","919.17","19.2","157.55","8205.73","85.7","14.98","174.8","4.2","5.2","9.4","0.0","4.3","0.7"
"100","1997","7","Maharashtra","Dhule","32.4","27.1","836.42","18.2","24.0","1318.68","67.2","84.9","1263.39","38.2","32.6","853.4","105.4","117.5","1114.8","174.0","161.7","929.31","19.8","34.7","1752.53","7.4","10.2","1378.38","0.0","0.0","0.0","25.1","17.3","689.24","28.4","17.9","630.28","95.2","65.5","688.03","80.8","74.2","918.32","9.7","3.6","371.13","0.0","0.0","0.0","0.3","0.2","666.67","0.0","0.0","0.0","0.0","0.0","0.0","0.8","0.6","750.0","3.5","4.2","1200.0","97.8","75.2","768.92","9.8","81.43","8309.18","92.6","15.83","170.95","4.2","5.2","9.4","0.0","4.3","0.7"
"100","1998","7","Maharashtra","Dhule","25.8","23.8","922.48","19.3","26.9","1393.78","91.9","161.4","1756.26","45.1","48.1","1066.52","137.0","209.5","1529.2","173.9","184.4","1060.38","20.2","39.7","1965.35","8.2","6.6","804.88","0.0","0.0","0.0","30.6","22.0","718.95","27.1","14.3","527.68","102.7","60.2","586.17","71.2","63.4","890.45","10.5","3.8","361.9","0.0","0.0","0.0","0.2","0.1","500.0","0.0","0.0","0.0","0.0","0.0","0.0","2.2","0.2","90.91","4.3","6.2","1441.86","89.4","73.9","826.62","10.6","113.02","10662.26","94.3","18.62","197.45","13.1","4.2","41.0","0.0","4.0","0.2"
"100","1999","7","Maharashtra","Dhule","26.6","14.2","533.83","19.9","27.2","1366.83","71.9","66.3","922.11","45.9","40.5","882.35","117.8","106.8","906.62","122.7","56.9","463.73","21.6","24.8","1148.15","7.5","6.2","826.67","0.0","0.0","0.0","30.4","18.1","595.39","30.3","14.5","478.55","85.6","49.3","575.93","70.8","48.1","679.38","10.8","3.1","287.04","0.6","0.15","250.0","0.2","0.1","500.0","0.1","0.1","1000.0","0.0","0.0","0.0","1.7","0.9","529.41","4.6","5.8","1260.87","89.6","58.33","651.0","12.6","87.33","6930.95","99.5","13.28","133.47","12.3","6.4","18.7","0.0","5.5","0.1"
"100","2000","7","Maharashtra","Dhule","25.9","6.7","258.69","14.8","14.3","966.22","73.5","44.4","604.08","29.2","11.0","376.71","102.7","55.4","539.44","124.3","47.8","384.55","20.2","13.0","643.56","6.9","3.2","463.77","0.0","0.0","0.0","13.6","5.9","433.82","29.9","11.1","371.24","105.4","36.1","342.5","52.9","15.5","293.01","10.7","1.6","149.53","0.1","0.0","0.0","0.1","0.1","1000.0","0.6","0.11","183.33","0.0","0.0","0.0","1.2","0.7","583.33","4.2","3.5","833.33","70.0","21.6","308.57","13.5","95.43","7068.89","95.5","8.55","89.53","3.2","3.2","6.4","0.0","3.1","0.4"
"100","2001","7","Maharashtra","Dhule","24.9","17.9","718.88","17.7","20.8","1175.14","68.7","90.6","1318.78","31.2","23.7","759.62","99.9","114.3","1144.14","159.7","148.4","929.24","24.1","37.2","1543.57","6.9","9.3","1347.83","0.0","0.0","0.0","18.2","9.1","500.0","30.9","9.0","291.26","86.6","57.9","668.59","51.1","39.0","763.21","11.4","3.7","324.56","0.2","0.1","500.0","0.0","0.0","0.0","1.0","0.4","400.0","0.0","0.0","0.0","1.4","0.6","428.57","4.4","6.2","1409.09","70.2","50.3","716.52","10.3","63.8","6194.17","99.9","12.21","122.22","3.0","4.1","7.1","0.0","4.0","0.5"
"100","2002","7","Maharashtra","Dhule","25.0","18.7","748.0","22.0","27.6","1254.55","66.3","74.2","1119.16","29.9","27.1","906.35","96.2","101.3","1053.01","160.4","115.9","722.57","25.2","36.4","1444.44","6.4","4.6","718.75","0.0","0.0","0.0","22.8","14.9","653.51","32.3","9.0","278.64","88.1","47.0","533.48","53.3","42.3","793.62","12.1","3.4","280.99","0.1","0.1","1000.0","0.0","0.0","0.0","0.2","0.01","50.0","0.0","0.0","0.0","0.9","0.5","555.56","3.1","4.5","1451.61","69.9","50.95","728.9","10.8","71.0","6574.07","100.6","9.97","99.11","2.8","11.3","14.1","0.0","11.2","0.5"
"100","2003","7","Maharashtra","Dhule","27.4","24.6","897.81","26.7","43.2","1617.98","62.7","103.8","1655.5","32.1","31.6","984.42","94.8","135.4","1428.27","164.8","177.7","1078.28","27.6","62.6","2268.12","6.0","6.5","1083.33","0.0","0.0","0.0","26.7","19.1","715.36","32.9","11.7","355.62","94.1","68.6","729.01","54.3","59.0","1086.56","11.9","5.0","420.17","0.2","0.0","0.0","0.0","0.0","0.0","0.0","0.0","0.0","0.0","0.0","0.0","0.7","0.3","428.57","3.1","4.8","1548.39","70.7","69.34","980.76","9.0","55.97","6218.89","102.7","22.3","217.14","3.7","5.9","9.6","0.0","5.8","0.0"
"100","2004","7","Maharashtra","Dhule","26.3","15.1","574.14","32.9","54.0","1641.34","59.3","72.0","1214.17","37.1","35.4","954.18","96.4","107.4","1114.11","155.1","152.4","982.59","30.0","52.18","1739.33","6.2","7.2","1161.29","0.0","0.0","0.0","29.1","20.4","701.03","31.7","11.8","372.24","86.0","36.91","429.19","55.2","52.9","958.33","11.2","3.4","303.57","0.3","0.2","666.67","0.4","0.2","500.0","0.0","0.0","0.0","0.0","0.0","0.0","1.4","0.8","571.43","5.7","8.0","1403.51","75.4","66.05","875.99","7.7","46.23","6003.9","109.9","20.86","189.81","3.7","9.6","13.3","0.0","9.47","0.0"
"100","2005","7","Maharashtra","Dhule","24.8","35.9","1447.58","34.2","60.1","1757.31","42.2","49.9","1182.46","37.2","34.0","913.98","79.4","83.9","1056.68","144.1","91.0","631.51","38.5","71.0","1844.16","4.8","3.5","729.17","0.0","0.0","0.0","32.9","21.2","644.38","32.7","15.4","470.95","78.3","36.16","461.81","50.3","45.7","908.55","11.0","2.8","254.55","0.1","0.05","500.0","0.3","0.1","333.33","0.0","0.0","0.0","0.0","0.0","0.0","1.5","0.9","600.0","9.0","11.6","1288.89","74.3","61.98","834.19","11.3","71.1","6292.04","108.2","21.3","196.86","7.6","10.5","18.1","0.0","10.3","0.0"
"100","2006","7","Maharashtra","Dhule","25.1","19.0","756.97","42.2","75.7","1793.84","55.8","61.8","1107.53","40.6","36.4","896.55","96.4","98.2","1018.67","143.2","127.4","889.66","47.1","72.7","1543.52","4.2","2.7","642.86","0.0","0.0","0.0","41.6","28.6","687.5","33.0","15.4","466.67","83.1","37.62","452.71","56.4","50.1","888.3","10.9","3.0","275.23","0.1","0.08","800.0","0.3","0.1","333.33","1.4","0.3","214.29","0.0","0.0","0.0","1.0","0.6","600.0","12.4","11.3","911.29","82.6","65.58","793.95","23.5","154.35","6568.09","118.2","26.4","223.35","0.0","0.0","0.0","0.0","9.41","0.0"
"100","2007","7","Maharashtra","Dhule","25.4","34.74","1367.72","50.8","124.2","2444.88","55.4","105.65","1907.04","36.8","50.0","1358.7","92.2","155.65","1688.18","121.0","141.13","1166.36","66.7","161.22","2417.09","3.0","2.92","973.33","0.0","0.0","0.0","42.6","46.6","1093.9","38.5","29.7","771.43","84.9","47.46","559.01","62.4","62.64","1003.85","11.3","4.7","415.93","0.1","0.05","500.0","0.3","0.2","666.67","1.4","0.66","471.43","0.0","0.0","0.0","1.1","0.79","718.18","21.6","30.4","1407.41","98.3","99.54","1012.61","37.1","261.43","7046.63","161.2","61.18","379.53","0.0","0.0","0.0","0.0","15.75","0.0"
"100","2008","7","Maharashtra","Dhule","25.8","24.9","965.12","30.7","55.5","1807.82","48.1","64.1","1332.64","35.4","39.4","1112.99","83.5","103.5","1239.52","139.7","70.8","506.8","60.2","100.71","1672.92","3.4","2.0","588.24","0.0","0.0","0.0","31.2","26.3","842.95","26.2","14.2","541.98","61.6","21.76","353.25","37.0","26.7","721.62","5.7","0.9","157.89","0.3","0.08","266.67","0.6","0.3","500.0","0.0","0.0","0.0","0.0","0.0","0.0","1.3","0.9","692.31","41.7","45.1","1081.53","87.4","74.38","851.03","18.9","125.37","6633.33","167.6","30.72","183.29","0.0","0.0","0.0","0.0","0.0","0.0"
"100","2009","7","Maharashtra","Dhule","23.6","15.24","645.76","49.9","108.78","2179.96","52.4","66.23","1263.93","39.9","46.81","1173.18","92.3","113.04","1224.7","120.5","112.68","935.1","69.5","156.78","2255.83","3.0","1.8","600.0","0.0","0.0","0.0","44.9","45.1","1004.45","27.3","14.89","545.42","64.22","27.84","433.51","38.6","37.32","966.84","4.3","0.98","227.91","0.2","0.17","850.0","0.5","0.36","720.0","0.7","0.2","285.71","0.0","0.0","0.0","1.3","1.03","792.31","49.9","58.33","1168.94","95.9","98.68","1028.99","14.3","102.58","7173.43","183.8","51.89","282.32","0.0","0.0","0.0","0.0","0.0","0.0"
"100","2010","7","Maharashtra","Dhule","28.4","31.38","1104.93","53.0","119.55","2255.66","52.1","98.93","1898.85","42.4","57.1","1346.7","94.5","156.03","1651.11","125.6","195.4","1555.73","79.4","240.8","3032.75","3.4","3.8","1117.65","0.0","0.0","0.0","49.7","50.25","1011.07","29.3","22.84","779.52","65.9","52.77","800.76","44.8","55.39","1236.38","4.4","2.06","468.18","0.0","0.0","0.0","0.6","0.63","1050.0","1.2","0.45","375.0","0.0","0.0","0.0","1.0","0.61","610.0","54.2","100.66","1857.2","106.91","160.06","1497.15","15.5","118.11","7620.0","189.1","76.93","406.82","0.0","0.0","0.0","0.0","0.0","0.0"
"100","2011","7","Maharashtra","Dhule","27.3","37.0","1355.31","52.3","126.64","2421.42","47.2","94.58","2003.81","33.9","43.21","1274.63","81.1","137.79","1699.01","125.1","138.5","1107.11","89.1","232.06","2604.49","0.8","0.61","762.5","0.0","0.0","0.0","40.6","39.09","962.81","28.2","14.24","504.96","56.4","36.49","646.99","32.5","34.16","1051.08","1.9","0.67","352.63","0.0","0.0","0.0","0.0","0.0","0.0","0.2","0.07","350.0","0.0","0.0","0.0","0.4","0.47","1175.0","43.3","75.25","1737.88","80.41","111.46","1386.15","13.5","113.83","8431.85","213.4","59.75","279.99","19.84","21.83","41.67","0.0","18.38","0.0"
"100","2012","7","Maharashtra","Dhule","27.2","35.76","1314.71","61.5","133.26","2166.83","47.5","85.82","1806.74","41.9","46.36","1106.44","89.4","132.17","1478.41","143.0","132.08","923.64","98.71","257.39","2607.54","0.8","1.05","1312.5","0.0","0.0","0.0","56.3","48.0","852.58","26.9","11.13","413.75","54.73","39.2","716.24","32.7","30.63","936.7","2.0","1.09","545.0","0.0","0.0","0.0","0.0","0.0","0.0","0.6","0.13","216.67","0.0","0.0","0.0","0.0","0.0","0.0","35.8","67.52","1886.03","71.75","99.49","1386.62","16.1","122.81","7627.95","239.7","60.63","252.94","12.95","16.34","29.29","0.0","12.48","0.0"
"100","2013","7","Maharashtra","Dhule","30.2","30.0","993.38","68.7","123.3","1794.76","48.3","73.3","1517.6","40.3","55.7","1382.13","88.6","129.0","1455.98","104.4","138.3","1324.71","117.1","325.4","2778.82","0.8","1.3","1625.0","0.0","0.0","0.0","66.6","74.06","1112.01","21.0","12.2","580.95","49.6","23.04","464.52","24.3","28.0","1152.26","2.8","0.6","214.29","0.0","0.0","0.0","0.0","0.0","0.0","1.3","0.6","461.54","0.0","0.0","0.0","0.2","0.2","1000.0","40.0","49.5","1237.5","73.1","84.65","1158.0","17.3","136.95","7916.18","275.4","104.85","380.72","0.0","0.0","0.0","0.0","0.0","0.0"
"100","2014","7","Maharashtra","Dhule","18.3","9.0","491.8","57.9","104.8","1810.02","51.2","57.0","1113.28","25.3","32.8","1296.44","76.5","89.8","1173.86","123.0","100.7","818.7","134.4","274.1","2039.43","1.0","1.3","1300.0","0.0","0.0","0.0","41.2","31.2","757.28","24.2","8.0","330.58","47.3","16.9","357.29","24.7","21.6","874.49","2.8","0.9","321.43","0.0","0.0","0.0","0.2","0.1","500.0","1.0","0.2","200.0","0.0","0.0","0.0","0.1","0.1","1000.0","43.0","46.7","1086.05","73.1","69.8","954.86","15.0","107.22","7148.0","328.5","64.7","196.96","0.0","0.0","0.0","0.0","0.0","0.0"
"100","2015","7","Maharashtra","Dhule","21.2","20.0","943.4","66.5","108.0","1624.06","50.9","49.5","972.5","21.1","20.7","981.04","72.0","70.2","975.0","122.9","72.7","591.54","149.2","255.5","1712.47","1.2","0.5","416.67","0.0","0.0","0.0","46.4","38.74","834.91","28.6","9.5","332.17","50.3","17.3","343.94","30.8","19.7","639.61","3.2","0.87","271.87","0.0","0.0","0.0","0.5","0.1","200.0","1.2","0.25","208.33","0.01","0.0","0.0","0.51","0.21","411.76","48.4","39.6","818.18","86.1","61.12","709.87","16.2","119.88","7400.0","344.7","61.78","179.23","0.0","0.0","0.0","0.0","0.0","0.0"
"100","2016","7","Maharashtra","Dhule","31.7","39.9","1258.68","58.8","125.0","2125.85","54.5","76.6","1405.5","21.4","27.0","1261.68","75.9","103.6","1364.95","82.0","65.2","795.12","114.9","305.2","2656.22","1.82","2.02","1109.89","0.0","0.0","0.0","54.3","117.5","2163.9","27.01","17.23","638.02","55.48","22.49","405.45","22.9","17.83","778.6","1.69","0.36","216.62","1.9","0.8","421.05","0.16","0.07","437.5","1.01","0.3","300.3","0.0","0.0","0.0","0.4","0.2","488.72","46.3","71.2","1537.8","0.0","0.0","0.0","15.46","139.47","9021.35","281.6","89.59","318.13","0.0","0.0","0.0","0.0","0.0","0.0"
"100","2017","7","Maharashtra","Dhule","33.6","44.2","1315.48","75.66","159.7","2110.73","61.5","92.2","1499.19","25.5","30.9","1211.76","87.0","123.1","1414.94","82.76","106.9","1291.66","123.93","384.4","3101.78","1.62","2.21","1366.73","0.0","0.0","0.0","96.2","181.8","1889.81","30.9","20.9","676.38","57.13","33.46","585.7","22.57","25.47","1128.44","0.51","0.14","271.12","1.5","0.6","400.0","0.0","0.0","500.0","0.2","0.1","500.0","0.0","0.0","0.0","0.31","0.18","581.17","45.63","71.8","1573.53","0.0","0.0","0.0","17.39","146.61","8431.68","297.0","102.89","346.42","0.0","0.0","0.0","0.0","0.0","0.0"
"101","1966","7","Maharashtra","Jalgaon","4.0","1.0","250.0","29.0","16.0","551.72","152.2","113.7","747.04","16.2","8.3","512.35","168.4","122.0","724.47","67.0","12.0","179.1","0.3","0.3","1000.0","0.0","0.0","0.0","0.0","0.0","0.0","3.0","1.0","333.33","8.0","5.0","625.0","548.3","54.3","99.03","84.0","20.0","238.1","6.2","1.8","290.32","0.1","0.0","0.0","0.08","-1.0","-1.0","0.1","0.0","0.0","0.1","0.0","0.0","0.0","0.0","0.0","0.0","0.0","0.0","148.2","21.8","147.1","1.2","6.9","5750.0","295.0","27.0","91.53","21.41","3.08","24.48","0.0","1.13","2.67"
"101","1967","7","Maharashtra","Jalgaon","7.0","4.0","571.43","29.0","17.0","586.21","152.4","158.2","1038.06","21.6","13.5","625.0","174.0","171.7","986.78","93.0","35.0","376.34","1.0","0.5","500.0","0.0","0.0","0.0","0.0","0.0","0.0","6.0","2.0","333.33","12.0","7.0","583.33","493.0","25.4","51.52","43.0","34.0","790.7","7.9","2.5","316.46","0.1","0.0","0.0","0.0","-1.0","0.0","0.1","0.0","0.0","0.1","0.0","0.0","0.0","0.0","0.0","0.0","0.0","0.0","125.3","36.5","291.3","0.6","3.4","5666.67","239.0","24.0","100.42","19.55","3.2","22.74","0.0","1.38","2.71"
"101","1968","7","Maharashtra","Jalgaon","6.2","2.0","322.58","35.3","27.0","764.87","149.2","168.6","1130.03","23.1","14.4","623.38","172.3","183.0","1062.1","88.3","33.0","373.73","0.6","0.4","666.67","0.0","0.0","0.0","0.0","0.0","0.0","5.9","3.0","508.47","10.8","7.0","648.15","198.1","24.1","121.66","60.5","32.0","528.93","4.2","1.1","261.9","0.0","0.0","0.0","0.0","-1.0","0.0","0.1","0.0","0.0","0.1","0.0","0.0","0.0","0.0","0.0","0.0","0.0","0.0","66.0","33.1","501.52","1.1","7.4","6727.27","234.5","27.0","115.14","22.7","2.6","25.3","0.0","1.1","3.7"
"101","1969","7","Maharashtra","Jalgaon","6.6","2.8","424.24","37.6","34.4","914.89","135.1","124.4","920.8","17.9","12.4","692.74","153.0","136.8","894.12","89.9","28.2","313.68","0.3","0.2","666.67","0.0","0.0","0.0","0.0","0.0","0.0","5.7","1.7","298.25","11.2","9.4","839.29","192.3","62.4","324.49","56.9","39.1","687.17","3.4","0.8","235.29","0.0","0.0","0.0","0.0","-1.0","0.0","0.1","0.0","0.0","0.1","0.0","0.0","0.0","0.0","0.0","0.0","0.0","0.0","60.5","39.9","659.5","1.6","16.2","10125.0","263.2","20.0","75.99","28.4","3.2","31.6","0.0","1.5","2.6"
"101","1970","7","Maharashtra","Jalgaon","7.4","5.3","716.22","46.4","52.1","1122.84","140.2","52.3","373.04","20.3","14.1","694.58","160.5","66.4","413.71","91.1","45.5","499.45","0.5","0.3","600.0","0.0","0.0","0.0","0.0","0.0","0.0","5.7","2.9","508.77","10.4","5.2","500.0","178.4","50.1","280.83","66.9","45.0","672.65","3.9","0.9","230.77","0.1","0.0","0.0","1.3","-1.0","-1.0","0.1","0.0","0.0","0.0","0.0","0.0","0.0","0.0","0.0","0.0","0.0","0.0","72.3","45.9","634.85","1.4","11.2","8000.0","241.2","10.9","45.19","28.2","5.0","33.2","0.0","2.8","4.6"
"101","1971","7","Maharashtra","Jalgaon","8.7","3.6","413.79","50.9","50.4","990.18","119.2","65.7","551.17","35.0","16.2","462.86","154.2","81.9","531.13","86.0","17.8","206.98","0.3","0.2","666.67","0.0","0.0","0.0","0.0","0.0","0.0","7.4","3.4","459.46","11.3","3.4","300.88","161.2","30.6","189.83","70.1","24.9","355.21","3.4","0.4","117.65","0.0","0.0","0.0","1.3","-1.0","-1.0","0.1","0.1","1000.0","0.1","0.1","1000.0","0.0","0.0","0.0","0.0","0.0","0.0","75.2","25.5","339.1","1.3","8.9","6846.15","236.0","26.0","110.17","24.8","3.3","28.1","0.0","1.8","3.9"
"101","1972","7","Maharashtra","Jalgaon","9.9","3.1","313.13","33.3","25.5","765.77","131.9","86.6","656.56","18.5","7.9","427.03","150.4","94.5","628.32","114.5","30.1","262.88","0.5","0.3","600.0","0.0","0.0","0.0","0.0","0.0","0.0","5.0","1.6","320.0","10.4","4.4","423.08","178.0","42.2","237.08","71.3","34.1","478.26","3.8","0.5","131.58","0.0","0.0","0.0","1.0","0.3","300.0","0.1","0.1","1000.0","0.1","0.0","0.0","0.0","0.0","0.0","0.0","0.0","0.0","79.1","35.0","442.48","1.5","11.7","7800.0","222.9","17.7","79.41","25.5","4.1","29.6","0.0","2.3","4.6"
"101","1973","7","Maharashtra","Jalgaon","9.0","6.8","755.56","47.6","48.9","1027.31","137.5","76.1","553.45","20.9","18.4","880.38","158.4","94.5","596.59","131.9","70.2","532.22","1.0","0.6","600.0","0.0","0.0","0.0","0.0","0.0","0.0","7.3","4.6","630.14","9.9","10.0","1010.1","204.7","50.7","247.68","71.1","49.5","696.2","5.4","1.7","314.81","0.0","0.0","0.0","1.0","0.5","500.0","0.1","0.1","1000.0","0.2","0.1","500.0","0.0","0.0","0.0","0.0","0.0","0.0","82.0","51.9","632.93","3.5","26.8","7657.14","167.8","14.9","88.8","25.9","5.2","31.1","0.0","2.8","4.3"
"101","1974","7","Maharashtra","Jalgaon","8.9","13.2","1483.15","45.3","49.1","1083.89","149.0","145.4","975.84","25.7","22.9","891.05","174.7","168.3","963.37","100.7","40.3","400.2","0.7","0.7","1000.0","0.0","0.0","0.0","0.0","0.0","0.0","8.9","4.9","550.56","10.6","10.2","962.26","212.7","79.3","372.83","86.0","55.2","641.86","8.2","2.6","317.07","0.0","0.0","0.0","1.0","0.4","400.0","0.2","0.2","1000.0","0.2","0.1","500.0","0.0","0.0","0.0","0.0","0.0","0.0","105.1","58.5","556.61","5.4","50.2","9296.3","176.2","24.4","138.48","32.7","5.0","37.7","0.0","2.7","5.9"
"101","1975","7","Maharashtra","Jalgaon","11.6","12.3","1060.34","58.3","68.5","1174.96","165.3","230.0","1391.41","34.4","19.8","575.58","199.7","249.8","1250.88","101.2","52.4","517.79","0.5","1.2","2400.0","0.0","0.0","0.0","0.0","0.0","0.0","8.5","4.2","494.12","10.2","8.5","833.33","206.1","97.5","473.07","103.8","92.3","889.21","9.2","2.5","271.74","0.0","0.0","0.0","1.0","0.4","400.0","0.1","0.1","1000.0","0.2","0.0","0.0","0.0","0.0","0.0","0.0","0.0","0.0","116.7","95.3","816.62","5.1","32.4","6352.94","136.7","14.0","102.41","36.3","4.2","40.5","0.0","2.1","5.1"
"101","1976","7","Maharashtra","Jalgaon","15.0","23.1","1540.0","63.4","56.1","884.86","198.8","216.2","1087.53","39.8","38.4","964.82","238.6","254.6","1067.06","85.3","56.9","667.06","0.5","0.6","1200.0","0.0","0.0","0.0","0.0","0.0","0.0","8.3","4.2","506.02","10.4","7.9","759.62","211.2","98.2","464.96","111.0","54.2","488.29","10.3","2.3","223.3","0.0","0.0","0.0","5.3","1.9","358.49","0.1","0.1","1000.0","0.2","0.1","500.0","0.0","0.0","0.0","0.0","0.0","0.0","125.0","58.6","468.8","5.3","43.0","8113.21","115.6","9.8","84.78","38.0","5.1","43.1","0.0","1.7","5.2"
"101","1977","7","Maharashtra","Jalgaon","12.0","22.3","1858.33","47.9","51.1","1066.81","216.3","335.9","1552.94","40.1","31.9","795.51","256.4","367.8","1434.48","80.6","52.4","650.12","0.6","1.0","1666.67","0.0","0.0","0.0","0.0","0.0","0.0","8.0","4.4","550.0","9.8","7.0","714.29","211.7","97.6","461.03","92.1","62.5","678.61","11.0","3.4","309.09","0.0","0.0","0.0","6.0","1.6","266.67","0.1","0.1","1000.0","0.2","0.1","500.0","0.0","0.0","0.0","0.0","0.0","0.0","110.2","67.7","614.34","8.5","85.2","10023.53","137.9","16.9","122.55","37.3","4.4","41.7","0.0","2.3","5.4"
"101","1978","7","Maharashtra","Jalgaon","10.0","15.3","1530.0","55.6","49.9","897.48","199.0","260.0","1306.53","39.3","33.0","839.69","238.3","293.0","1229.54","87.6","52.5","599.32","0.5","0.8","1600.0","0.0","0.0","0.0","0.0","0.0","0.0","6.2","3.0","483.87","11.3","9.5","840.71","191.6","81.1","423.28","74.9","34.1","455.27","11.2","3.4","303.57","0.0","0.0","0.0","5.3","1.4","264.15","0.1","0.1","1000.0","0.1","0.0","0.0","0.0","0.0","0.0","0.0","0.0","0.0","92.4","39.0","422.08","8.2","58.3","7109.76","185.3","20.6","111.17","40.4","3.9","44.3","0.0","2.0","4.6"
"101","1979","7","Maharashtra","Jalgaon","10.3","14.0","1359.22","60.6","50.0","825.08","206.6","293.8","1422.07","45.5","51.1","1123.08","252.1","344.9","1368.11","94.3","47.6","504.77","0.7","1.2","1714.29","0.0","0.0","0.0","0.0","0.0","0.0","6.5","3.5","538.46","12.3","10.9","886.18","167.6","70.5","420.64","67.6","58.9","871.3","14.4","3.6","250.0","0.0","0.0","0.0","6.0","2.0","333.33","0.1","0.1","1000.0","0.1","0.0","0.0","0.0","0.0","0.0","0.0","0.0","0.0","93.1","64.6","693.88","5.8","44.8","7724.14","199.6","25.1","125.75","39.7","4.0","43.7","0.0","2.1","4.8"
"101","1980","7","Maharashtra","Jalgaon","9.3","17.0","1827.96","50.2","56.7","1129.48","207.1","262.0","1265.09","36.6","31.1","849.73","243.7","293.1","1202.71","96.9","55.4","571.72","0.8","0.8","1000.0","0.0","0.0","0.0","0.0","0.0","0.0","6.1","3.0","491.8","12.7","9.6","755.91","152.2","44.7","293.69","66.5","52.1","783.46","13.4","2.7","201.49","0.0","0.0","0.0","4.3","2.1","488.37","0.1","0.1","1000.0","0.1","0.0","0.0","0.1","0.0","0.0","0.0","0.0","0.0","77.7","41.1","528.96","6.7","53.3","7955.22","205.7","18.8","91.4","41.9","4.0","45.9","0.0","2.2","4.1"
"101","1981","7","Maharashtra","Jalgaon","8.7","14.2","1632.18","52.9","69.8","1319.47","217.2","305.0","1404.24","40.2","44.3","1101.99","257.4","349.3","1357.03","107.2","71.0","662.31","0.8","1.5","1875.0","0.0","0.0","0.0","0.0","0.0","0.0","6.6","3.6","545.45","12.9","10.4","806.2","161.4","67.9","420.69","63.1","42.4","671.95","12.5","2.4","192.0","0.0","0.0","0.0","4.1","2.2","536.59","0.1","0.1","1000.0","0.0","0.0","0.0","0.2","0.1","500.0","0.0","0.0","0.0","85.0","58.6","689.41","7.5","74.1","9880.0","209.0","21.7","103.83","43.3","4.3","47.6","0.0","2.4","5.8"
"101","1982","7","Maharashtra","Jalgaon","8.5","12.5","1470.59","42.5","45.1","1061.18","216.6","266.0","1228.07","38.2","24.8","649.21","254.8","290.8","1141.29","108.2","52.4","484.29","0.8","0.7","875.0","0.0","0.0","0.0","0.0","0.0","0.0","6.3","3.0","476.19","12.7","7.7","606.3","142.6","72.7","509.82","66.8","38.6","577.84","13.7","3.5","255.47","0.0","0.0","0.0","3.8","1.8","473.68","0.1","0.1","1000.0","0.1","0.0","0.0","1.3","0.5","384.62","0.0","0.0","0.0","76.6","37.3","486.95","9.3","86.8","9333.33","204.2","23.8","116.55","37.8","4.0","41.8","0.0","2.2","6.0"
"101","1983","7","Maharashtra","Jalgaon","8.3","13.9","1674.7","55.6","60.0","1079.14","229.1","314.7","1373.64","46.2","47.8","1034.63","275.3","362.5","1316.75","117.6","77.3","657.31","1.0","1.4","1400.0","0.0","0.0","0.0","0.0","0.0","0.0","7.1","4.3","605.63","13.0","10.8","830.77","128.8","50.7","393.63","75.8","58.5","771.77","13.7","3.5","255.47","0.1","0.1","1000.0","4.3","2.0","465.12","0.1","0.1","1000.0","0.0","0.0","0.0","0.8","0.4","500.0","0.0","0.0","0.0","83.6","55.9","668.66","9.5","79.6","8378.95","207.1","12.0","57.94","38.9","4.0","42.9","0.1","2.2","0.8"
"101","1984","7","Maharashtra","Jalgaon","8.9","13.9","1561.8","42.5","32.5","764.71","220.9","241.8","1094.61","42.3","43.7","1033.1","263.2","285.5","1084.73","114.7","63.6","554.49","0.9","1.4","1555.56","0.0","0.0","0.0","0.0","0.0","0.0","13.0","7.1","546.15","14.8","11.5","777.03","120.5","38.1","316.18","77.3","51.3","663.65","23.7","8.3","350.21","0.1","0.1","1000.0","4.6","2.7","586.96","0.1","0.1","1000.0","0.0","0.0","0.0","0.4","0.2","500.0","0.0","0.0","0.0","83.6","43.9","525.12","7.9","78.8","9974.68","185.5","20.0","107.82","40.8","3.1","43.9","0.0","2.0","1.2"
"101","1985","7","Maharashtra","Jalgaon","7.5","3.8","506.67","42.9","33.0","769.23","221.6","185.2","835.74","49.6","30.7","618.95","271.2","215.9","796.09","118.9","50.0","420.52","0.9","1.1","1222.22","0.0","0.0","0.0","0.0","0.0","0.0","18.7","5.7","304.81","16.0","13.9","868.75","122.5","43.4","354.29","68.8","24.5","356.1","24.8","6.7","270.16","0.0","0.0","0.0","7.7","3.4","441.56","0.1","0.0","0.0","0.0","0.0","0.0","0.4","0.3","750.0","0.0","0.0","0.0","98.0","30.3","309.18","7.5","73.2","9760.0","196.5","21.9","111.45","40.8","2.8","43.6","0.0","1.7","1.2"
"101","1986","7","Maharashtra","Jalgaon","7.0","4.0","571.43","41.0","32.0","780.49","229.5","248.4","1082.35","35.6","23.0","646.07","265.1","271.4","1023.76","128.0","63.0","492.19","1.0","1.0","1000.0","0.0","0.0","0.0","0.0","0.0","0.0","18.0","7.0","388.89","15.0","9.0","600.0","118.6","53.2","448.57","64.0","15.0","234.38","16.6","5.8","349.4","0.0","0.0","0.0","7.7","5.1","662.34","0.1","0.0","0.0","0.0","0.0","0.0","0.8","0.5","625.0","0.0","0.0","0.0","88.3","26.7","302.38","8.3","69.9","8421.69","186.0","11.0","59.14","41.3","2.8","44.1","0.0","1.7","1.2"
"101","1987","7","Maharashtra","Jalgaon","7.0","5.0","714.29","49.0","48.0","979.59","240.9","386.8","1605.65","58.5","58.0","991.45","299.4","444.8","1485.64","131.0","166.0","1267.18","1.0","1.0","1000.0","0.0","0.0","0.0","0.0","0.0","0.0","32.0","18.0","562.5","16.0","10.0","625.0","128.4","49.6","386.29","61.0","47.0","770.49","21.5","8.1","376.74","0.0","0.0","0.0","18.3","13.3","726.78","0.1","0.0","0.0","0.0","0.0","0.0","2.1","1.1","523.81","0.0","0.0","0.0","104.1","69.3","665.71","8.9","65.9","7404.49","158.0","18.0","113.92","40.4","2.8","43.2","0.0","1.7","3.9"
"101","1988","7","Maharashtra","Jalgaon","5.6","5.2","928.57","30.9","46.5","1504.85","221.5","318.6","1438.37","70.9","77.4","1091.68","292.4","396.0","1354.31","130.7","96.4","737.57","0.9","0.9","1000.0","0.0","0.0","0.0","0.0","0.0","0.0","40.8","31.9","781.86","17.9","14.1","787.71","121.3","56.1","462.49","75.2","72.3","961.44","94.7","19.1","201.69","0.0","0.0","0.0","20.5","14.0","682.93","0.0","0.0","0.0","0.0","0.0","0.0","2.4","1.9","791.67","0.4","0.1","250.0","193.8","107.3","553.66","8.6","62.4","7255.81","155.7","20.9","134.23","41.2","3.8","45.0","0.0","2.6","2.4"
"101","1989","7","Maharashtra","Jalgaon","5.7","6.2","1087.72","32.8","49.0","1493.9","221.0","416.4","1884.16","66.5","79.8","1200.0","287.5","496.2","1725.91","127.9","127.9","1000.0","0.0","0.0","0.0","0.0","0.0","0.0","0.0","0.0","0.0","45.9","31.1","677.56","20.2","19.7","975.25","121.3","58.3","480.63","60.6","63.9","1054.46","79.2","25.0","315.66","0.0","0.0","0.0","19.6","13.7","698.98","0.0","0.0","0.0","0.0","0.0","0.0","0.0","0.0","0.0","0.0","0.0","0.0","164.8","109.4","663.83","10.4","87.0","8365.38","165.1","33.5","202.91","47.0","5.0","52.0","0.0","3.1","2.1"
"101","1990","7","Maharashtra","Jalgaon","5.7","3.9","684.21","35.3","55.9","1583.57","213.4","340.2","1594.19","65.8","80.3","1220.36","279.2","420.5","1506.09","120.6","119.0","986.73","0.5","0.7","1400.0","0.1","0.1","1000.0","0.0","0.0","0.0","53.9","38.6","716.14","22.0","18.1","822.73","123.1","59.9","486.6","66.1","70.6","1068.08","63.3","27.3","431.28","0.0","0.0","0.0","22.5","13.5","600.0","0.1","0.0","0.0","0.3","0.1","333.33","3.8","3.0","789.47","0.1","0.1","1000.0","158.1","117.0","740.04","11.7","94.71","8094.87","189.3","32.45","171.42","50.6","4.3","54.9","0.0","2.6","6.1"
"101","1991","7","Maharashtra","Jalgaon","6.7","5.7","850.75","32.3","33.9","1049.54","196.7","241.7","1228.77","29.7","31.2","1050.51","226.4","272.9","1205.39","100.1","72.2","721.28","0.0","0.0","0.0","0.0","0.0","0.0","0.0","0.0","0.0","32.9","22.5","683.89","23.1","14.3","619.05","126.7","28.1","221.78","53.6","29.9","557.84","78.0","23.9","306.41","0.0","0.0","0.0","6.0","2.9","483.33","0.1","0.0","0.0","0.2","0.1","500.0","8.8","4.8","545.45","0.9","0.6","666.67","147.3","61.1","414.8","14.9","106.58","7153.02","204.0","18.97","92.99","47.2","3.5","50.7","0.0","1.6","2.0"
"101","1992","7","Maharashtra","Jalgaon","1.7","2.0","1176.47","35.8","60.2","1681.56","234.3","513.2","2190.35","45.7","60.5","1323.85","280.0","573.7","2048.93","114.4","145.2","1269.23","0.6","0.5","833.33","0.0","0.0","0.0","0.0","0.0","0.0","46.0","33.0","717.39","22.9","20.9","912.66","116.9","91.9","786.14","42.4","47.5","1120.28","73.9","34.6","468.2","0.1","0.0","0.0","18.3","12.6","688.52","0.0","0.0","0.0","0.0","0.0","0.0","9.4","5.5","585.11","1.0","1.0","1000.0","145.1","101.2","697.45","9.9","79.78","8058.59","175.1","34.26","195.66","46.9","4.0","50.9","0.0","2.1","2.2"
"101","1993","7","Maharashtra","Jalgaon","1.2","1.3","1083.33","31.7","65.4","2063.09","216.5","408.2","1885.45","64.0","80.6","1259.37","280.5","488.8","1742.6","101.3","110.4","1089.83","6.3","10.8","1714.29","0.0","0.0","0.0","0.0","0.0","0.0","49.7","39.9","802.82","25.8","26.4","1023.26","104.0","72.6","698.08","34.8","36.4","1045.98","70.6","25.6","362.61","0.6","0.2","333.33","16.9","11.3","668.64","0.3","0.1","333.33","0.0","0.0","0.0","10.9","7.0","642.2","1.1","1.5","1363.64","135.2","82.1","607.25","10.2","88.84","8709.8","210.1","43.4","206.57","48.0","3.7","51.7","0.0","1.6","1.8"
"101","1994","7","Maharashtra","Jalgaon","1.1","1.1","1000.0","37.1","80.2","2161.73","189.5","370.1","1953.03","66.4","80.2","1207.83","255.9","450.3","1759.67","92.1","98.9","1073.83","12.4","20.8","1677.42","0.0","0.0","0.0","0.0","0.0","0.0","55.1","44.6","809.44","26.3","20.0","760.46","108.2","67.1","620.15","36.9","44.9","1216.8","65.8","15.8","240.12","0.2","0.1","500.0","4.7","2.4","510.64","1.2","0.5","416.67","0.0","0.0","0.0","8.9","4.5","505.62","3.6","6.6","1833.33","123.7","75.5","610.35","18.5","158.42","8563.24","263.3","58.74","223.09","49.0","3.5","52.5","0.0","1.6","2.3"
"101","1995","7","Maharashtra","Jalgaon","1.6","1.5","937.5","31.1","45.3","1456.59","185.5","318.5","1716.98","63.9","64.3","1006.26","249.4","382.8","1534.88","91.3","61.1","669.22","7.8","12.7","1628.21","0.0","0.0","0.0","0.0","0.0","0.0","47.1","28.8","611.46","25.6","18.0","703.12","92.6","37.6","406.05","26.0","22.4","861.54","60.5","17.8","294.21","0.0","0.0","0.0","3.0","2.0","666.67","0.0","0.0","0.0","0.1","0.1","1000.0","6.3","3.9","619.05","4.4","5.0","1136.36","81.0","45.7","564.2","17.7","150.06","8477.97","277.9","53.43","192.26","48.2","3.7","51.9","0.0","1.7","2.5"
"101","1996","7","Maharashtra","Jalgaon","1.7","2.0","1176.47","39.8","74.4","1869.35","173.3","383.5","2212.93","67.5","81.2","1202.96","240.8","464.7","1929.82","88.9","112.4","1264.34","7.6","11.4","1500.0","0.0","0.0","0.0","0.0","0.0","0.0","57.1","45.1","789.84","24.0","17.3","720.83","94.7","62.7","662.09","28.9","33.2","1148.79","36.5","13.8","378.08","0.0","0.0","0.0","2.9","2.1","724.14","0.0","0.0","0.0","0.1","0.1","1000.0","4.2","2.6","619.05","3.6","5.5","1527.78","75.5","57.0","754.97","14.3","118.6","8293.71","289.9","76.08","262.44","46.1","4.1","50.2","0.0","1.6","3.0"
"101","1997","7","Maharashtra","Jalgaon","1.7","1.6","941.18","31.9","42.2","1322.88","153.9","312.2","2028.59","52.1","55.4","1063.34","206.0","367.6","1784.47","80.8","93.6","1158.42","8.5","12.7","1494.12","0.0","0.0","0.0","0.0","0.0","0.0","49.5","31.8","642.42","24.3","7.4","304.53","106.2","57.5","541.43","23.5","23.5","1000.0","27.9","10.4","372.76","1.2","0.0","0.0","2.9","1.7","586.21","0.0","0.0","0.0","0.0","0.0","0.0","2.1","1.8","857.14","3.3","3.9","1181.82","60.9","35.8","587.85","16.0","84.37","5273.13","287.8","53.24","184.99","46.1","4.4","50.5","0.0","1.7","3.1"
"101","1998","7","Maharashtra","Jalgaon","1.8","1.9","1055.56","43.8","72.2","1648.4","157.3","319.4","2030.51","61.3","75.0","1223.49","218.6","394.4","1804.21","71.8","80.5","1121.17","8.6","17.6","2046.51","0.0","0.0","0.0","0.0","0.0","0.0","57.4","40.1","698.61","24.4","13.9","569.67","98.9","64.0","647.12","20.9","24.0","1148.33","24.8","10.1","407.26","0.3","0.0","0.0","0.2","0.1","500.0","0.1","0.1","1000.0","0.0","0.0","0.0","3.1","1.6","516.13","2.4","3.6","1500.0","52.1","39.6","760.08","10.7","102.43","9572.9","371.9","83.22","223.77","31.3","4.9","12.5","0.0","2.2","2.3"
"101","1999","7","Maharashtra","Jalgaon","1.8","1.7","944.44","46.9","88.3","1882.73","145.4","237.7","1634.8","74.3","96.7","1301.48","219.7","334.4","1522.08","67.3","68.6","1019.32","9.2","14.8","1608.7","0.0","0.0","0.0","0.0","0.0","0.0","61.1","48.2","788.87","25.1","14.0","557.77","105.3","36.6","347.58","17.2","16.1","936.05","24.1","9.4","390.04","0.1","0.0","0.0","0.3","0.2","666.67","0.1","0.1","1000.0","0.0","0.0","0.0","2.6","1.2","461.54","3.0","4.1","1366.67","47.6","31.08","652.94","9.7","89.93","9271.13","332.6","79.49","239.0","39.9","6.5","46.4","0.0","3.5","4.7"
"101","2000","7","Maharashtra","Jalgaon","1.7","2.1","1235.29","22.6","31.6","1398.23","142.1","167.1","1175.93","27.9","28.0","1003.58","170.0","195.1","1147.65","63.8","35.7","559.56","9.7","6.4","659.79","0.0","0.0","0.0","0.0","0.0","0.0","25.2","17.0","674.6","25.7","8.5","330.74","105.1","29.8","283.54","11.3","6.3","557.52","26.3","5.9","224.33","0.1","0.0","0.0","0.0","0.0","0.0","0.3","0.1","333.33","0.0","0.0","0.0","1.8","0.9","500.0","2.9","2.9","1000.0","42.7","16.1","377.05","14.5","120.34","8299.31","411.5","47.79","116.14","43.9","1.6","45.5","0.0","1.6","5.4"
"101","2001","7","Maharashtra","Jalgaon","1.2","0.7","583.33","23.8","39.3","1651.26","144.5","216.6","1498.96","28.4","37.2","1309.86","172.9","253.8","1467.9","62.5","54.0","864.0","9.9","18.1","1828.28","0.0","0.0","0.0","0.0","0.0","0.0","27.1","24.4","900.37","28.4","18.0","633.8","103.1","59.3","575.17","7.7","5.6","727.27","25.8","10.6","410.85","0.0","0.0","0.0","0.0","0.0","0.0","0.4","0.2","500.0","0.0","0.0","0.0","1.2","0.5","416.67","3.1","4.3","1387.1","38.2","21.18","554.45","13.5","100.74","7462.22","403.0","85.83","212.98","38.3","1.0","39.3","0.0","1.0","5.6"
"101","2002","7","Maharashtra","Jalgaon","0.9","0.8","888.89","27.7","53.2","1920.58","155.9","329.7","2114.82","31.5","49.9","1584.13","187.4","379.6","2025.61","63.6","64.7","1017.3","14.3","40.2","2811.19","0.0","0.0","0.0","0.0","0.0","0.0","35.2","35.9","1019.89","24.9","18.2","730.92","113.4","76.0","670.19","8.3","8.5","1024.1","26.2","12.0","458.02","0.1","0.0","0.0","0.0","0.0","0.0","0.2","0.01","50.0","0.0","0.0","0.0","0.9","0.4","444.44","3.4","8.6","2529.41","39.1","29.54","755.5","12.0","85.5","7125.0","384.0","79.59","207.27","37.2","3.7","40.9","0.0","3.7","5.6"
"101","2003","7","Maharashtra","Jalgaon","0.9","1.1","1222.22","33.0","61.5","1863.64","154.7","289.3","1870.07","34.2","50.9","1488.3","188.9","340.2","1800.95","61.7","63.8","1034.04","16.0","51.7","3231.25","0.0","0.0","0.0","0.0","0.0","0.0","45.0","38.4","853.33","25.8","18.3","709.3","112.9","64.6","572.19","8.7","9.1","1045.98","29.7","11.9","400.67","0.1","0.0","0.0","0.0","0.0","0.0","0.0","0.0","0.0","0.0","0.0","0.0","0.8","0.4","500.0","3.6","8.8","2444.44","43.1","30.28","702.55","13.0","43.99","3383.85","383.6","87.52","228.15","37.9","5.3","43.2","0.0","5.3","0.0"
"101","2004","7","Maharashtra","Jalgaon","0.4","0.4","1000.0","38.4","77.7","2023.44","132.5","242.4","1829.43","39.3","62.4","1587.79","171.8","304.8","1774.16","58.6","57.1","974.4","21.3","44.0","2065.73","0.0","0.0","0.0","0.0","0.0","0.0","51.9","49.7","957.61","25.9","18.4","710.42","98.9","38.68","391.1","7.8","7.7","987.18","25.8","7.5","290.7","0.0","0.0","0.0","0.0","0.0","0.0","0.0","0.0","0.0","0.0","0.0","0.0","1.1","0.6","545.45","8.5","18.0","2117.65","43.5","33.91","779.54","14.9","92.26","6191.95","396.1","104.82","264.63","34.5","4.1","38.6","0.0","4.11","0.0"
"101","2005","7","Maharashtra","Jalgaon","0.2","0.3","1500.0","36.2","66.8","1845.3","131.7","265.1","2012.91","28.4","40.6","1429.58","160.1","305.7","1909.43","60.1","44.3","737.1","29.3","95.2","3249.15","0.0","0.0","0.0","0.0","0.0","0.0","47.7","41.3","865.83","29.3","20.4","696.25","102.4","42.01","410.25","5.6","6.0","1071.43","0.7","0.2","285.71","0.0","0.0","0.0","0.0","0.0","0.0","0.0","0.0","0.0","0.0","0.0","0.0","1.5","1.1","733.33","14.6","26.5","1815.07","49.2","42.87","871.34","17.0","109.9","6464.71","393.4","102.71","261.08","44.1","2.4","46.5","0.0","2.24","0.0"
"101","2006","7","Maharashtra","Jalgaon","0.1","0.1","1000.0","50.8","111.9","2202.76","129.5","246.0","1899.61","34.1","50.1","1469.21","163.6","296.1","1809.9","52.7","55.9","1060.72","46.1","133.96","2905.86","0.0","0.0","0.0","0.0","0.0","0.0","59.0","56.8","962.71","31.1","23.8","765.27","98.3","50.08","509.46","5.6","6.7","1196.43","26.4","9.8","371.21","0.2","0.15","750.0","0.0","0.0","0.0","0.2","0.05","250.0","0.0","0.0","0.0","2.9","1.8","620.69","27.1","51.3","1892.99","62.4","69.8","1118.59","18.8","123.84","6587.23","420.5","136.71","325.11","0.0","0.0","0.0","0.0","3.98","0.0"
"101","2007","7","Maharashtra","Jalgaon","0.1","0.14","1400.0","52.6","137.7","2617.87","120.1","272.6","2269.78","30.5","57.0","1868.85","150.6","329.6","2188.58","59.4","60.15","1012.63","69.3","195.06","2814.72","0.0","0.0","0.0","0.0","0.0","0.0","38.0","42.4","1115.79","29.9","23.2","775.92","107.2","61.2","570.9","7.8","7.91","1014.1","22.2","9.7","436.94","0.1","0.1","1000.0","0.3","0.2","666.67","0.2","0.05","250.0","0.0","0.0","0.0","3.1","2.16","696.77","24.8","45.5","1834.68","58.5","65.62","1121.71","22.4","148.84","6644.64","416.0","161.25","387.62","0.0","0.0","0.0","0.0","6.85","0.0"
"101","2008","7","Maharashtra","Jalgaon","0.0","0.0","0.0","31.6","64.6","2044.3","10.8","20.8","1925.93","34.5","48.4","1402.9","45.3","69.2","1527.59","33.0","33.8","1024.24","74.7","190.8","2554.22","0.0","0.0","0.0","0.0","0.0","0.0","27.7","27.4","989.17","13.8","8.5","615.94","87.1","38.2","438.58","4.9","5.7","1163.27","12.4","4.1","330.65","0.0","0.0","0.0","1.3","0.7","538.46","0.0","0.0","0.0","0.0","0.0","0.0","11.5","6.6","573.91","18.1","33.8","1867.4","48.3","50.93","1054.45","11.7","76.48","6536.75","434.6","132.62","305.15","0.0","0.0","0.0","0.0","0.0","0.0"
"101","2009","7","Maharashtra","Jalgaon","0.2","0.09","450.0","50.9","109.98","2160.71","112.9","228.18","2021.08","53.5","82.4","1540.19","166.4","310.58","1866.47","33.2","36.07","1086.45","87.0","197.79","2273.45","0.0","0.0","0.0","0.0","0.0","0.0","57.3","65.59","1144.68","14.8","10.74","725.68","85.83","40.92","476.76","6.0","9.01","1501.67","13.0","5.22","401.54","0.4","0.2","500.0","1.6","1.16","725.0","0.2","0.04","200.0","0.0","0.0","0.0","9.6","4.6","479.17","19.1","41.78","2187.43","50.3","61.9","1230.62","9.6","67.54","7035.42","413.6","116.46","281.58","0.0","0.0","0.0","0.0","0.0","0.0"
"101","2010","7","Maharashtra","Jalgaon","0.0","0.0","0.0","66.0","164.59","2493.79","117.3","271.19","2311.94","54.5","89.4","1640.37","171.8","360.59","2098.89","35.8","49.8","1391.06","88.5","286.25","3234.46","0.0","0.0","0.0","0.0","0.0","0.0","70.6","82.19","1164.16","16.0","14.26","891.25","88.7","60.5","682.07","4.9","6.96","1420.41","14.7","7.44","506.12","0.0","0.0","0.0","0.5","0.52","1040.0","0.1","0.04","400.0","0.0","0.0","0.0","5.0","2.46","492.0","12.9","26.2","2031.01","38.2","43.68","1143.46","11.2","87.7","7830.36","509.7","186.5","365.9","0.0","0.0","0.0","0.0","0.0","0.0"
"101","2011","7","Maharashtra","Jalgaon","0.2","0.3","1500.0","25.9","60.23","2325.48","75.7","177.65","2346.76","27.7","40.55","1463.9","103.4","218.2","2110.25","16.9","24.1","1426.04","79.2","272.84","3444.95","0.0","0.0","0.0","0.0","0.0","0.0","36.2","47.14","1302.21","16.9","13.27","785.21","80.6","56.68","703.23","3.5","4.91","1402.86","7.7","4.18","542.86","0.0","0.0","0.0","0.2","0.05","250.0","0.0","0.0","0.0","0.0","0.0","0.0","1.6","0.83","518.75","15.8","31.56","1997.47","28.8","41.53","1442.01","11.2","82.0","7321.43","548.6","176.87","322.4","47.83","4.86","52.69","0.03","2.92","0.0"
"101","2012","7","Maharashtra","Jalgaon","0.03","0.0","0.0","25.3","52.97","2093.68","77.5","150.2","1938.06","25.7","28.28","1100.39","103.2","178.48","1729.46","17.6","18.2","1034.09","82.2","220.25","2679.44","0.0","0.0","0.0","0.0","0.0","0.0","34.4","24.94","725.0","18.3","11.51","628.96","83.5","41.34","495.09","2.9","3.73","1286.21","7.3","2.75","376.71","0.0","0.0","0.0","0.3","0.07","233.33","0.5","0.1","200.0","0.0","0.0","0.0","0.41","0.14","341.46","15.0","25.58","1705.33","26.41","32.36","1225.29","11.0","75.91","6900.91","558.8","145.06","259.59","38.55","12.24","50.79","0.0","9.27","0.0"
"101","2013","7","Maharashtra","Jalgaon","0.0","0.0","0.0","25.3","64.8","2561.27","77.6","178.3","2297.68","25.7","40.3","1568.09","103.3","218.6","2116.17","17.7","20.8","1175.14","87.5","304.6","3481.14","0.0","0.0","0.0","0.0","0.0","0.0","34.4","39.8","1156.98","18.4","20.4","1108.7","82.2","55.8","678.83","3.1","3.6","1161.29","7.3","2.7","369.86","0.0","0.0","0.0","0.3","0.1","333.33","0.1","0.0","0.0","0.0","0.0","0.0","0.4","0.2","500.0","15.0","26.5","1766.67","39.4","63.1","1601.52","11.7","88.32","7548.72","558.8","270.72","484.47","0.0","0.0","0.0","0.0","0.0","0.0"
"101","2014","7","Maharashtra","Jalgaon","0.0","0.0","0.0","49.6","81.1","1635.08","53.5","119.6","2235.51","32.5","45.3","1393.85","86.0","164.9","1917.44","19.0","23.2","1221.05","154.1","446.8","2899.42","0.0","0.0","0.0","0.0","0.0","0.0","51.6","54.4","1054.26","15.6","8.2","525.64","58.8","32.2","547.62","4.8","5.2","1083.33","3.4","1.2","352.94","0.0","0.0","0.0","0.0","0.0","0.0","0.0","0.0","0.0","0.0","0.0","0.0","0.0","0.0","0.0","25.0","35.4","1416.0","34.1","42.5","1246.33","7.9","55.36","7007.59","471.1","138.26","293.48","0.0","0.0","0.0","0.0","0.0","0.0"
"101","2015","7","Maharashtra","Jalgaon","0.0","0.0","0.0","42.3","63.5","1501.18","51.5","64.1","1244.66","30.8","34.7","1126.62","82.3","98.8","1200.49","18.4","11.4","619.57","148.9","260.8","1751.51","0.0","0.0","0.0","0.0","0.0","0.0","49.1","46.5","947.05","15.5","7.7","496.77","59.6","18.81","315.6","4.5","3.2","711.11","3.1","0.6","193.55","0.0","0.0","0.0","0.0","0.0","0.0","1.3","0.3","230.77","0.0","0.0","0.0","0.05","0.01","200.0","31.8","17.6","553.46","40.8","21.9","536.76","10.0","77.66","7766.0","461.6","109.06","236.27","0.0","0.0","0.0","0.0","0.0","0.0"
"101","2016","7","Maharashtra","Jalgaon","0.0","0.0","0.0","52.7","106.1","2013.28","54.9","126.4","2302.37","34.1","53.8","1577.71","89.0","180.2","2024.72","20.5","28.7","1400.0","197.6","670.3","3392.21","0.0","0.0","0.0","0.0","0.0","0.0","64.3","89.2","1387.25","19.76","21.39","1082.12","63.19","44.79","708.8","4.9","6.8","1387.76","3.43","0.89","259.17","0.02","0.01","500.0","0.11","0.05","454.55","0.0","0.0","0.0","0.04","0.02","510.0","0.01","0.0","333.33","33.9","63.6","1876.11","0.0","0.0","0.0","9.16","84.59","9231.69","504.2","263.21","522.04","0.0","0.0","0.0","0.0","0.0","0.0"
"101","2017","7","Maharashtra","Jalgaon","0.0","0.0","0.0","51.01","97.3","1907.32","55.7","105.8","1899.46","35.4","60.8","1717.51","91.1","166.6","1828.76","20.2","20.2","1000.0","202.67","723.5","3569.91","0.0","0.0","0.0","0.0","0.0","0.0","72.3","92.2","1275.24","19.5","14.4","738.46","62.63","32.7","522.14","5.05","5.6","1108.03","3.63","1.24","343.08","0.01","0.01","1000.0","0.0","0.0","0.0","0.0","0.0","0.0","0.0","0.0","0.0","0.01","0.0","555.56","34.14","55.9","1637.42","0.0","0.0","0.0","9.33","79.31","8500.54","514.3","150.28","292.21","0.0","0.0","0.0","0.0","0.0","0.0"
"102","1966","7","Maharashtra","Ahmednagar","11.0","5.0","454.55","38.0","17.0","447.37","1.0","0.6","600.0","607.7","272.1","447.75","608.7","272.7","448.0","315.0","61.0","193.65","1.0","1.0","1000.0","8.0","4.0","500.0","0.0","0.0","0.0","22.0","7.0","318.18","20.0","13.0","650.0","232.3","13.6","58.54","34.0","16.0","470.59","1.7","0.5","294.12","0.0","0.0","0.0","51.44","-1.0","-1.0","0.0","0.0","0.0","1.3","0.3","230.77","0.0","0.0","0.0","0.0","0.0","0.0","199.2","16.8","84.34","34.8","254.1","7301.72","29.0","5.0","172.41","4.33","8.01","12.34","1.21","4.29","61.55"
"102","1967","7","Maharashtra","Ahmednagar","9.0","8.0","888.89","40.0","14.0","350.0","2.5","1.9","760.0","642.2","274.0","426.66","644.7","275.9","427.95","361.0","62.0","171.75","1.0","2.0","2000.0","5.0","3.0","600.0","0.0","0.0","0.0","22.0","6.0","272.73","20.0","11.0","550.0","223.4","9.7","43.42","24.0","11.0","458.33","1.9","0.5","263.16","0.0","0.0","0.0","2.35","-1.0","-1.0","0.0","0.0","0.0","1.2","0.2","166.67","0.0","0.0","0.0","0.0","0.0","0.0","213.3","11.7","54.85","34.9","245.6","7037.25","37.0","5.0","135.14","4.21","5.42","9.63","1.13","1.78","64.34"
"102","1968","7","Maharashtra","Ahmednagar","7.9","7.0","886.08","43.1","28.0","649.65","1.0","1.0","1000.0","555.1","186.0","335.07","556.1","187.0","336.27","351.3","86.0","244.81","0.9","1.0","1111.11","6.0","5.0","833.33","0.0","0.0","0.0","20.9","7.0","334.93","18.3","10.0","546.45","72.6","10.6","146.01","23.8","13.0","546.22","1.6","0.4","250.0","0.0","0.0","0.0","2.4","-1.0","-1.0","0.1","0.0","0.0","1.1","0.2","181.82","0.0","0.0","0.0","0.0","0.0","0.0","85.0","13.6","160.0","47.4","305.5","6445.15","25.2","3.0","119.05","3.9","4.7","8.6","0.9","1.5","72.5"
"102","1969","7","Maharashtra","Ahmednagar","7.5","5.0","666.67","49.0","22.8","465.31","1.5","1.3","866.67","494.3","213.1","431.11","495.8","214.4","432.43","379.8","114.3","300.95","0.9","1.5","1666.67","6.2","3.1","500.0","0.0","0.0","0.0","20.1","6.4","318.41","22.6","14.1","623.89","84.0","12.9","153.57","24.9","11.9","477.91","1.9","0.5","263.16","0.0","0.0","0.0","2.3","-1.0","-1.0","0.0","0.0","0.0","1.1","0.3","272.73","0.0","0.0","0.0","0.0","0.0","0.0","84.9","12.7","149.59","52.0","415.4","7988.46","25.1","2.3","91.63","3.7","4.9","8.6","0.7","1.5","77.1"
"102","1970","7","Maharashtra","Ahmednagar","7.1","5.6","788.73","46.6","28.7","615.88","1.7","1.5","882.35","530.9","98.7","185.91","532.6","100.2","188.13","361.5","126.2","349.1","1.5","1.7","1133.33","6.2","5.2","838.71","0.0","0.0","0.0","17.5","5.9","337.14","20.0","14.7","735.0","62.1","0.6","9.66","18.9","12.3","650.79","2.2","0.4","181.82","0.1","0.0","0.0","59.3","-1.0","-1.0","0.0","0.0","0.0","1.4","0.3","214.29","0.0","0.0","0.0","0.0","0.0","0.0","84.2","13.0","154.39","52.0","413.8","7957.69","28.3","2.3","81.27","3.5","5.6","9.1","0.6","2.4","57.9"
"102","1971","7","Maharashtra","Ahmednagar","7.1","5.8","816.9","52.6","31.5","598.86","1.1","1.0","909.09","710.0","129.3","182.11","711.1","130.3","183.24","121.2","28.7","236.8","0.7","1.0","1428.57","6.2","4.4","709.68","0.0","0.0","0.0","20.7","10.0","483.09","4.7","1.2","255.32","19.8","1.9","95.96","10.1","7.5","742.57","0.6","0.1","166.67","0.0","0.0","0.0","58.6","-1.0","-1.0","0.0","0.0","0.0","1.8","0.3","166.67","0.0","0.0","0.0","0.0","0.0","0.0","73.2","7.9","107.92","49.2","349.9","7111.79","8.6","2.0","232.56","3.0","5.0","8.0","0.4","1.8","75.9"
"102","1972","7","Maharashtra","Ahmednagar","5.8","1.0","172.41","44.3","21.7","489.84","1.9","0.2","105.26","510.5","44.6","87.37","512.4","44.8","87.43","160.1","23.6","147.41","0.7","1.2","1714.29","5.4","1.0","185.19","0.0","0.0","0.0","9.2","2.3","250.0","3.9","0.8","205.13","18.6","1.3","69.89","8.0","2.2","275.0","0.3","0.1","333.33","0.0","0.0","0.0","73.7","7.5","101.76","0.0","0.0","0.0","0.6","0.1","166.67","0.0","0.0","0.0","0.0","0.0","0.0","84.6","9.9","117.02","48.2","331.8","6883.82","6.5","1.5","230.77","2.5","3.4","5.9","0.2","1.5","88.5"
"102","1973","7","Maharashtra","Ahmednagar","5.8","6.7","1155.17","55.4","38.7","698.56","0.9","0.7","777.78","588.0","240.4","408.84","588.9","241.1","409.41","345.9","143.8","415.73","1.7","2.8","1647.06","5.2","3.5","673.08","0.0","0.0","0.0","21.0","7.1","338.1","18.3","13.2","721.31","78.1","3.0","38.41","12.2","10.2","836.07","2.0","0.5","250.0","0.0","0.0","0.0","58.0","21.8","375.86","0.0","0.0","0.0","1.6","0.3","187.5","0.0","0.0","0.0","0.0","0.0","0.0","70.9","32.8","462.62","50.0","372.3","7446.0","4.3","0.8","186.05","2.6","6.1","8.7","0.5","1.9","77.6"
"102","1974","7","Maharashtra","Ahmednagar","7.0","10.0","1428.57","47.7","56.3","1180.29","1.9","2.5","1315.79","582.7","235.1","403.47","584.6","237.6","406.43","321.0","117.0","364.49","1.6","2.6","1625.0","5.2","3.7","711.54","0.0","0.0","0.0","18.9","6.9","365.08","19.0","11.8","621.05","75.7","17.5","231.18","12.7","13.0","1023.62","2.3","0.5","217.39","0.0","0.0","0.0","51.0","25.5","500.0","0.1","0.1","1000.0","1.4","0.4","285.71","0.0","0.0","0.0","0.0","0.0","0.0","92.7","39.5","426.11","57.2","482.0","8426.57","5.8","1.3","224.14","2.7","6.5","9.2","1.1","2.1","93.7"
"102","1975","7","Maharashtra","Ahmednagar","8.3","15.4","1855.42","75.4","90.1","1194.96","31.9","56.8","1780.56","581.5","204.6","351.85","613.4","261.4","426.15","306.4","75.0","244.78","2.1","2.3","1095.24","5.0","3.9","780.0","0.0","0.0","0.0","25.1","10.5","418.33","23.1","12.4","536.8","74.2","15.1","203.5","14.3","14.5","1013.99","2.6","0.6","230.77","0.0","0.0","0.0","52.0","18.4","353.85","0.1","0.1","1000.0","2.5","0.7","280.0","0.0","0.0","0.0","0.0","0.0","0.0","88.4","34.3","388.01","61.5","521.9","8486.18","6.5","1.6","246.15","2.9","6.8","9.7","1.4","2.3","102.6"
"102","1976","7","Maharashtra","Ahmednagar","13.0","21.0","1615.38","76.2","75.1","985.56","36.1","73.6","2038.78","543.2","243.9","449.01","579.3","317.5","548.08","305.2","96.2","315.2","1.7","2.1","1235.29","5.2","3.3","634.62","0.0","0.0","0.0","23.4","8.3","354.7","23.3","14.8","635.19","75.6","27.2","359.79","18.4","18.5","1005.43","3.0","0.9","300.0","0.0","0.0","0.0","67.6","22.2","328.4","0.0","0.0","0.0","2.3","0.6","260.87","0.0","0.0","0.0","0.0","0.0","0.0","92.3","42.2","457.2","62.4","534.7","8568.91","3.9","1.2","307.69","2.9","6.3","9.2","1.1","1.8","101.1"
"102","1977","7","Maharashtra","Ahmednagar","9.7","17.9","1845.36","67.5","76.3","1130.37","36.2","63.3","1748.62","532.7","280.5","526.56","568.9","343.8","604.32","303.0","84.6","279.21","1.2","2.4","2000.0","5.5","3.7","672.73","0.0","0.0","0.0","21.8","6.0","275.23","23.0","10.9","473.91","65.3","13.7","209.8","20.5","13.2","643.9","3.2","0.9","281.25","0.0","0.0","0.0","63.7","14.6","229.2","0.2","0.1","500.0","2.9","0.8","275.86","0.0","0.0","0.0","0.0","0.0","0.0","94.8","29.6","312.24","70.3","589.8","8389.76","5.2","2.0","384.62","2.3","6.4","8.7","1.4","2.0","102.3"
"102","1978","7","Maharashtra","Ahmednagar","8.8","13.8","1568.18","73.6","78.7","1069.29","30.6","51.1","1669.93","534.6","180.8","338.2","565.2","231.9","410.3","238.0","49.7","208.82","1.6","3.3","2062.5","5.6","4.0","714.29","0.0","0.0","0.0","19.3","9.2","476.68","15.4","8.6","558.44","51.0","11.4","223.53","22.5","18.0","800.0","3.0","0.8","266.67","0.0","0.0","0.0","66.5","29.2","439.1","0.0","0.0","0.0","3.2","0.9","281.25","0.0","0.0","0.0","0.0","0.0","0.0","98.2","48.9","497.96","60.6","501.2","8270.63","9.8","3.8","387.76","2.6","7.2","9.8","1.3","2.4","102.7"
"102","1979","7","Maharashtra","Ahmednagar","8.1","8.7","1074.07","74.4","79.0","1061.83","25.1","28.9","1151.39","605.3","278.4","459.94","630.4","307.3","487.47","179.3","72.7","405.47","1.0","2.5","2500.0","6.7","6.0","895.52","0.0","0.0","0.0","20.2","10.7","529.7","11.4","6.4","561.4","54.5","9.6","176.15","20.3","31.1","1532.02","3.8","0.8","210.53","0.0","0.0","0.0","70.3","30.2","429.59","0.0","0.0","0.0","2.9","0.9","310.34","0.0","0.0","0.0","0.0","0.0","0.0","90.1","63.0","699.22","43.2","385.1","8914.35","12.3","2.4","195.12","2.7","7.3","10.0","1.3","2.6","89.6"
"102","1980","7","Maharashtra","Ahmednagar","8.2","15.4","1878.05","67.2","74.9","1114.58","25.4","37.8","1488.19","513.9","242.6","472.08","539.3","280.4","519.93","328.7","148.4","451.48","3.0","7.0","2333.33","5.5","5.1","927.27","0.0","0.0","0.0","19.1","9.3","486.91","12.7","5.7","448.82","59.5","15.8","265.55","20.0","27.5","1375.0","3.6","0.6","166.67","0.0","0.0","0.0","66.7","27.6","413.79","0.0","0.0","0.0","3.0","0.9","300.0","0.2","0.0","0.0","0.0","0.0","0.0","82.1","28.9","352.01","49.7","458.4","9223.34","11.6","3.1","267.24","3.0","7.1","10.1","1.3","2.4","80.9"
"102","1981","7","Maharashtra","Ahmednagar","8.0","10.0","1250.0","71.0","80.4","1132.39","25.6","26.8","1046.88","539.8","157.5","291.77","565.4","184.3","325.96","314.2","78.9","251.11","1.0","3.2","3200.0","5.7","6.1","1070.18","0.0","0.0","0.0","20.5","11.0","536.59","11.3","5.5","486.73","55.0","12.8","232.73","19.0","22.4","1178.95","3.3","0.6","181.82","0.0","0.0","0.0","70.6","38.1","539.66","0.0","0.0","0.0","3.2","0.6","187.5","0.1","0.1","1000.0","0.0","0.0","0.0","78.9","43.0","544.99","60.3","614.7","10194.03","7.2","1.5","208.33","2.6","6.5","9.1","1.0","2.5","80.3"
"102","1982","7","Maharashtra","Ahmednagar","6.9","10.3","1492.75","63.8","73.4","1150.47","14.5","14.3","986.21","615.1","222.6","361.89","629.6","236.9","376.27","178.5","33.9","189.92","1.0","3.1","3100.0","5.7","5.8","1017.54","0.0","0.0","0.0","19.5","9.2","471.79","6.7","3.3","492.54","50.1","17.3","345.31","20.1","20.4","1014.93","3.7","0.8","216.22","0.0","0.0","0.0","73.2","36.4","497.27","0.1","0.1","1000.0","3.5","0.7","200.0","1.3","0.9","692.31","0.0","0.0","0.0","72.6","40.7","560.61","56.4","608.5","10789.01","3.8","0.9","236.84","2.6","6.5","9.1","1.0","2.1","63.8"
"102","1983","7","Maharashtra","Ahmednagar","6.8","11.8","1735.29","81.8","107.1","1309.29","17.5","24.0","1371.43","549.6","229.6","417.76","567.1","253.6","447.19","341.7","167.9","491.37","3.0","5.0","1666.67","5.7","6.0","1052.63","0.0","0.0","0.0","22.1","13.1","592.76","13.4","7.2","537.31","42.3","9.0","212.77","22.8","30.9","1355.26","3.7","0.8","216.22","0.0","0.0","0.0","77.7","53.0","682.11","0.1","0.1","1000.0","3.9","0.9","230.77","2.8","1.5","535.71","0.0","0.0","0.0","76.3","54.0","707.73","52.6","561.3","10671.1","2.0","0.3","150.0","2.7","6.6","9.3","0.6","2.3","61.4"
"102","1984","7","Maharashtra","Ahmednagar","6.4","9.0","1406.25","71.4","85.7","1200.28","16.3","17.4","1067.48","570.6","357.3","626.18","586.9","374.7","638.44","332.6","102.1","306.98","2.8","4.0","1428.57","5.2","4.7","903.85","0.0","0.0","0.0","29.5","16.3","552.54","13.6","6.9","507.35","34.8","2.7","77.59","25.7","36.7","1428.02","2.1","0.6","285.71","0.0","0.0","0.0","81.6","44.4","544.12","0.1","0.1","1000.0","4.5","1.6","355.56","14.7","11.5","782.31","0.0","0.0","0.0","72.9","45.6","625.51","47.6","502.4","10554.62","1.9","0.4","210.53","3.0","6.5","9.5","0.6","2.6","61.7"
"102","1985","7","Maharashtra","Ahmednagar","6.7","6.4","955.22","53.9","59.9","1111.32","13.7","12.4","905.11","583.3","166.7","285.79","597.0","179.1","300.0","287.8","37.8","131.34","2.4","2.7","1125.0","5.5","5.5","1000.0","0.0","0.0","0.0","28.6","11.1","388.11","11.4","4.3","377.19","39.6","9.8","247.47","8.0","4.6","575.0","1.9","0.5","263.16","0.0","0.0","0.0","81.2","27.8","342.36","0.1","0.0","0.0","4.0","1.1","275.0","20.1","12.5","621.89","0.0","0.0","0.0","120.9","49.2","406.95","42.3","429.5","10153.66","1.1","0.3","272.73","3.0","7.5","10.5","0.6","3.6","61.7"
"102","1986","7","Maharashtra","Ahmednagar","7.0","7.0","1000.0","42.0","40.0","952.38","12.1","15.2","1256.2","547.0","98.5","180.07","559.1","113.7","203.36","284.0","40.0","140.85","6.0","6.0","1000.0","5.0","3.0","600.0","0.0","0.0","0.0","29.0","8.0","275.86","11.0","1.4","127.27","54.4","14.5","266.54","8.0","6.0","750.0","1.6","0.5","312.5","0.0","0.0","0.0","75.7","10.2","134.74","0.1","0.1","1000.0","2.6","0.8","307.69","20.2","12.0","594.06","0.0","0.0","0.0","113.9","33.0","289.73","37.7","347.6","9220.16","1.0","0.1","100.0","3.5","6.6","10.1","0.7","2.3","58.8"
"102","1987","7","Maharashtra","Ahmednagar","6.0","8.0","1333.33","46.0","48.0","1043.48","12.9","17.7","1372.09","591.5","295.3","499.24","604.4","313.0","517.87","316.0","68.0","215.19","5.0","4.0","800.0","4.0","3.0","750.0","0.0","0.0","0.0","39.0","18.0","461.54","11.0","3.0","272.73","40.0","6.3","157.5","15.0","19.0","1266.67","2.2","0.2","90.91","0.0","0.0","0.0","77.5","29.4","379.35","0.1","0.0","0.0","3.0","1.1","366.67","14.8","10.6","716.22","0.0","0.0","0.0","117.2","61.8","527.3","39.9","348.4","8731.83","0.4","0.1","250.0","3.1","8.4","11.5","0.1","5.3","69.0"
"102","1988","7","Maharashtra","Ahmednagar","5.8","8.1","1396.55","76.0","101.6","1336.84","4.5","8.9","1977.78","555.6","277.6","499.64","560.1","286.5","511.52","356.2","118.6","332.96","5.7","4.9","859.65","3.8","3.9","1026.32","0.0","0.0","0.0","47.5","32.2","677.89","13.6","4.8","352.94","38.1","8.1","212.6","34.9","63.0","1805.16","3.9","1.1","282.05","0.0","0.0","0.0","61.6","49.3","800.32","1.5","1.1","733.33","2.1","0.6","285.71","21.4","11.9","556.07","0.1","0.0","0.0","121.8","123.7","1015.6","36.6","325.6","8896.17","1.7","0.2","117.65","5.8","16.6","22.4","0.1","10.2","53.1"
"102","1989","7","Maharashtra","Ahmednagar","6.3","9.8","1555.56","77.2","89.8","1163.21","10.7","17.9","1672.9","570.3","259.6","455.2","581.0","277.5","477.62","319.1","177.0","554.69","3.5","3.2","914.29","3.8","3.1","815.79","0.0","0.0","0.0","32.1","18.5","576.32","15.5","7.3","470.97","47.3","18.4","389.01","34.4","63.7","1851.74","3.0","0.4","133.33","0.1","0.0","0.0","70.1","40.4","576.32","1.8","0.5","277.78","2.3","0.7","304.35","0.0","0.0","0.0","0.3","0.2","666.67","136.7","121.0","885.15","44.9","438.1","9757.24","1.2","0.3","250.0","5.8","20.1","25.9","0.4","13.7","55.5"
"102","1990","7","Maharashtra","Ahmednagar","7.5","7.1","946.67","81.0","97.6","1204.94","9.0","16.4","1822.22","564.5","285.1","505.05","573.5","301.5","525.72","328.9","141.1","429.01","5.4","5.7","1055.56","3.5","2.8","800.0","0.0","0.0","0.0","34.8","18.5","531.61","18.9","5.4","285.71","41.5","14.7","354.22","39.4","62.8","1593.91","3.4","1.0","294.12","0.0","0.0","0.0","64.0","24.1","376.56","0.1","0.0","0.0","2.3","0.5","217.39","40.6","24.6","605.91","0.0","0.0","0.0","152.5","119.3","782.3","53.2","479.92","9021.05","1.9","0.48","252.63","7.0","15.3","22.3","0.4","9.0","51.5"
"102","1991","7","Maharashtra","Ahmednagar","4.9","4.6","938.78","77.7","87.9","1131.27","10.7","5.6","523.36","491.3","131.2","267.05","502.0","136.8","272.51","325.6","197.8","607.49","9.6","9.6","1000.0","4.0","2.9","725.0","0.0","0.0","0.0","24.8","13.0","524.19","20.2","5.3","262.38","45.1","10.4","230.6","21.3","23.6","1107.98","2.3","0.6","260.87","0.0","0.0","0.0","48.4","16.3","336.78","0.1","0.0","0.0","1.2","0.1","83.33","36.8","15.7","426.63","0.2","0.1","500.0","116.4","56.8","487.97","54.4","441.95","8124.08","1.1","0.15","136.36","7.2","13.8","21.0","0.5","8.1","57.4"
"102","1992","7","Maharashtra","Ahmednagar","8.1","10.4","1283.95","72.5","75.4","1040.0","9.5","18.5","1947.37","488.4","204.2","418.1","497.9","222.7","447.28","342.1","341.1","997.08","8.9","12.9","1449.44","3.3","3.7","1121.21","0.0","0.0","0.0","23.7","11.9","502.11","23.3","13.5","579.4","57.1","23.7","415.06","16.5","27.0","1636.36","2.8","1.0","357.14","0.1","0.1","1000.0","51.8","24.4","471.04","1.5","0.4","266.67","1.6","0.3","187.5","33.7","17.4","516.32","0.4","0.4","1000.0","110.8","71.6","646.21","50.5","410.62","8131.09","0.7","0.19","271.43","7.9","13.8","21.7","0.6","8.2","62.3"
"102","1993","7","Maharashtra","Ahmednagar","7.6","6.4","842.11","76.8","118.7","1545.57","7.4","11.0","1486.49","585.5","258.9","442.19","592.9","269.9","455.22","320.4","198.1","618.29","10.4","18.5","1778.85","4.4","4.3","977.27","0.0","0.0","0.0","32.6","22.4","687.12","25.3","18.4","727.27","59.6","24.5","411.07","38.4","71.3","1856.77","2.8","0.6","214.29","0.3","0.1","333.33","49.9","19.6","392.79","0.4","0.1","250.0","2.0","0.6","300.0","37.1","21.1","568.73","0.5","0.7","1400.0","133.4","114.6","859.07","30.2","240.83","7974.5","0.7","0.19","271.43","7.9","15.1","23.0","0.2","8.8","53.1"
"102","1994","7","Maharashtra","Ahmednagar","6.8","6.0","882.35","72.6","113.9","1568.87","5.1","6.7","1313.73","538.3","179.9","334.2","543.4","186.6","343.39","280.0","103.2","368.57","11.4","14.1","1236.84","3.4","2.7","794.12","0.0","0.0","0.0","35.5","19.7","554.93","22.5","11.8","524.44","47.0","23.7","504.26","14.6","27.5","1883.56","1.2","0.4","333.33","0.2","0.1","500.0","45.9","20.2","440.09","0.5","0.2","400.0","2.3","0.4","173.91","24.9","12.1","485.94","1.1","1.0","909.09","92.5","62.4","674.59","60.0","542.81","9046.83","1.5","0.43","286.67","8.4","16.8","25.2","0.6","9.6","58.4"
"102","1995","7","Maharashtra","Ahmednagar","5.8","9.3","1603.45","66.5","99.7","1499.25","2.3","4.6","2000.0","617.2","289.7","469.38","619.5","294.3","475.06","234.5","122.5","522.39","5.3","7.6","1433.96","1.5","1.2","800.0","0.0","0.0","0.0","37.0","22.0","594.59","15.0","6.3","420.0","34.8","14.5","416.67","8.7","12.3","1413.79","1.1","0.4","363.64","0.0","0.0","0.0","45.8","31.4","685.59","0.0","0.0","0.0","1.0","0.3","300.0","23.0","15.3","665.22","0.6","0.4","666.67","83.1","60.7","730.45","71.4","596.83","8358.96","3.2","1.05","328.12","8.3","16.1","24.4","0.6","9.6","55.5"
"102","1996","7","Maharashtra","Ahmednagar","5.7","7.6","1333.33","89.0","151.9","1706.74","2.7","3.1","1148.15","603.5","324.0","536.87","606.2","327.1","539.59","345.7","273.1","789.99","10.0","13.9","1390.0","2.5","1.7","680.0","0.0","0.0","0.0","42.8","26.9","628.5","20.9","12.3","588.52","36.2","19.0","524.86","16.6","25.2","1518.07","1.2","0.3","250.0","0.0","0.0","0.0","48.9","36.7","750.51","0.0","0.0","0.0","0.6","0.2","333.33","22.3","13.5","605.38","0.8","1.1","1375.0","94.2","78.0","828.03","54.6","441.61","8088.1","3.7","1.43","386.49","14.1","19.3","33.4","0.6","11.8","51.3"
"102","1997","7","Maharashtra","Ahmednagar","10.3","12.6","1223.3","90.0","98.4","1093.33","5.5","6.7","1218.18","555.3","201.4","362.69","560.8","208.1","371.08","343.3","191.4","557.53","10.4","15.6","1500.0","3.6","2.9","805.56","0.0","0.0","0.0","35.6","16.2","455.06","21.3","7.7","361.5","45.7","8.4","183.81","15.0","26.4","1760.0","1.3","0.2","153.85","0.0","0.0","0.0","45.5","8.9","195.6","1.0","0.2","200.0","0.5","0.1","200.0","15.7","7.7","490.45","3.8","3.1","815.79","84.9","56.7","667.84","42.3","368.09","8701.89","4.1","1.28","312.2","14.6","21.6","36.2","0.7","12.3","58.3"
"102","1998","7","Maharashtra","Ahmednagar","5.6","7.4","1321.43","124.4","154.2","1239.55","0.3","0.5","1666.67","453.2","227.9","502.87","453.5","228.4","503.64","302.4","243.9","806.55","15.2","27.0","1776.32","3.1","2.1","677.42","0.1","0.1","1000.0","59.6","40.9","686.24","18.8","9.7","515.96","35.7","17.7","495.8","22.1","31.9","1443.44","1.3","0.4","307.69","0.2","0.0","0.0","30.0","18.5","616.67","0.1","0.0","0.0","1.2","0.4","333.33","21.0","8.8","419.05","4.6","5.5","1195.65","82.9","66.5","802.17","59.6","523.18","8778.19","12.1","3.38","279.34","9.2","27.6","36.8","0.7","10.5","50.6"
"102","1999","7","Maharashtra","Ahmednagar","5.7","8.0","1403.51","127.0","178.8","1407.87","0.8","0.7","875.0","498.3","190.9","383.1","499.1","191.6","383.89","310.6","178.3","574.05","16.9","26.2","1550.3","2.6","2.5","961.54","0.0","0.0","0.0","55.3","34.6","625.68","19.0","9.9","521.05","39.0","10.3","264.1","21.4","33.2","1551.4","1.3","0.3","230.77","0.1","0.0","0.0","32.2","16.5","512.42","0.2","0.1","500.0","1.1","0.3","272.73","20.3","9.1","448.28","7.5","10.4","1386.67","86.6","70.42","813.16","67.5","604.33","8953.04","14.7","3.77","256.46","11.1","22.5","33.6","0.6","12.2","58.3"
"102","2000","7","Maharashtra","Ahmednagar","5.5","3.8","690.91","94.7","135.8","1434.0","0.8","0.7","875.0","518.7","160.8","310.01","519.5","161.5","310.88","326.1","187.3","574.36","21.0","20.6","980.95","4.8","4.3","895.83","0.0","0.0","0.0","61.0","30.3","496.72","19.1","9.4","492.15","42.5","16.8","395.29","17.8","24.4","1370.79","1.5","0.3","200.0","0.2","0.1","500.0","30.4","14.5","476.97","0.5","0.2","400.0","1.2","0.3","250.0","18.5","9.4","508.11","7.2","6.2","861.11","79.6","56.0","703.52","67.1","516.39","7695.83","15.7","4.35","277.07","5.6","19.9","25.5","0.6","19.2","59.0"
"102","2001","7","Maharashtra","Ahmednagar","7.3","4.1","561.64","93.8","156.3","1666.31","0.2","0.1","500.0","528.9","175.0","330.88","529.1","175.1","330.94","194.4","82.0","421.81","20.2","34.5","1707.92","4.6","7.0","1521.74","0.0","0.0","0.0","60.0","33.1","551.67","16.7","5.4","323.35","35.2","7.1","201.7","16.7","21.7","1299.4","1.0","0.3","300.0","0.1","0.0","0.0","27.4","11.7","427.01","0.2","0.1","500.0","1.3","0.3","230.77","14.1","10.0","709.22","7.6","9.0","1184.21","70.6","53.45","757.08","52.0","359.63","6915.96","13.5","2.84","210.37","4.6","18.7","23.3","0.6","17.8","59.9"
"102","2002","7","Maharashtra","Ahmednagar","7.4","1.7","229.73","70.4","88.5","1257.1","0.1","0.1","1000.0","494.9","117.3","237.02","495.0","117.4","237.17","218.4","158.9","727.56","19.8","23.2","1171.72","4.6","3.9","847.83","0.0","0.0","0.0","64.5","26.5","410.85","14.6","5.7","390.41","39.9","14.9","373.43","11.6","13.9","1198.28","1.4","0.2","142.86","0.1","0.0","0.0","24.7","7.8","315.79","0.1","0.01","100.0","1.0","0.2","200.0","13.5","5.3","392.59","15.1","18.8","1245.03","70.1","46.92","669.33","49.4","330.3","6686.23","10.8","1.41","130.56","5.2","18.2","23.4","0.5","17.4","60.4"
"102","2003","7","Maharashtra","Ahmednagar","7.6","5.9","776.32","39.2","39.5","1007.65","0.1","0.2","2000.0","478.3","55.1","115.2","478.4","55.3","115.59","204.1","70.8","346.89","17.2","11.8","686.05","4.6","3.7","804.35","0.0","0.0","0.0","50.9","20.5","402.75","9.0","3.0","333.33","23.2","5.9","254.31","5.5","5.0","909.09","0.8","0.3","375.0","0.2","0.1","500.0","20.3","3.4","167.49","0.0","0.0","0.0","0.8","0.2","250.0","9.7","2.8","288.66","17.9","18.5","1033.52","57.4","30.9","538.33","31.2","148.68","4765.38","10.4","1.77","170.19","4.0","30.8","34.8","0.6","30.0","0.0"
"102","2004","7","Maharashtra","Ahmednagar","8.0","5.8","725.0","89.3","154.6","1731.24","0.1","0.1","1000.0","555.0","263.3","474.41","555.1","263.4","474.51","240.5","143.4","596.26","25.4","40.38","1589.76","3.0","2.4","800.0","0.0","0.0","0.0","61.7","40.9","662.88","12.2","4.8","393.44","34.7","11.58","333.72","14.8","15.6","1054.05","1.2","0.4","333.33","0.2","0.0","0.0","20.8","12.4","596.15","0.0","0.0","0.0","1.1","0.2","181.82","13.7","7.4","540.15","35.5","51.8","1459.15","90.3","88.75","982.83","17.0","100.18","5892.94","15.9","4.54","285.53","12.6","48.8","61.4","0.6","47.88","0.0"
"102","2005","7","Maharashtra","Ahmednagar","8.0","3.5","437.5","103.1","153.8","1491.76","0.1","0.1","1000.0","569.9","258.8","454.11","570.0","258.9","454.21","217.7","54.8","251.72","28.5","40.1","1407.02","2.9","2.3","793.1","0.0","0.0","0.0","68.6","47.1","686.59","11.1","3.8","342.34","21.0","5.82","277.14","14.4","18.6","1291.67","27.0","9.1","337.04","0.1","0.0","0.0","21.0","7.2","342.86","0.0","0.0","0.0","1.2","0.4","333.33","12.7","7.0","551.18","37.5","38.8","1034.67","90.7","73.12","806.17","56.6","439.53","7765.55","16.6","3.88","233.73","15.1","63.7","78.8","0.5","62.44","0.0"
"102","2006","7","Maharashtra","Ahmednagar","8.4","6.6","785.71","153.9","248.1","1612.09","0.1","0.1","1000.0","528.4","274.0","518.55","528.5","274.1","518.64","243.9","148.9","610.5","34.4","64.19","1865.99","3.1","2.1","677.42","0.0","0.0","0.0","95.8","65.7","685.8","13.0","6.6","507.69","41.1","17.25","419.71","14.4","17.9","1243.06","1.0","0.3","300.0","0.1","0.03","300.0","17.1","9.3","543.86","0.0","0.0","0.0","1.0","0.3","300.0","14.7","7.2","489.8","49.0","64.5","1316.33","100.0","100.23","1002.3","93.5","613.78","6564.49","20.6","6.21","301.46","0.0","0.0","0.0","0.0","42.67","0.0"
"102","2007","7","Maharashtra","Ahmednagar","8.6","10.24","1190.7","130.9","271.1","2071.05","0.1","0.14","1400.0","503.4","284.0","564.16","503.5","284.14","564.33","232.6","174.05","748.28","37.2","102.55","2756.72","2.6","2.31","888.46","0.0","0.0","0.0","87.3","60.3","690.72","14.6","7.9","541.1","45.8","24.5","534.93","8.7","9.41","1081.61","0.9","0.4","444.44","0.2","0.08","400.0","14.6","8.69","595.21","0.4","0.14","350.0","1.1","0.3","272.73","12.0","9.88","823.33","55.4","84.5","1525.27","96.2","114.2","1187.11","133.3","1043.2","7825.96","40.0","13.96","349.0","0.0","0.0","0.0","0.0","40.78","0.0"
"102","2008","7","Maharashtra","Ahmednagar","9.3","9.1","978.49","138.2","219.2","1586.11","0.1","0.1","1000.0","507.2","327.8","646.29","507.3","327.9","646.36","128.2","92.4","720.75","34.1","100.2","2938.42","2.6","2.6","1000.0","0.0","0.0","0.0","90.5","65.7","725.97","2.7","1.3","481.48","7.4","2.1","283.78","8.4","11.7","1392.86","0.2","0.2","1000.0","0.1","0.0","0.0","11.1","7.0","630.63","0.0","0.0","0.0","0.6","0.1","166.67","6.5","4.1","630.77","55.5","40.1","722.52","83.9","63.63","758.4","77.5","556.48","7180.39","59.3","15.86","267.45","0.0","0.0","0.0","0.0","0.0","0.0"
"102","2009","7","Maharashtra","Ahmednagar","7.4","2.8","378.38","129.5","215.99","1667.88","0.0","0.0","0.0","520.5","350.56","673.51","520.5","350.56","673.51","190.7","115.39","605.09","53.6","141.51","2640.11","2.6","1.73","665.38","0.0","0.0","0.0","102.3","75.65","739.49","12.1","6.2","512.4","29.8","14.96","502.01","10.4","12.35","1187.5","0.6","0.23","383.33","0.1","0.05","500.0","11.1","8.5","765.77","0.1","0.02","200.0","0.6","0.13","216.67","9.9","3.73","376.77","58.0","53.22","917.59","92.5","78.57","849.41","75.6","633.9","8384.92","82.7","21.27","257.19","0.0","0.0","0.0","0.0","0.0","0.0"
"102","2010","7","Maharashtra","Ahmednagar","7.5","7.03","937.33","133.7","248.91","1861.71","0.0","0.0","0.0","540.0","317.99","588.87","540.0","317.99","588.87","196.0","186.8","953.06","60.8","169.17","2782.4","2.8","2.58","921.43","0.0","0.0","0.0","115.2","93.97","815.71","17.6","11.31","642.61","38.7","25.47","658.14","10.4","11.68","1123.08","0.6","0.13","216.67","0.0","0.0","0.0","8.8","5.29","601.14","0.0","0.0","0.0","0.5","0.13","260.0","9.3","4.27","459.14","50.7","90.82","1791.32","82.2","113.02","1374.94","126.0","1151.64","9140.0","101.7","37.59","369.62","0.0","0.0","0.0","0.0","0.0","0.0"
"102","2011","7","Maharashtra","Ahmednagar","7.9","7.8","987.34","48.1","88.69","1843.87","0.0","0.0","0.0","434.6","123.23","283.55","434.6","123.23","283.55","184.7","179.5","971.85","55.5","148.04","2667.39","2.8","3.25","1160.71","0.0","0.0","0.0","45.3","27.73","612.14","12.8","6.4","500.0","21.0","10.53","501.43","11.3","13.81","1222.12","0.7","0.16","228.57","0.0","0.0","0.0","6.7","1.75","261.19","0.1","0.02","200.0","0.3","0.06","200.0","3.7","1.54","416.22","58.6","122.7","2093.86","83.3","140.71","1689.2","129.5","1187.92","9173.13","112.0","40.48","361.43","28.43","0.0","28.43","0.0","0.0","0.0"
"102","2012","7","Maharashtra","Ahmednagar","7.5","4.61","614.67","38.9","46.09","1184.83","0.0","0.0","0.0","444.8","66.99","150.61","444.8","66.99","150.61","160.5","55.36","344.92","59.86","116.91","1953.06","2.8","3.09","1103.57","0.0","0.0","0.0","59.4","21.65","364.48","9.5","2.17","228.42","17.06","2.76","161.78","5.21","3.62","694.82","0.3","0.06","200.0","0.0","0.0","0.0","1.0","0.05","50.0","0.2","0.03","150.0","0.4","0.05","125.0","1.6","0.52","325.0","56.8","28.06","494.01","67.56","33.03","488.9","115.5","823.57","7130.48","96.2","14.98","155.72","0.0","0.0","0.0","0.0","0.0","0.0"
"102","2013","7","Maharashtra","Ahmednagar","7.9","19.0","2405.06","51.9","100.7","1940.27","0.0","0.0","0.0","503.9","354.5","703.51","503.9","354.5","703.51","181.8","188.2","1035.2","82.9","357.7","4314.84","2.8","3.6","1285.71","0.0","0.0","0.0","120.7","93.3","772.99","11.0","9.2","836.36","13.3","15.7","1180.45","6.2","6.1","983.87","0.8","0.2","250.0","0.0","0.0","0.0","1.6","0.2","125.0","0.4","0.1","250.0","0.2","0.1","500.0","1.4","0.8","571.43","65.9","74.5","1130.5","93.1","114.6","1230.93","110.8","964.36","8703.61","104.7","40.03","382.33","0.0","0.0","0.0","0.0","0.0","0.0"
"102","2014","7","Maharashtra","Ahmednagar","8.6","2.2","255.81","57.2","85.0","1486.01","0.0","0.0","0.0","443.6","279.8","630.75","443.6","279.8","630.75","186.0","107.7","579.03","97.7","234.1","2396.11","3.0","3.3","1100.0","0.0","0.0","0.0","115.2","85.2","739.58","9.1","1.8","197.8","16.9","10.2","603.55","5.9","5.1","864.41","0.0","0.0","0.0","0.0","0.0","0.0","0.7","0.0","0.0","0.1","0.0","0.0","0.2","0.0","0.0","0.9","0.4","444.44","58.2","35.9","616.84","67.5","41.9","620.74","122.0","1176.1","9640.16","102.6","17.41","169.69","0.0","0.0","0.0","0.0","0.0","0.0"
"102","2015","7","Maharashtra","Ahmednagar","14.0","17.2","1228.57","41.1","50.1","1218.98","0.0","0.0","0.0","463.9","105.9","228.28","463.9","105.9","228.28","122.0","30.4","249.18","44.0","70.0","1590.91","0.1","0.1","1000.0","0.0","0.0","0.0","135.1","54.3","401.92","9.3","2.2","236.56","48.5","3.5","72.16","5.7","2.8","491.23","0.1","0.0","0.0","0.0","0.0","0.0","0.6","0.1","166.67","0.1","0.03","300.0","0.0","0.0","0.0","0.54","0.11","203.7","40.9","19.8","484.11","48.2","22.9","475.1","112.4","660.71","5878.2","73.6","7.02","95.38","0.0","0.0","0.0","0.0","0.0","0.0"
"102","2016","7","Maharashtra","Ahmednagar","15.0","26.2","1746.67","60.0","127.2","2120.0","1.4","0.3","214.29","492.8","245.7","498.58","494.2","246.0","497.77","146.4","149.8","1023.22","68.0","245.4","3608.82","0.1","0.1","1000.0","0.0","0.0","0.0","160.1","130.6","815.74","21.97","22.04","1003.19","69.29","32.56","469.87","16.2","21.9","1351.85","0.22","0.05","209.82","0.01","0.0","153.85","0.4","0.03","75.0","0.03","0.01","333.33","0.0","0.0","0.0","0.47","0.39","826.64","52.0","41.7","801.92","0.0","0.0","0.0","60.97","418.14","6857.9","132.4","25.09","189.52","0.0","0.0","0.0","0.0","0.0","0.0"
"102","2017","7","Maharashtra","Ahmednagar","16.2","37.3","2302.47","79.8","177.5","2224.31","1.6","1.0","625.0","548.9","298.3","543.45","550.5","299.3","543.69","119.5","120.1","1005.02","78.38","241.9","3086.29","0.1","0.1","1000.0","0.0","0.0","0.0","208.01","166.0","798.06","15.7","15.6","993.63","80.16","29.03","362.09","15.72","19.5","1240.62","0.24","0.08","323.53","0.21","0.09","425.23","0.1","0.04","400.0","1.09","0.22","201.83","0.05","0.02","340.0","0.71","0.39","552.89","59.28","86.9","1465.83","0.0","0.0","0.0","104.4","1130.89","10831.86","132.8","39.71","299.01","0.0","0.0","0.0","0.0","0.0","0.0"
"103","1966","7","Maharashtra","Pune","53.0","35.0","660.38","22.0","10.0","454.55","30.1","23.5","780.73","389.5","143.5","368.42","419.6","167.0","398.0","182.0","60.0","329.67","2.0","2.0","1000.0","13.0","7.0","538.46","0.0","0.0","0.0","24.0","6.0","250.0","7.0","4.0","571.43","133.8","4.3","32.14","24.0","18.0","750.0","1.9","0.6","315.79","0.2","0.0","0.0","21.85","-1.0","-1.0","0.0","0.0","0.0","0.3","0.0","0.0","0.0","0.0","0.0","0.0","0.0","0.0","131.9","18.6","141.02","14.1","84.5","5992.91","7.0","3.0","428.57","2.95","12.42","15.38","4.13","4.37","230.14"
"103","1967","7","Maharashtra","Pune","49.0","45.0","918.37","21.0","11.0","523.81","30.9","5.8","187.7","411.8","158.0","383.68","442.7","163.8","370.0","188.0","65.0","345.74","1.0","2.0","2000.0","12.0","8.0","666.67","0.0","0.0","0.0","19.0","7.0","368.42","6.0","3.0","500.0","127.3","9.8","76.98","22.0","25.0","1136.36","1.7","0.5","294.12","0.2","0.0","0.0","4.86","-1.0","-1.0","0.0","0.0","0.0","0.2","0.0","0.0","0.0","0.0","0.0","0.0","0.0","0.0","147.1","25.5","173.35","13.4","89.0","6641.79","7.0","1.0","142.86","3.24","16.43","19.67","4.41","5.87","221.81"
"103","1968","7","Maharashtra","Pune","45.1","45.0","997.78","20.0","11.0","550.0","20.8","3.9","187.5","397.2","94.1","236.91","418.0","98.0","234.45","185.3","56.0","302.21","1.1","1.0","909.09","12.5","9.0","720.0","0.0","0.0","0.0","18.9","5.0","264.55","5.8","3.0","517.24","38.5","13.5","350.65","25.5","27.0","1058.82","1.7","0.4","235.29","0.2","0.0","0.0","4.3","-1.0","-1.0","0.0","0.0","0.0","0.1","0.0","0.0","0.0","0.0","0.0","0.0","0.0","0.0","62.2","27.4","440.51","17.4","130.2","7482.76","7.4","2.0","270.27","3.3","15.8","19.1","5.8","5.3","213.7"
"103","1969","7","Maharashtra","Pune","46.5","34.3","737.63","23.5","13.8","587.23","15.8","14.5","917.72","338.9","104.6","308.65","354.7","119.1","335.78","191.2","80.1","418.93","1.0","1.1","1100.0","12.2","6.0","491.8","0.0","0.0","0.0","16.2","4.7","290.12","6.5","3.5","538.46","44.5","10.0","224.72","17.5","14.7","840.0","1.2","0.3","250.0","0.2","0.0","0.0","4.5","-1.0","-1.0","0.0","0.0","0.0","0.1","0.0","0.0","0.0","0.0","0.0","0.0","0.0","0.0","52.6","15.0","285.17","17.8","106.0","5955.06","5.9","1.4","237.29","3.5","18.2","21.7","5.3","6.9","285.7"
"103","1970","7","Maharashtra","Pune","44.7","36.5","816.55","24.0","15.6","650.0","15.5","14.2","916.13","389.3","45.1","115.85","404.8","59.3","146.49","176.0","65.9","374.43","1.9","1.3","684.21","14.3","11.9","832.17","0.0","0.0","0.0","16.1","4.0","248.45","5.0","2.5","500.0","39.9","9.3","233.08","27.7","28.5","1028.88","2.1","0.7","333.33","0.2","0.1","500.0","31.6","-1.0","-1.0","0.0","0.0","0.0","0.2","0.0","0.0","0.0","0.0","0.0","0.0","0.0","0.0","65.5","29.3","447.33","16.2","160.1","9882.72","8.7","1.3","149.43","3.8","19.1","22.9","5.1","8.4","160.3"
"103","1971","7","Maharashtra","Pune","43.8","37.1","847.03","24.3","19.6","806.58","15.5","14.1","909.68","394.9","75.7","191.69","410.4","89.8","218.81","148.3","45.4","306.14","1.6","1.4","875.0","12.3","8.7","707.32","0.0","0.0","0.0","15.0","5.8","386.67","3.7","1.6","432.43","31.3","8.2","261.98","27.1","25.3","933.58","1.4","0.3","214.29","0.1","0.0","0.0","33.3","-1.0","-1.0","0.0","0.0","0.0","0.2","0.0","0.0","0.0","0.0","0.0","0.0","0.0","0.0","66.3","25.6","386.12","15.3","100.2","6549.02","7.3","2.0","273.97","3.3","18.3","21.6","5.7","7.1","224.5"
"103","1972","7","Maharashtra","Pune","45.6","11.8","258.77","19.1","14.9","780.1","14.5","1.3","89.66","331.1","36.6","110.54","345.6","37.9","109.66","156.4","48.3","308.82","1.8","1.0","555.56","11.3","2.0","176.99","0.0","0.0","0.0","9.7","3.4","350.52","3.8","1.0","263.16","31.8","3.8","119.5","24.3","7.6","312.76","2.8","0.4","142.86","0.1","0.0","0.0","30.0","9.0","300.0","0.0","0.0","0.0","0.3","0.0","0.0","0.0","0.0","0.0","0.0","0.0","0.0","60.5","17.0","280.99","20.0","126.2","6310.0","5.6","1.8","321.43","3.1","15.6","18.7","4.6","6.0","189.0"
"103","1973","7","Maharashtra","Pune","43.5","51.9","1193.1","22.4","21.9","977.68","17.4","15.0","862.07","409.3","178.0","434.89","426.7","193.0","452.31","194.3","82.8","426.15","3.1","4.7","1516.13","11.2","8.0","714.29","0.0","0.0","0.0","12.3","4.4","357.72","7.4","4.1","554.05","43.2","12.6","291.67","22.4","20.8","928.57","2.6","1.1","423.08","0.1","0.0","0.0","32.0","11.2","350.0","0.0","0.0","0.0","0.3","0.1","333.33","0.0","0.0","0.0","0.0","0.0","0.0","63.3","33.2","524.49","17.7","100.6","5683.62","1.7","0.4","235.29","3.9","17.6","21.5","4.5","7.2","190.7"
"103","1974","7","Maharashtra","Pune","45.6","77.1","1690.79","27.3","37.0","1355.31","15.3","19.6","1281.05","390.4","166.4","426.23","405.7","186.0","458.47","169.4","61.2","361.28","2.2","2.4","1090.91","12.5","9.4","752.0","0.0","0.0","0.0","18.4","7.0","380.43","5.8","4.7","810.34","56.6","21.7","383.39","28.4","29.6","1042.25","2.6","1.0","384.62","0.0","0.0","0.0","31.0","9.3","300.0","0.0","0.0","0.0","0.4","0.1","250.0","0.0","0.0","0.0","0.0","0.0","0.0","69.5","40.0","575.54","22.1","156.9","7099.55","4.3","1.5","348.84","4.1","18.8","22.9","5.6","6.8","190.7"
"103","1975","7","Maharashtra","Pune","47.6","93.1","1955.88","33.3","48.9","1468.47","26.1","48.9","1873.56","412.0","126.0","305.83","438.1","174.9","399.22","173.7","49.2","283.25","2.2","3.3","1500.0","12.8","9.9","773.44","0.0","0.0","0.0","20.9","9.6","459.33","7.4","5.6","756.76","58.3","19.4","332.76","31.4","28.8","917.2","3.7","1.2","324.32","0.0","0.0","0.0","31.6","15.8","500.0","0.0","0.0","0.0","0.5","0.1","200.0","0.0","0.0","0.0","0.0","0.0","0.0","72.9","45.9","629.63","24.1","125.7","5215.77","3.7","1.3","351.35","4.1","20.9","25.0","6.5","8.1","175.6"
"103","1976","7","Maharashtra","Pune","50.9","103.6","2035.36","42.7","53.8","1259.95","43.0","57.8","1344.19","425.6","180.3","423.64","468.6","238.1","508.11","174.0","61.8","355.17","3.7","8.8","2378.38","13.1","8.8","671.76","0.0","0.0","0.0","23.5","10.5","446.81","6.9","4.4","637.68","54.7","20.0","365.63","33.8","28.5","843.2","5.0","1.5","300.0","0.0","0.0","0.0","36.4","12.9","354.4","0.0","0.0","0.0","0.6","0.2","333.33","0.0","0.0","0.0","0.0","0.0","0.0","75.6","43.1","570.11","24.8","200.2","8072.58","3.2","1.0","312.5","4.1","21.5","25.6","6.6","7.9","167.9"
"103","1977","7","Maharashtra","Pune","49.3","110.4","2239.35","39.5","49.8","1260.76","27.8","55.2","1985.61","432.2","201.9","467.14","460.0","257.1","558.91","170.7","63.0","369.07","2.8","5.7","2035.71","13.1","9.5","725.19","0.0","0.0","0.0","23.8","7.7","323.53","6.7","4.0","597.01","51.3","16.8","327.49","40.0","27.2","680.0","3.9","1.1","282.05","0.0","0.0","0.0","37.3","9.9","265.42","0.0","0.0","0.0","0.4","0.1","250.0","0.0","0.0","0.0","0.0","0.0","0.0","76.1","38.3","503.29","23.4","198.2","8470.09","3.9","1.6","410.26","4.2","23.3","27.5","6.0","9.5","164.3"
"103","1978","7","Maharashtra","Pune","50.0","82.0","1640.0","38.9","44.3","1138.82","31.2","60.7","1945.51","468.1","183.4","391.8","499.3","244.1","488.88","162.0","63.5","391.98","4.1","8.7","2121.95","12.0","10.1","841.67","0.0","0.0","0.0","26.1","9.4","360.15","6.3","4.7","746.03","50.7","15.4","303.75","37.4","43.5","1163.1","3.9","1.2","307.69","0.0","0.0","0.0","40.9","10.8","264.06","0.0","0.0","0.0","0.2","0.1","500.0","0.0","0.0","0.0","0.0","0.0","0.0","69.8","55.6","796.56","22.4","180.7","8066.96","5.6","3.0","535.71","3.6","24.9","28.5","6.5","10.4","164.0"
"103","1979","7","Maharashtra","Pune","52.4","82.0","1564.89","43.4","49.0","1129.03","29.6","43.4","1466.22","487.7","248.2","508.92","517.3","291.6","563.7","118.1","36.7","310.75","12.0","15.4","1283.33","13.0","11.8","907.69","0.0","0.0","0.0","27.3","11.0","402.93","4.7","3.5","744.68","52.4","14.8","282.44","33.7","38.0","1127.6","5.0","1.3","260.0","0.0","0.0","0.0","42.7","18.4","430.91","0.0","0.0","0.0","0.6","0.1","166.67","0.0","0.0","0.0","0.0","0.0","0.0","75.5","57.8","765.56","16.0","138.8","8675.0","6.8","1.5","220.59","3.9","25.4","29.3","6.4","11.4","164.7"
"103","1980","7","Maharashtra","Pune","54.5","109.7","2012.84","44.8","43.7","975.45","31.3","41.5","1325.88","447.4","203.7","455.3","478.7","245.2","512.22","175.7","71.6","407.51","12.0","25.7","2141.67","13.7","11.0","802.92","0.0","0.0","0.0","25.9","9.5","366.8","6.5","3.4","523.08","48.9","13.6","278.12","33.2","33.7","1015.06","4.7","0.9","191.49","0.0","0.0","0.0","43.2","17.9","414.35","0.0","0.0","0.0","0.6","0.2","333.33","0.0","0.0","0.0","0.0","0.0","0.0","71.9","33.3","463.14","18.4","165.3","8983.7","8.1","2.2","271.6","4.1","26.3","30.4","0.7","11.5","164.6"
"103","1981","7","Maharashtra","Pune","56.4","82.8","1468.09","48.8","47.4","971.31","33.9","50.5","1489.68","452.7","198.4","438.26","486.6","248.9","511.51","178.7","74.5","416.9","11.0","23.7","2154.55","14.0","14.8","1057.14","0.0","0.0","0.0","27.8","11.2","402.88","6.8","4.3","632.35","45.4","24.3","535.24","40.8","50.2","1230.39","4.3","0.8","186.05","0.2","0.1","500.0","44.5","14.3","321.35","0.0","0.0","0.0","0.7","0.1","142.86","0.0","0.0","0.0","0.0","0.0","0.0","69.1","48.2","697.54","25.0","277.9","11116.0","6.3","1.8","285.71","4.5","28.1","32.6","6.9","12.2","164.5"
"103","1982","7","Maharashtra","Pune","50.9","71.5","1404.72","44.2","47.1","1065.61","22.3","22.3","1000.0","499.7","173.0","346.21","522.0","195.3","374.14","82.2","31.0","377.13","5.0","10.8","2160.0","14.3","14.5","1013.99","0.0","0.0","0.0","26.3","9.4","357.41","4.8","1.7","354.17","46.7","22.6","483.94","33.4","23.6","706.59","4.8","1.2","250.0","0.0","0.0","0.0","45.2","20.6","455.75","0.0","0.0","0.0","1.0","0.2","200.0","0.1","0.1","1000.0","0.0","0.0","0.0","63.1","41.7","660.86","25.7","280.0","10894.94","2.6","0.8","307.69","5.0","31.0","36.0","8.0","11.6","191.3"
"103","1983","7","Maharashtra","Pune","54.2","87.5","1614.39","48.2","59.1","1226.14","25.3","37.6","1486.17","469.5","201.7","429.61","494.8","239.3","483.63","176.3","86.6","491.21","18.0","37.8","2100.0","14.9","11.9","798.66","0.0","0.0","0.0","29.8","13.4","449.66","6.7","5.2","776.12","40.0","18.8","470.0","42.8","54.9","1282.71","4.8","1.2","250.0","0.2","0.2","1000.0","48.8","29.1","596.31","0.0","0.0","0.0","1.8","0.4","222.22","1.6","0.8","500.0","0.0","0.0","0.0","65.0","59.3","912.31","24.4","285.8","11713.11","1.6","0.2","125.0","5.1","29.6","34.7","6.4","13.2","209.2"
"103","1984","7","Maharashtra","Pune","57.2","78.2","1367.13","49.5","57.6","1163.64","26.7","38.4","1438.2","488.8","262.5","537.03","515.5","300.9","583.71","185.0","61.0","329.73","19.3","25.4","1316.06","15.7","14.2","904.46","0.0","0.0","0.0","39.2","21.2","540.82","6.9","4.5","652.17","30.9","5.4","174.76","45.5","63.2","1389.01","8.3","2.5","301.2","0.2","0.1","500.0","50.0","25.6","512.0","0.0","0.0","0.0","1.3","0.5","384.62","5.7","2.4","421.05","0.0","0.0","0.0","65.0","59.7","918.46","25.1","251.0","10000.0","1.0","0.3","300.0","5.3","30.6","35.9","6.0","13.3","199.1"
"103","1985","7","Maharashtra","Pune","61.0","69.0","1131.15","48.5","47.0","969.07","24.1","23.2","962.66","505.0","162.1","320.99","529.1","185.3","350.22","170.8","57.2","334.89","11.4","15.1","1324.56","14.5","14.6","1006.9","0.0","0.0","0.0","38.9","14.6","375.32","5.9","2.3","389.83","42.6","14.3","335.68","39.7","27.1","682.62","8.4","2.3","273.81","0.1","0.0","0.0","47.2","12.5","264.83","0.0","0.0","0.0","0.7","0.2","285.71","3.1","2.1","677.42","0.0","0.0","0.0","101.4","49.4","487.18","24.8","258.7","10431.45","0.7","0.2","285.71","5.3","32.7","38.0","6.0","15.4","199.1"
"103","1986","7","Maharashtra","Pune","64.0","65.0","1015.63","45.0","46.0","1022.22","24.2","28.7","1185.95","491.1","131.8","268.38","515.3","160.5","311.47","182.0","63.0","346.15","11.0","11.0","1000.0","14.0","7.0","500.0","0.0","0.0","0.0","29.0","9.0","310.34","5.0","1.0","200.0","44.0","12.3","279.55","43.0","37.0","860.47","7.2","1.6","222.22","0.0","0.0","0.0","44.2","11.9","269.23","0.1","0.1","1000.0","0.7","0.2","285.71","3.5","2.2","628.57","0.0","0.0","0.0","103.9","54.8","527.43","23.3","208.9","8965.67","0.4","0.1","250.0","6.0","31.2","37.2","6.3","12.6","181.1"
"103","1987","7","Maharashtra","Pune","56.0","72.0","1285.71","47.0","57.0","1212.77","21.9","27.0","1232.88","523.6","279.7","534.19","545.5","306.7","562.24","169.0","59.0","349.11","4.0","5.0","1250.0","13.0","10.0","769.23","0.0","0.0","0.0","33.0","16.0","484.85","3.0","1.0","333.33","47.2","13.6","288.14","49.0","60.0","1224.49","5.6","0.6","107.14","0.0","0.0","0.0","44.6","22.8","511.21","0.0","0.0","0.0","0.6","0.2","333.33","1.9","0.7","368.42","0.0","0.0","0.0","114.0","87.8","770.18","26.6","225.3","8469.92","0.1","0.0","0.0","4.4","25.0","29.4","5.2","11.4","168.4"
"103","1988","7","Maharashtra","Pune","59.4","89.8","1511.78","57.2","75.0","1311.19","21.1","30.5","1445.5","511.7","243.0","474.89","532.8","273.5","513.33","205.3","106.9","520.7","4.8","5.3","1104.17","12.9","13.4","1038.76","0.0","0.0","0.0","39.7","28.6","720.4","2.8","2.2","785.71","52.1","22.0","422.26","51.2","68.8","1343.75","5.8","1.3","224.14","0.2","0.1","500.0","43.9","25.6","583.14","0.1","0.0","0.0","0.2","0.1","500.0","4.0","2.9","725.0","0.1","0.0","0.0","107.5","99.2","922.79","27.7","234.7","8472.92","0.2","0.1","500.0","6.5","44.6","51.1","7.7","18.4","161.9"
"103","1989","7","Maharashtra","Pune","60.4","85.6","1417.22","49.9","62.9","1260.52","20.4","26.3","1289.22","519.8","280.2","539.05","540.2","306.5","567.38","213.7","144.4","675.71","2.6","2.7","1038.46","12.6","10.3","817.46","0.0","0.0","0.0","36.0","22.7","630.56","3.0","1.4","466.67","42.1","19.3","458.43","48.0","73.8","1537.5","2.8","0.3","107.14","0.0","0.0","0.0","42.1","27.7","657.96","0.0","0.0","0.0","0.0","0.0","0.0","0.0","0.0","0.0","0.0","0.0","0.0","100.8","106.7","1058.53","31.9","313.3","9821.32","0.1","0.0","0.0","7.9","38.6","46.5","4.4","17.4","178.1"
"103","1990","7","Maharashtra","Pune","61.9","85.9","1387.72","56.4","67.0","1187.94","20.1","21.6","1074.63","512.8","253.8","494.93","532.9","275.4","516.79","219.5","130.6","594.99","6.0","7.6","1266.67","13.1","10.5","801.53","0.3","0.2","666.67","38.3","20.0","522.19","4.7","1.3","276.6","39.2","13.5","344.39","46.2","70.0","1515.15","3.2","1.0","312.5","1.1","0.5","454.55","43.1","22.3","517.4","0.0","0.0","0.0","0.4","0.1","250.0","3.6","2.2","611.11","0.5","0.5","1000.0","101.8","99.7","979.37","33.4","297.99","8921.86","0.2","0.07","350.0","8.5","46.8","55.3","4.8","20.2","134.5"
"103","1991","7","Maharashtra","Pune","60.6","63.5","1047.85","52.4","65.7","1253.82","19.6","19.3","984.69","484.0","174.2","359.92","503.6","193.5","384.23","222.8","121.6","545.78","6.4","6.3","984.38","12.6","10.9","865.08","0.3","0.2","666.67","33.1","18.0","543.81","4.5","1.6","355.56","29.5","6.4","216.95","47.1","71.3","1513.8","2.9","0.6","206.9","0.0","0.0","0.0","38.7","21.1","545.22","0.0","0.0","0.0","0.7","0.1","142.86","6.4","2.7","421.88","0.5","0.3","600.0","102.0","99.7","977.45","35.2","313.03","8892.9","0.1","0.03","300.0","8.7","44.2","52.9","6.3","16.4","151.9"
"103","1992","7","Maharashtra","Pune","61.9","81.8","1321.49","52.7","65.0","1233.4","12.3","18.1","1471.54","511.3","239.2","467.83","523.6","257.3","491.41","175.4","150.3","856.9","5.2","6.3","1211.54","13.5","15.0","1111.11","0.0","0.0","0.0","33.7","17.1","507.42","4.3","2.8","651.16","41.9","16.7","398.57","44.8","68.4","1526.79","3.6","1.4","388.89","0.0","0.0","0.0","34.6","13.5","390.17","0.0","0.0","0.0","0.1","0.1","1000.0","5.6","3.0","535.71","0.4","0.4","1000.0","91.9","87.5","952.12","33.4","270.91","8111.08","0.1","0.03","300.0","10.1","49.1","59.2","6.7","19.9","133.3"
"103","1993","7","Maharashtra","Pune","63.0","53.8","853.97","52.4","83.2","1587.79","10.9","13.4","1229.36","533.8","325.2","609.22","544.7","338.6","621.63","169.7","103.2","608.13","11.3","18.0","1592.92","13.9","12.6","906.47","0.0","0.0","0.0","37.5","26.5","706.67","4.2","2.8","666.67","39.4","19.2","487.31","47.8","60.4","1263.6","4.0","0.9","225.0","0.0","0.0","0.0","35.6","22.2","623.6","0.2","0.1","500.0","0.1","0.1","1000.0","6.1","3.8","622.95","0.5","0.7","1400.0","97.4","88.7","910.68","29.3","254.62","8690.1","0.0","0.0","0.0","10.7","59.2","69.9","7.0","24.6","125.4"
"103","1994","7","Maharashtra","Pune","61.5","72.7","1182.11","49.8","73.3","1471.89","6.1","5.8","950.82","322.6","119.9","371.67","328.7","125.7","382.42","180.4","98.6","546.56","9.5","14.2","1494.74","10.4","8.3","798.08","0.0","0.0","0.0","35.5","22.4","630.99","5.0","2.9","580.0","39.9","18.7","468.67","46.6","56.8","1218.88","2.4","0.6","250.0","0.0","0.0","0.0","14.4","7.4","513.89","0.0","0.0","0.0","0.1","0.0","0.0","4.8","2.4","500.0","0.7","0.5","714.29","71.1","68.1","957.81","36.5","328.46","8998.9","0.3","0.14","466.67","12.7","50.6","63.3","6.4","23.9","162.8"
"103","1995","7","Maharashtra","Pune","51.9","78.8","1518.3","48.6","65.8","1353.91","4.5","4.3","955.56","542.9","227.2","418.49","547.4","231.5","422.91","132.8","66.2","498.49","8.7","14.1","1620.69","6.1","4.8","786.89","0.0","0.0","0.0","39.2","18.8","479.59","3.8","1.9","500.0","29.3","10.7","365.19","40.3","55.0","1364.76","1.7","0.6","352.94","0.0","0.0","0.0","16.8","8.9","529.76","0.0","0.0","0.0","0.5","0.2","400.0","3.9","2.4","615.38","0.3","0.2","666.67","66.8","68.0","1017.96","38.9","352.56","9063.24","0.1","0.03","300.0","11.6","46.3","57.9","6.3","21.6","169.4"
"103","1996","7","Maharashtra","Pune","59.9","81.7","1363.94","55.6","85.7","1541.37","6.8","8.7","1279.41","566.5","304.7","537.86","573.3","313.4","546.66","185.1","161.9","874.66","15.1","22.6","1496.69","12.1","8.0","661.16","0.0","0.0","0.0","42.4","29.6","698.11","5.8","3.1","534.48","35.3","17.2","487.25","46.2","69.4","1502.16","3.4","0.7","205.88","0.0","0.0","0.0","26.2","15.5","591.6","0.0","0.0","0.0","0.4","0.1","250.0","4.6","3.0","652.17","0.5","0.6","1200.0","83.0","90.0","1084.34","42.9","363.81","8480.42","0.1","0.05","500.0","14.1","50.5","64.6","6.2","24.4","168.0"
"103","1997","7","Maharashtra","Pune","64.9","71.7","1104.78","54.5","67.9","1245.87","6.2","7.7","1241.94","471.0","216.7","460.08","477.2","224.4","470.24","142.8","117.9","825.63","15.1","22.6","1496.69","11.3","9.1","805.31","0.0","0.7","0.0","42.1","25.3","600.95","4.3","3.2","744.19","26.4","8.5","321.97","50.0","69.0","1380.0","2.9","0.4","137.93","1.2","0.0","0.0","25.7","4.6","178.99","0.0","0.0","0.0","0.5","0.1","200.0","4.7","1.7","361.7","1.5","1.2","800.0","89.0","73.6","826.97","40.4","407.62","10089.6","0.2","0.1","500.0","15.9","54.4","70.3","6.4","26.4","120.5"
"103","1998","7","Maharashtra","Pune","60.8","73.7","1212.17","68.0","96.0","1411.76","4.0","5.6","1400.0","387.5","207.7","536.0","391.5","213.3","544.83","150.0","110.9","739.33","13.9","23.8","1712.23","12.2","8.4","688.52","0.8","0.7","875.0","47.9","29.9","624.22","3.9","1.1","282.05","32.0","13.5","421.88","52.2","79.4","1521.07","3.5","1.2","342.86","0.1","0.0","0.0","18.6","12.7","682.8","0.0","0.0","0.0","0.2","0.1","500.0","4.5","2.2","488.89","0.4","0.5","1250.0","81.6","97.2","1191.18","48.5","428.8","8841.24","0.3","0.09","300.0","13.2","63.2","76.4","8.2","24.4","119.1"
"103","1999","7","Maharashtra","Pune","61.7","89.2","1445.7","71.8","125.0","1740.95","3.2","2.8","875.0","483.0","343.0","710.14","486.2","345.8","711.23","159.9","118.1","738.59","15.0","22.4","1493.33","12.7","12.5","984.25","0.1","0.1","1000.0","51.5","34.7","673.79","3.9","2.7","692.31","34.6","16.1","465.32","54.3","69.1","1272.56","3.8","0.9","236.84","0.2","0.07","350.0","18.9","10.8","571.43","0.1","0.1","1000.0","0.2","0.1","500.0","4.8","2.3","479.17","0.6","1.2","2000.0","85.0","84.95","999.41","46.2","463.71","10037.01","0.4","0.24","600.0","12.6","56.6","69.2","6.6","23.5","120.0"
"103","2000","7","Maharashtra","Pune","64.0","75.2","1175.0","55.5","57.0","1027.03","3.0","2.4","800.0","487.8","202.8","415.74","490.8","205.2","418.09","160.4","104.6","652.12","16.2","15.1","932.1","12.5","11.2","896.0","0.0","0.0","0.0","53.6","32.2","600.75","4.2","2.0","476.19","49.8","18.9","379.52","53.8","66.3","1232.34","4.1","0.8","195.12","0.1","0.0","0.0","17.9","11.0","614.53","0.1","0.01","100.0","0.2","0.1","500.0","4.7","2.4","510.64","0.7","0.6","857.14","83.7","81.8","977.3","48.7","455.83","9359.96","0.7","0.27","385.71","4.8","29.0","33.8","6.3","22.5","120.5"
"103","2001","7","Maharashtra","Pune","59.1","86.4","1461.93","59.5","101.2","1700.84","3.2","2.2","687.5","487.8","235.7","483.19","491.0","237.9","484.52","113.2","85.6","756.18","15.3","25.8","1686.27","11.7","9.7","829.06","0.0","0.0","0.0","56.2","35.1","624.56","4.1","2.0","487.8","35.0","12.1","345.71","47.6","61.3","1287.82","3.4","1.1","323.53","0.1","0.1","1000.0","16.7","9.8","586.83","0.1","0.01","100.0","0.2","0.1","500.0","3.9","2.5","641.03","0.4","0.5","1250.0","74.5","75.8","1017.45","48.7","416.1","8544.15","0.2","0.07","350.0","4.9","32.9","37.8","7.1","25.5","120.8"
"103","2002","7","Maharashtra","Pune","57.7","40.0","693.24","64.7","81.9","1265.84","3.0","1.6","533.33","462.6","160.4","346.74","465.6","162.0","347.94","123.9","86.5","698.14","14.9","28.5","1912.75","12.0","10.3","858.33","0.0","0.0","0.0","54.6","27.7","507.33","3.8","1.8","473.68","31.1","11.3","363.34","45.0","46.1","1024.44","2.9","0.4","137.93","0.3","0.1","333.33","16.6","7.1","427.71","0.1","0.01","100.0","0.1","0.1","1000.0","3.2","1.3","406.25","0.4","0.7","1750.0","70.7","56.32","796.61","53.5","469.0","8766.36","0.2","0.09","450.0","4.4","29.4","33.8","7.5","21.6","121.6"
"103","2003","7","Maharashtra","Pune","60.4","84.7","1402.32","38.8","47.5","1224.23","2.9","4.6","1586.21","262.5","63.8","243.05","265.4","68.4","257.72","97.0","67.6","696.91","10.4","18.1","1740.38","13.0","10.4","800.0","0.0","0.0","0.0","32.2","16.4","509.32","3.3","2.2","666.67","17.3","6.5","375.72","47.7","56.1","1176.1","2.8","0.7","250.0","0.1","0.0","0.0","4.6","0.2","43.48","0.0","0.0","0.0","0.4","0.1","250.0","2.5","0.7","280.0","0.6","2.0","3333.33","60.7","60.4","995.06","39.6","275.6","6959.6","0.1","0.05","500.0","8.2","29.5","37.7","6.8","22.5","0.0"
"103","2004","7","Maharashtra","Pune","67.6","85.1","1258.88","52.5","86.9","1655.24","3.2","3.4","1062.5","428.1","227.8","532.12","431.3","231.2","536.05","116.8","84.8","726.03","15.3","33.74","2205.23","13.6","11.0","808.82","0.0","0.0","0.0","39.2","25.5","650.51","3.8","3.7","973.68","30.6","8.3","271.24","52.5","52.2","994.29","2.9","1.0","344.83","0.3","0.1","333.33","6.2","1.2","193.55","0.0","0.0","0.0","0.2","0.1","500.0","3.3","1.9","575.76","1.2","3.6","3000.0","68.9","60.83","882.87","28.2","236.19","8375.53","0.1","0.03","300.0","25.6","39.8","65.4","6.9","32.74","0.0"
"103","2005","7","Maharashtra","Pune","64.5","73.8","1144.19","61.3","112.9","1841.76","3.2","3.3","1031.25","465.4","229.4","492.91","468.6","232.7","496.59","125.3","90.4","721.47","16.5","36.5","2212.12","12.7","10.2","803.15","0.0","0.0","0.0","49.5","33.5","676.77","3.7","1.9","513.51","30.7","10.25","333.88","51.2","49.9","974.61","1.1","0.3","272.73","0.3","0.12","400.0","7.1","5.2","732.39","0.0","0.0","0.0","0.1","0.1","1000.0","4.1","2.2","536.59","1.8","3.8","2111.11","70.2","62.82","894.87","53.8","503.61","9360.78","0.1","0.05","500.0","28.5","44.5","73.0","7.2","32.93","0.0"
"103","2006","7","Maharashtra","Pune","63.9","68.9","1078.25","72.9","132.1","1812.07","3.0","1.9","633.33","455.6","233.3","512.07","458.6","235.2","512.87","128.9","81.3","630.72","18.3","42.55","2325.14","13.8","9.5","688.41","0.0","0.0","0.0","56.1","39.2","698.75","3.9","1.9","487.18","36.16","15.54","429.76","51.1","43.7","855.19","3.8","0.9","236.84","0.3","0.14","466.67","11.4","4.9","429.82","0.2","0.07","350.0","0.2","0.1","500.0","4.4","2.4","545.45","1.9","3.6","1894.74","75.9","56.51","744.53","78.2","687.26","8788.49","0.1","0.03","300.0","0.0","0.0","0.0","0.0","26.95","0.0"
"103","2007","7","Maharashtra","Pune","62.8","78.2","1245.22","73.4","155.0","2111.72","3.0","2.4","800.0","400.2","215.5","538.48","403.2","217.9","540.43","117.3","100.96","860.7","16.6","45.18","2721.69","12.5","11.12","889.6","0.0","0.0","0.0","54.9","37.6","684.88","3.9","1.8","461.54","32.8","16.31","497.26","49.7","57.91","1165.19","3.2","1.05","328.12","0.1","0.1","1000.0","8.7","5.2","597.7","0.1","0.0","0.0","0.1","0.1","1000.0","3.7","2.73","737.84","3.0","5.2","1733.33","70.7","72.89","1030.98","104.2","1015.77","9748.27","0.1","0.03","300.0","0.0","0.0","0.0","0.0","30.37","0.0"
"103","2008","7","Maharashtra","Pune","61.2","75.5","1233.66","60.9","112.3","1844.01","2.8","3.2","1142.86","427.9","274.6","641.74","430.7","277.8","645.0","34.5","27.0","782.61","17.4","42.18","2424.14","9.1","9.2","1010.99","0.0","0.0","0.0","47.4","35.7","753.16","1.9","1.1","578.95","19.2","7.29","379.69","34.9","36.2","1037.25","1.8","0.6","333.33","0.1","0.1","1000.0","2.3","0.8","347.83","0.0","0.0","0.0","0.0","0.0","0.0","2.7","1.8","666.67","2.4","3.7","1541.67","46.1","43.73","948.59","85.6","833.28","9734.58","0.1","0.05","500.0","0.0","0.0","0.0","0.0","0.0","0.0"
"103","2009","7","Maharashtra","Pune","62.6","51.18","817.57","59.6","91.81","1540.44","9.9","10.43","1053.54","426.5","314.84","738.19","436.4","325.27","745.35","46.0","33.87","736.3","16.7","42.28","2531.74","9.4","6.26","665.96","0.0","0.0","0.0","54.1","42.55","786.51","2.1","1.31","623.81","19.4","9.09","468.56","39.0","40.92","1049.23","2.0","0.41","205.0","0.1","0.05","500.0","3.3","0.92","278.79","0.1","0.02","200.0","0.0","0.0","0.0","2.6","1.49","573.08","3.3","4.67","1415.15","53.1","49.08","924.29","95.6","911.21","9531.49","0.0","0.0","0.0","0.0","0.0","0.0","0.0","0.0","0.0"
"103","2010","7","Maharashtra","Pune","60.9","71.92","1180.95","60.0","115.93","1932.17","8.7","8.26","949.43","448.5","330.75","737.46","457.2","339.01","741.49","48.6","43.0","884.77","26.96","75.12","2786.35","9.41","8.6","913.92","0.0","0.0","0.0","58.1","55.16","949.4","2.87","1.75","609.76","29.41","16.95","576.33","40.1","54.21","1351.87","2.1","0.47","223.81","0.0","0.0","0.0","5.0","1.93","386.0","0.1","0.02","200.0","0.0","0.0","0.0","3.0","1.76","586.67","2.9","5.75","1982.76","55.3","64.93","1174.14","111.5","1108.31","9940.0","0.01","0.01","1000.0","0.0","0.0","0.0","0.0","0.0","0.0"
"103","2011","7","Maharashtra","Pune","62.0","85.6","1380.65","55.3","105.56","1908.86","5.5","5.52","1003.64","173.6","101.05","582.09","179.1","106.57","595.03","50.7","40.7","802.76","27.2","87.1","3202.21","10.3","11.94","1159.22","0.0","0.0","0.0","35.4","32.99","931.92","2.9","1.53","527.59","22.3","10.67","478.48","46.1","52.77","1144.69","1.8","0.52","288.89","0.0","0.0","0.0","0.6","0.15","250.0","0.0","0.0","0.0","0.0","0.0","0.0","2.0","1.18","590.0","3.9","8.22","2107.69","56.4","63.56","1126.95","129.9","1315.76","10129.02","0.0","0.01","0.0","11.74","47.84","59.58","6.95","32.52","0.0"
"103","2012","7","Maharashtra","Pune","77.6","106.16","1368.04","53.0","93.82","1770.19","4.0","3.42","855.0","177.1","86.99","491.19","181.1","90.42","499.28","36.0","16.72","464.44","25.22","66.06","2619.35","10.6","11.7","1103.77","0.0","0.0","0.0","37.8","26.96","713.23","3.4","0.58","170.59","16.1","6.25","388.2","44.6","43.29","970.63","1.8","0.37","205.56","0.0","0.0","0.0","0.6","0.03","50.0","0.0","0.0","0.0","0.03","0.0","0.0","2.1","0.86","409.52","4.2","8.12","1933.33","56.13","53.61","955.1","137.7","1388.84","10085.98","0.0","0.0","0.0","37.83","25.31","63.14","9.65","0.33","0.0"
"103","2013","7","Maharashtra","Pune","82.1","153.2","1866.02","64.3","129.9","2020.22","3.2","2.7","843.75","251.6","158.8","631.16","254.8","161.5","633.83","49.8","41.6","835.34","31.9","91.9","2880.88","10.6","13.6","1283.02","0.0","0.0","0.0","50.6","41.2","814.23","4.2","2.4","571.43","6.9","1.0","144.93","54.1","52.3","966.73","1.3","0.4","307.69","0.0","0.0","0.0","0.6","0.0","0.0","0.2","0.0","0.0","0.0","0.0","0.0","1.6","0.9","562.5","6.9","26.8","3884.06","42.0","58.8","1400.0","143.9","1696.35","11788.4","0.0","0.0","0.0","0.0","0.0","0.0","0.0","0.0","0.0"
"103","2014","7","Maharashtra","Pune","82.1","136.1","1657.73","71.8","108.3","1508.36","3.5","1.7","485.71","268.3","131.7","490.87","271.8","133.4","490.8","31.5","26.3","834.92","36.0","133.4","3705.56","12.1","13.2","1090.91","0.0","0.0","0.0","59.9","51.8","864.77","3.0","0.7","233.33","16.4","6.9","420.73","56.1","62.1","1106.95","0.1","0.0","0.0","0.0","0.0","0.0","0.4","0.3","750.0","0.1","0.0","0.0","0.0","0.0","0.0","0.9","0.5","555.56","7.1","11.7","1647.89","67.3","75.2","1117.38","127.8","1383.39","10824.65","0.0","0.0","0.0","0.0","0.0","0.0","0.0","0.0","0.0"
"103","2015","7","Maharashtra","Pune","54.6","107.3","1965.2","62.0","129.6","2090.32","1.4","1.0","714.29","259.8","116.3","447.65","261.2","117.3","449.08","41.4","29.4","710.14","37.2","88.3","2373.66","3.2","2.7","843.75","0.0","0.0","0.0","63.7","54.5","855.57","1.3","0.6","461.54","32.1","6.5","202.49","25.6","38.9","1519.53","0.73","0.07","95.89","0.0","0.0","0.0","0.0","0.0","0.0","0.1","0.02","200.0","0.0","0.0","0.0","0.23","0.04","173.91","16.1","47.0","2919.25","43.9","86.3","1965.83","118.4","1228.54","10376.18","0.0","0.0","0.0","0.0","0.0","0.0","0.0","0.0","0.0"
"103","2016","7","Maharashtra","Pune","53.5","115.4","2157.01","68.9","165.2","2397.68","1.8","0.4","222.22","277.8","97.6","351.33","279.6","98.0","350.5","30.4","22.2","730.26","42.6","257.4","6042.25","3.5","2.9","828.57","0.0","0.0","0.0","80.5","86.5","1074.53","1.77","1.55","872.53","35.74","12.9","360.87","21.8","28.2","1293.58","0.74","0.19","259.41","0.0","0.0","0.0","0.0","0.0","0.0","0.0","0.0","0.0","0.0","0.0","0.0","0.13","0.11","872.0","18.0","38.3","2127.78","0.0","0.0","0.0","95.9","907.09","9458.41","0.0","0.0","0.0","0.0","0.0","0.0","0.0","0.0","0.0"
"103","2017","7","Maharashtra","Pune","52.0","124.0","2384.62","72.4","177.2","2447.51","1.7","1.6","941.18","223.4","163.4","731.42","225.1","165.0","733.01","32.0","23.1","721.88","47.33","146.6","3097.53","2.7","2.2","814.81","0.0","0.0","0.0","90.3","102.7","1137.28","2.0","1.3","650.0","36.53","11.73","320.99","21.69","23.1","1065.2","0.88","0.28","313.99","0.01","0.0","400.0","0.0","0.0","0.0","0.1","0.01","100.0","0.0","0.0","0.0","0.23","0.12","541.48","20.23","40.9","2021.65","0.0","0.0","0.0","113.14","1327.06","11729.36","0.0","0.0","0.0","0.0","0.0","0.0","0.0","0.0","0.0"
"104","1966","7","Maharashtra","Satara","26.0","28.0","1076.92","12.0","6.0","500.0","60.7","42.3","696.87","119.2","68.2","572.15","179.9","110.5","614.23","149.0","59.0","395.97","2.0","3.0","1500.0","10.0","5.0","500.0","0.0","0.0","0.0","13.0","4.0","307.69","6.0","4.0","666.67","147.8","13.1","88.63","62.0","68.0","1096.77","0.0","0.0","0.0","0.0","0.0","0.0","6.84","-1.0","-1.0","0.0","0.0","0.0","0.3","0.1","333.33","0.0","0.0","0.0","0.0","0.0","0.0","188.6","68.1","361.08","9.5","44.0","4631.58","3.0","1.0","333.33","0.93","9.02","9.96","5.3","1.7","163.73"
"104","1967","7","Maharashtra","Satara","27.0","23.0","851.85","14.0","11.0","785.71","62.4","34.8","557.69","145.7","104.3","715.85","208.1","139.1","668.43","153.0","43.0","281.05","2.0","1.0","500.0","10.0","4.0","400.0","0.0","0.0","0.0","12.0","4.0","333.33","7.0","4.0","571.43","141.9","14.1","99.37","67.0","76.0","1134.33","0.0","0.0","0.0","0.0","0.0","0.0","6.23","-1.0","-1.0","0.0","0.0","0.0","0.2","0.1","500.0","0.0","0.0","0.0","0.0","0.0","0.0","183.7","76.1","414.26","11.2","74.9","6687.5","5.0","1.0","200.0","0.93","8.01","8.94","4.01","2.19","175.79"
"104","1968","7","Maharashtra","Satara","27.8","22.0","791.37","13.8","11.0","797.1","60.2","33.6","558.14","125.5","98.4","784.06","185.7","132.0","710.82","151.0","40.0","264.9","1.7","2.0","1176.47","9.2","6.0","652.17","0.0","0.0","0.0","11.8","5.0","423.73","6.7","2.0","298.51","47.1","15.7","333.33","66.2","89.0","1344.41","0.0","0.0","0.0","0.0","0.0","0.0","8.0","-1.0","-1.0","0.0","0.0","0.0","0.2","0.1","500.0","0.0","0.0","0.0","0.0","0.0","0.0","75.3","89.1","1183.27","12.7","84.0","6614.17","6.4","2.0","312.5","0.9","8.4","9.3","4.7","2.1","170.4"
"104","1969","7","Maharashtra","Satara","27.3","28.6","1047.62","16.4","9.8","597.56","64.9","62.9","969.18","120.7","39.8","329.74","185.6","102.7","553.34","149.8","48.4","323.1","1.6","1.3","812.5","9.3","5.0","537.63","0.0","0.0","0.0","11.8","4.6","389.83","6.2","4.5","725.81","46.7","15.2","325.48","67.9","63.0","927.84","0.1","0.0","0.0","0.0","0.0","0.0","6.6","-1.0","-1.0","0.0","0.0","0.0","0.2","0.1","500.0","0.0","0.0","0.0","0.0","0.0","0.0","75.8","63.1","832.45","14.3","88.3","6174.83","6.2","1.6","258.06","0.8","7.9","8.7","4.3","2.0","179.9"
"104","1970","7","Maharashtra","Satara","29.4","30.1","1023.81","15.7","10.2","649.68","66.1","64.1","969.74","144.9","62.0","427.88","211.0","126.1","597.63","100.9","31.7","314.17","1.8","1.4","777.78","8.6","4.9","569.77","0.0","0.0","0.0","8.7","2.3","264.37","4.9","3.2","653.06","34.4","10.1","293.6","63.2","57.7","912.97","0.0","0.0","0.0","0.0","0.0","0.0","10.8","-1.0","-1.0","0.0","0.0","0.0","0.3","0.1","333.33","0.0","0.0","0.0","0.0","0.0","0.0","75.1","57.8","769.64","13.4","95.1","7097.01","7.2","1.9","263.89","0.7","7.5","8.2","3.8","2.2","31.5"
"104","1971","7","Maharashtra","Satara","29.2","31.6","1082.19","16.2","10.9","672.84","75.0","65.4","872.0","137.8","36.7","266.33","212.8","102.1","479.79","116.0","29.9","257.76","1.7","1.3","764.71","9.7","7.5","773.2","0.0","0.0","0.0","9.6","3.6","375.0","6.3","4.0","634.92","39.8","12.2","306.53","66.6","74.0","1111.11","0.0","0.0","0.0","0.0","0.0","0.0","9.5","-1.0","-1.0","0.0","0.0","0.0","0.2","0.1","500.0","0.0","0.0","0.0","0.0","0.0","0.0","77.3","74.1","958.6","13.5","88.6","6562.96","7.0","2.0","285.71","0.7","7.9","8.6","4.3","1.9","26.7"
"104","1972","7","Maharashtra","Satara","27.6","7.5","271.74","12.7","7.2","566.93","72.2","25.2","349.03","144.0","25.5","177.08","216.2","50.7","234.51","71.5","10.9","152.45","1.6","0.7","437.5","8.4","3.9","464.29","0.0","0.0","0.0","7.1","2.1","295.77","4.1","2.4","585.37","29.3","1.9","64.85","61.5","18.9","307.32","0.0","0.0","0.0","0.0","0.0","0.0","4.0","1.2","300.0","0.0","0.0","0.0","0.2","0.1","500.0","0.0","0.0","0.0","0.0","0.0","0.0","74.0","20.2","272.97","14.5","85.7","5910.34","5.5","1.7","309.09","0.6","6.0","6.6","2.9","1.7","26.4"
"104","1973","7","Maharashtra","Satara","26.5","30.5","1150.94","17.5","12.8","731.43","83.0","63.0","759.04","122.4","69.2","565.36","205.4","132.2","643.62","140.2","56.2","400.86","1.6","1.8","1125.0","9.5","9.0","947.37","0.0","0.0","0.0","8.7","3.1","356.32","5.9","7.5","1271.19","49.2","17.8","361.79","57.8","48.0","830.45","0.0","0.0","0.0","0.0","0.0","0.0","8.0","2.8","350.0","0.0","0.0","0.0","0.2","0.1","500.0","0.0","0.0","0.0","0.0","0.0","0.0","65.3","50.9","779.48","14.7","105.4","7170.07","1.2","0.3","250.0","0.6","5.1","5.7","1.8","2.0","61.8"
"104","1974","7","Maharashtra","Satara","28.5","33.6","1178.95","15.7","19.0","1210.19","73.7","90.8","1232.02","165.7","87.9","530.48","239.4","178.7","746.45","115.0","31.7","275.65","1.6","1.7","1062.5","8.8","9.4","1068.18","0.0","0.0","0.0","9.9","4.3","434.34","6.0","5.1","850.0","50.8","22.1","435.04","57.6","61.2","1062.5","0.0","0.0","0.0","0.0","0.0","0.0","48.0","14.4","300.0","0.0","0.0","0.0","0.2","0.1","500.0","0.0","0.0","0.0","0.0","0.0","0.0","65.8","75.7","1150.46","16.4","106.3","6481.71","7.0","1.3","185.71","0.6","5.3","5.9","1.2","2.5","60.8"
"104","1975","7","Maharashtra","Satara","28.8","41.8","1451.39","18.1","21.5","1187.85","90.5","116.9","1291.71","130.5","71.3","546.36","221.0","188.2","851.58","121.5","22.4","184.36","1.8","2.4","1333.33","8.8","8.9","1011.36","0.0","0.0","0.0","13.0","6.8","523.08","6.0","5.1","850.0","45.2","18.5","409.29","59.6","47.5","796.98","0.0","0.0","0.0","0.0","0.0","0.0","50.0","15.0","300.0","0.0","0.0","0.0","0.1","0.0","0.0","0.0","0.0","0.0","0.0","0.0","0.0","66.5","62.5","939.85","17.0","136.0","8000.0","6.3","1.8","285.71","0.5","4.9","5.4","1.1","2.4","60.1"
"104","1976","7","Maharashtra","Satara","30.6","51.1","1669.93","19.3","16.1","834.2","89.9","97.1","1080.09","131.8","88.0","667.68","221.7","185.1","834.91","116.3","39.5","339.64","1.8","3.3","1833.33","10.3","11.3","1097.09","0.0","0.0","0.0","11.2","3.5","312.5","6.1","4.5","737.7","49.7","18.2","366.2","58.5","65.6","1121.37","0.0","0.0","0.0","0.0","0.0","0.0","6.1","2.2","360.66","0.0","0.0","0.0","0.1","0.1","1000.0","0.0","0.0","0.0","0.0","0.0","0.0","66.4","67.9","1022.59","17.6","147.7","8392.05","4.6","1.7","369.57","0.6","5.2","5.8","1.5","2.2","60.1"
"104","1977","7","Maharashtra","Satara","31.6","45.7","1446.2","20.5","23.7","1156.1","87.5","79.1","904.0","137.6","75.4","547.97","225.1","154.5","686.36","114.6","24.7","215.53","1.6","2.7","1687.5","10.6","8.9","839.62","0.0","0.0","0.0","11.6","4.5","387.93","7.5","5.0","666.67","48.7","17.9","367.56","60.0","42.4","706.67","0.0","0.0","0.0","0.0","0.0","0.0","6.2","1.6","258.06","0.0","0.0","0.0","0.1","0.1","1000.0","0.0","0.0","0.0","0.0","0.0","0.0","67.8","44.1","650.44","18.3","186.9","10213.11","5.1","1.1","215.69","0.6","5.4","6.0","1.4","2.5","70.2"
"104","1978","7","Maharashtra","Satara","34.7","55.6","1602.31","24.9","23.3","935.74","94.4","110.7","1172.67","140.4","79.5","566.24","234.8","190.2","810.05","110.0","25.6","232.73","2.3","3.8","1652.17","10.0","6.2","620.0","0.0","0.0","0.0","13.3","5.6","421.05","7.7","6.9","896.1","49.7","17.5","352.11","66.8","58.2","871.26","0.0","0.0","0.0","0.0","0.0","0.0","5.1","1.4","274.51","0.0","0.0","0.0","0.1","0.1","1000.0","0.0","0.0","0.0","0.0","0.0","0.0","73.5","59.7","812.24","19.6","189.9","9688.78","7.0","3.0","428.57","0.7","6.2","6.9","1.9","2.7","63.5"
"104","1979","7","Maharashtra","Satara","36.9","54.9","1487.8","25.2","25.0","992.06","99.8","106.8","1070.14","156.0","93.5","599.36","255.8","200.3","783.03","80.7","15.6","193.31","1.0","1.8","1800.0","13.2","11.5","871.21","0.0","0.0","0.0","13.9","6.5","467.63","6.4","5.7","890.63","47.3","13.6","287.53","60.3","50.2","832.5","0.0","0.0","0.0","0.0","0.0","0.0","5.2","2.2","423.08","0.0","0.0","0.0","0.2","0.1","500.0","0.0","0.0","0.0","0.0","0.0","0.0","71.9","52.5","730.18","14.0","145.9","10421.43","8.9","1.8","202.25","0.6","7.2","7.8","2.1","3.0","61.4"
"104","1980","7","Maharashtra","Satara","35.5","62.9","1771.83","25.9","30.8","1189.19","92.6","110.3","1191.14","156.4","106.8","682.86","249.0","217.1","871.89","115.0","25.1","218.26","0.8","1.6","2000.0","13.6","13.6","1000.0","0.0","0.0","0.0","13.2","5.7","431.82","7.4","4.6","621.62","45.5","19.4","426.37","59.3","89.0","1500.84","0.0","0.0","0.0","0.0","0.0","0.0","5.2","2.1","403.85","0.0","0.0","0.0","0.2","0.1","500.0","0.1","0.1","1000.0","0.0","0.0","0.0","68.2","55.1","807.92","16.1","173.7","10788.82","9.2","2.7","293.48","0.6","7.1","7.7","2.1","3.1","67.0"
"104","1981","7","Maharashtra","Satara","37.5","56.9","1517.33","26.5","26.5","1000.0","95.3","106.6","1118.57","153.3","89.4","583.17","248.6","196.0","788.42","117.2","30.5","260.24","1.0","1.7","1700.0","14.0","15.3","1092.86","0.0","0.0","0.0","14.2","6.7","471.83","7.9","5.7","721.52","34.2","16.3","476.61","56.3","72.3","1284.19","0.0","0.0","0.0","0.0","0.0","0.0","5.4","2.7","500.0","0.0","0.0","0.0","0.2","0.1","500.0","0.0","0.0","0.0","0.0","0.0","0.0","66.9","55.2","825.11","20.8","229.9","11052.88","7.9","2.1","265.82","0.7","7.8","8.5","2.9","2.9","73.2"
"104","1982","7","Maharashtra","Satara","35.6","54.4","1528.09","26.1","30.8","1180.08","83.8","104.9","1251.79","164.2","92.2","561.51","248.0","197.1","794.76","84.1","12.2","145.07","0.3","0.5","1666.67","13.3","11.0","827.07","0.0","0.0","0.0","13.4","5.6","417.91","6.7","2.4","358.21","39.2","19.5","497.45","59.6","65.8","1104.03","0.0","0.0","0.0","0.0","0.0","0.0","5.9","3.0","508.47","0.0","0.0","0.0","0.2","0.0","0.0","0.2","0.2","1000.0","0.0","0.0","0.0","57.1","61.7","1080.56","22.5","182.1","8093.33","7.6","1.7","223.68","0.7","7.7","8.4","2.7","3.0","81.3"
"104","1983","7","Maharashtra","Satara","37.4","63.9","1708.56","27.6","32.9","1192.03","94.5","148.0","1566.14","157.2","91.9","584.61","251.7","239.9","953.12","120.6","42.5","352.4","1.0","2.1","2100.0","13.5","16.0","1185.19","0.0","0.0","0.0","15.2","8.0","526.32","8.0","6.7","837.5","45.4","17.6","387.67","67.6","99.8","1476.33","0.0","0.0","0.0","0.0","0.0","0.0","6.2","3.8","612.9","0.0","0.0","0.0","0.2","0.1","500.0","19.1","8.6","450.26","0.0","0.0","0.0","55.7","63.5","1140.04","22.0","184.9","8404.55","4.8","0.7","145.83","0.7","8.3","9.0","2.5","3.6","102.8"
"104","1984","7","Maharashtra","Satara","37.5","72.5","1933.33","27.7","36.4","1314.08","93.3","147.7","1583.07","152.5","109.1","715.41","245.8","256.8","1044.75","111.4","27.1","243.27","1.6","1.6","1000.0","13.2","20.9","1583.33","0.0","0.0","0.0","17.4","10.4","597.7","7.8","5.4","692.31","55.2","16.8","304.35","69.0","127.3","1844.93","0.0","0.0","0.0","0.0","0.0","0.0","6.2","3.1","500.0","0.0","0.0","0.0","0.2","0.0","0.0","7.5","3.2","426.67","0.0","0.0","0.0","57.7","97.0","1681.11","20.9","183.2","8765.55","2.1","0.6","285.71","0.6","8.9","9.5","3.2","3.7","78.9"
"104","1985","7","Maharashtra","Satara","38.0","67.8","1784.21","34.2","28.6","836.26","94.1","96.9","1029.76","154.3","102.9","666.88","248.4","199.8","804.35","109.7","18.2","165.91","1.4","2.0","1428.57","13.7","22.7","1656.93","0.0","0.0","0.0","19.3","8.4","435.23","8.2","6.7","817.07","48.0","14.8","308.33","68.8","96.4","1401.16","0.0","0.0","0.0","0.0","0.0","0.0","4.4","0.7","159.09","0.0","0.0","0.0","0.0","0.0","0.0","0.0","0.0","0.0","0.0","0.0","0.0","72.4","94.2","1301.1","19.3","182.9","9476.68","2.6","0.7","269.23","0.6","9.7","10.3","3.2","4.5","78.9"
"104","1986","7","Maharashtra","Satara","38.0","47.0","1236.84","32.0","24.0","750.0","95.0","132.0","1389.47","147.2","74.9","508.83","242.2","206.9","854.25","110.0","21.0","190.91","2.0","3.0","1500.0","14.0","14.0","1000.0","0.0","0.0","0.0","19.0","7.0","368.42","8.0","3.0","375.0","57.9","14.8","255.61","71.0","83.0","1169.01","0.1","0.0","0.0","0.0","0.0","0.0","4.2","1.0","238.1","0.0","0.0","0.0","0.1","0.0","0.0","0.0","0.0","0.0","0.0","0.0","0.0","76.0","82.2","1081.58","19.6","208.5","10637.76","2.0","0.5","250.0","0.7","9.6","10.3","3.4","3.8","78.1"
"104","1987","7","Maharashtra","Satara","37.0","66.0","1783.78","22.0","24.0","1090.91","95.0","144.8","1524.21","157.3","114.5","727.91","252.3","259.3","1027.74","119.5","49.9","417.57","3.0","3.0","1000.0","14.0","12.0","857.14","0.0","0.0","0.0","21.0","9.0","428.57","8.1","2.8","345.68","54.4","18.0","330.88","74.0","97.0","1310.81","0.1","0.0","0.0","0.0","0.0","0.0","5.2","3.3","634.62","0.0","0.0","0.0","0.1","0.0","0.0","0.6","0.4","666.67","0.0","0.0","0.0","81.4","97.9","1202.7","28.3","265.6","9385.16","0.4","0.1","250.0","1.8","9.5","11.3","4.5","3.9","54.7"
"104","1988","7","Maharashtra","Satara","40.8","85.7","2100.49","25.1","42.3","1685.26","93.4","142.2","1522.48","156.0","129.8","832.05","249.4","272.0","1090.62","118.2","36.6","309.64","3.3","4.3","1303.03","13.3","12.6","947.37","0.0","0.0","0.0","12.7","8.9","700.79","8.2","5.5","670.73","32.9","14.1","428.57","73.6","102.4","1391.3","0.2","0.1","500.0","0.0","0.0","0.0","5.6","1.8","321.43","0.0","0.0","0.0","0.0","0.0","0.0","0.7","0.5","714.29","0.2","0.1","500.0","81.1","104.4","1287.3","29.1","227.5","7817.87","2.4","0.5","208.33","1.2","18.4","19.6","6.3","7.1","46.7"
"104","1989","7","Maharashtra","Satara","41.8","90.6","2167.46","26.0","35.1","1350.0","97.2","177.3","1824.07","151.8","132.8","874.84","249.0","310.1","1245.38","116.6","61.6","528.3","1.9","2.9","1526.32","14.1","15.9","1127.66","0.0","0.0","0.0","13.5","6.7","496.3","8.9","3.7","415.73","56.6","22.4","395.76","73.4","103.6","1411.44","0.2","0.0","0.0","0.6","0.3","500.0","5.2","2.8","538.46","0.0","0.0","0.0","0.0","0.0","0.0","0.0","0.0","0.0","0.0","0.0","0.0","84.1","110.0","1307.97","32.8","287.9","8777.44","0.8","0.3","375.0","1.4","17.3","18.7","6.3","7.9","46.2"
"104","1990","7","Maharashtra","Satara","39.9","68.7","1721.8","25.8","32.6","1263.57","92.5","141.5","1529.73","156.6","131.2","837.8","249.1","272.7","1094.74","117.1","43.2","368.92","1.9","2.8","1473.68","13.2","16.8","1272.73","0.0","0.0","0.0","13.2","6.8","515.15","8.9","3.7","415.73","40.7","17.5","429.98","75.6","100.6","1330.69","0.2","0.1","500.0","0.0","0.0","0.0","4.7","1.8","382.98","0.0","0.0","0.0","0.1","0.0","0.0","1.5","0.8","533.33","2.7","2.6","962.96","88.7","97.5","1099.21","36.9","321.81","8721.14","0.9","0.27","300.0","1.8","19.4","21.2","7.9","7.0","43.2"
"104","1991","7","Maharashtra","Satara","39.6","75.2","1898.99","27.4","44.2","1613.14","88.7","130.9","1475.76","146.4","105.5","720.63","235.1","236.4","1005.53","117.1","47.1","402.22","4.9","5.8","1183.67","13.6","14.1","1036.76","0.0","0.0","0.0","14.1","7.3","517.73","9.0","4.1","455.56","36.4","10.7","293.96","74.6","87.0","1166.22","0.1","0.1","1000.0","0.0","0.0","0.0","3.0","1.5","500.0","0.0","0.0","0.0","0.0","0.0","0.0","3.1","1.5","483.87","2.0","1.4","700.0","94.6","94.7","1001.06","36.2","298.68","8250.83","1.0","0.39","390.0","2.4","16.7","19.1","5.5","7.7","38.9"
"104","1992","7","Maharashtra","Satara","44.1","68.3","1548.75","27.2","31.2","1147.06","88.5","148.0","1672.32","152.1","89.5","588.43","240.6","237.5","987.12","91.1","40.6","445.66","4.5","5.9","1311.11","14.4","17.0","1180.56","0.0","0.0","0.0","12.7","5.1","401.57","9.4","7.4","787.23","38.5","18.9","490.91","72.8","94.1","1292.58","0.1","0.1","1000.0","0.8","0.2","250.0","4.6","1.8","391.3","0.0","0.0","0.0","0.0","0.0","0.0","3.7","2.0","540.54","4.2","4.1","976.19","91.7","103.7","1130.86","39.9","332.52","8333.83","1.3","0.44","338.46","3.2","25.7","28.9","5.0","7.3","31.5"
"104","1993","7","Maharashtra","Satara","40.6","79.6","1960.59","30.2","50.4","1668.87","85.3","125.5","1471.28","161.3","123.3","764.41","246.6","248.8","1008.92","92.8","37.8","407.33","7.8","11.9","1525.64","7.2","6.8","944.44","0.0","0.0","0.0","14.8","10.0","675.68","8.0","5.2","650.0","29.0","13.9","479.31","72.2","98.4","1362.88","0.1","0.0","0.0","0.6","0.2","333.33","5.3","3.8","716.98","0.0","0.0","0.0","0.0","0.0","0.0","2.5","1.5","600.0","5.3","5.8","1094.34","86.9","109.9","1264.67","36.8","322.34","8759.24","0.5","0.17","340.0","3.4","12.5","15.9","4.8","5.2","32.5"
"104","1994","7","Maharashtra","Satara","36.9","62.1","1682.93","32.9","53.8","1635.26","66.2","72.9","1101.21","124.0","86.7","699.19","190.2","159.6","839.12","110.8","68.0","613.72","7.7","9.6","1246.75","7.5","9.5","1266.67","0.0","0.0","0.0","17.7","11.8","666.67","7.4","4.0","540.54","51.8","22.5","434.36","49.5","46.5","939.39","0.1","0.0","0.0","0.5","0.2","400.0","5.3","1.8","339.62","0.0","0.0","0.0","0.1","0.0","0.0","2.5","1.2","480.0","7.9","6.7","848.1","67.6","56.9","841.72","41.3","381.24","9230.99","4.7","1.67","355.32","3.9","14.8","18.7","5.0","7.0","34.2"
"104","1995","7","Maharashtra","Satara","36.5","56.7","1553.42","30.9","48.6","1572.82","63.8","117.6","1843.26","146.3","104.5","714.29","210.1","222.1","1057.12","89.0","41.6","467.42","5.7","9.4","1649.12","5.0","8.0","1600.0","0.0","0.0","0.0","19.8","11.9","601.01","7.5","3.4","453.33","31.2","11.9","381.41","50.9","76.7","1506.88","0.0","0.0","0.0","0.0","0.0","0.0","5.5","3.0","545.45","0.0","0.0","0.0","0.0","0.0","0.0","2.0","1.3","650.0","8.9","12.7","1426.97","69.2","94.1","1359.83","51.1","490.03","9589.63","3.8","1.19","313.16","4.4","15.9","20.3","5.5","7.3","27.1"
"104","1996","7","Maharashtra","Satara","39.4","91.3","2317.26","32.5","59.2","1821.54","70.7","123.7","1749.65","154.8","131.1","846.9","225.5","254.8","1129.93","105.1","72.8","692.67","2.6","3.6","1384.62","8.5","10.6","1247.06","0.0","0.0","0.0","20.6","13.0","631.07","7.9","4.1","518.99","27.2","12.8","470.59","57.6","99.1","1720.49","0.0","0.0","0.0","0.0","0.0","0.0","5.3","2.7","509.43","0.0","0.0","0.0","0.1","0.1","1000.0","2.1","1.3","619.05","9.8","14.8","1510.2","77.3","118.8","1536.87","47.3","434.6","9188.16","4.3","1.21","281.4","9.5","17.8","27.3","5.8","8.3","42.4"
"104","1997","7","Maharashtra","Satara","37.1","58.0","1563.34","32.1","47.0","1464.17","75.5","108.4","1435.76","143.6","86.7","603.76","219.1","195.1","890.46","99.5","44.8","450.25","5.5","8.2","1490.91","8.0","7.7","962.5","0.0","0.0","0.0","18.6","9.3","500.0","6.9","1.7","246.38","95.8","39.6","413.36","49.7","68.3","1374.25","0.0","0.0","0.0","0.0","0.0","0.0","4.8","1.2","250.0","0.0","0.0","0.0","0.1","0.1","1000.0","2.0","1.3","650.0","11.8","16.5","1398.31","70.7","96.3","1362.09","46.7","476.64","10206.42","5.0","1.99","398.0","9.8","18.8","28.6","5.5","8.2","44.4"
"104","1998","7","Maharashtra","Satara","41.5","100.2","2414.46","35.8","63.1","1762.57","69.6","128.3","1843.39","141.3","143.9","1018.4","210.9","272.2","1290.66","89.1","69.1","775.53","11.8","21.4","1813.56","9.0","13.8","1533.33","0.0","0.0","0.0","23.8","15.9","668.07","7.6","2.9","381.58","40.9","18.9","462.1","59.2","88.2","1489.86","0.5","0.1","200.0","0.4","0.1","250.0","5.5","2.9","527.27","0.0","0.0","0.0","0.5","0.2","400.0","3.0","1.3","433.33","11.4","17.8","1561.4","82.5","111.4","1350.3","45.1","443.98","9844.35","4.7","1.38","293.62","9.9","17.2","27.1","4.6","6.3","43.2"
"104","1999","7","Maharashtra","Satara","44.0","71.1","1615.91","37.9","70.2","1852.24","69.8","129.8","1859.6","146.1","133.9","916.5","215.9","263.7","1221.4","91.0","84.3","926.37","13.7","20.9","1525.55","9.5","11.3","1189.47","0.0","0.0","0.0","26.3","18.4","699.62","7.7","3.1","402.6","44.2","20.0","452.49","61.3","88.0","1435.56","0.4","0.1","250.0","0.4","0.1","250.0","5.5","4.9","890.91","0.1","0.1","1000.0","0.4","0.1","250.0","3.1","1.4","451.61","13.4","26.0","1940.3","86.7","121.09","1396.66","43.0","454.64","10573.02","5.4","2.14","396.3","8.4","16.4","24.8","5.6","5.9","44.5"
"104","2000","7","Maharashtra","Satara","43.9","51.3","1168.56","32.9","51.6","1568.39","66.7","117.1","1755.62","143.5","73.2","510.1","210.2","190.3","905.33","89.9","52.6","585.09","12.0","11.9","991.67","9.3","10.1","1086.02","0.0","0.0","0.0","23.0","11.7","508.7","7.1","3.1","436.62","44.1","18.3","414.97","62.9","80.8","1284.58","0.4","0.2","500.0","0.2","0.0","0.0","5.9","3.1","525.42","0.0","0.0","0.0","0.4","0.1","250.0","2.9","1.5","517.24","13.6","33.6","2470.59","88.1","119.8","1359.82","38.3","350.4","9148.83","5.6","1.8","321.43","0.9","11.9","12.8","5.3","6.4","45.1"
"104","2001","7","Maharashtra","Satara","44.6","77.2","1730.94","35.7","64.9","1817.93","64.8","99.0","1527.78","150.6","96.7","642.1","215.4","195.7","908.54","66.1","31.0","468.99","12.4","24.6","1983.87","9.0","12.3","1366.67","0.0","0.0","0.0","25.4","15.6","614.17","6.5","2.1","323.08","26.6","12.1","454.89","60.9","89.1","1463.05","0.4","0.1","250.0","0.2","0.1","500.0","5.9","2.3","389.83","0.0","0.0","0.0","0.0","0.0","0.0","2.6","1.3","500.0","14.0","26.7","1907.14","85.8","119.9","1397.44","39.4","372.8","9461.93","3.1","0.51","164.52","0.6","16.5","17.1","5.4","10.8","45.3"
"104","2002","7","Maharashtra","Satara","45.4","71.2","1568.28","35.3","48.7","1379.6","67.1","108.4","1615.5","133.0","57.7","433.83","200.1","166.1","830.08","89.9","36.6","407.12","13.3","27.7","2082.71","8.9","9.6","1078.65","0.0","0.0","0.0","22.0","6.6","300.0","6.7","2.6","388.06","47.4","24.3","512.66","61.2","78.1","1276.14","0.4","0.1","250.0","0.2","0.1","500.0","4.4","0.9","204.55","0.0","0.0","0.0","0.0","0.0","0.0","2.7","1.1","407.41","15.6","30.8","1974.36","86.3","111.6","1293.16","38.0","353.6","9305.26","3.6","0.7","194.44","0.7","17.2","17.9","5.3","11.6","45.4"
"104","2003","7","Maharashtra","Satara","44.2","73.4","1660.63","23.6","34.1","1444.92","58.3","83.2","1427.1","66.2","41.0","619.34","124.5","124.2","997.59","23.3","6.1","261.8","12.5","24.4","1952.0","10.1","18.0","1782.18","0.0","0.0","0.0","13.1","7.5","572.52","3.8","1.1","289.47","37.6","13.1","348.4","59.4","89.3","1503.37","0.4","0.1","250.0","0.2","0.05","250.0","1.7","0.2","117.65","0.0","0.0","0.0","0.0","0.0","0.0","1.8","0.4","222.22","15.1","24.9","1649.01","80.3","115.45","1437.73","31.3","210.61","6728.75","0.6","0.15","250.0","3.2","7.9","11.1","5.3","2.4","0.0"
"104","2004","7","Maharashtra","Satara","44.1","72.9","1653.06","38.1","68.3","1792.65","63.9","110.3","1726.13","151.0","130.1","861.59","214.9","240.4","1118.66","92.9","79.0","850.38","16.1","29.47","1830.43","9.1","7.5","824.18","0.0","0.0","0.0","24.2","20.2","834.71","6.0","2.6","433.33","47.3","24.89","526.22","64.9","94.6","1457.63","0.5","0.1","200.0","0.6","0.1","166.67","2.1","1.3","619.05","0.0","0.0","0.0","0.1","0.0","0.0","4.2","2.3","547.62","26.4","48.5","1837.12","101.0","147.6","1461.39","23.2","187.53","8083.19","0.6","0.1","166.67","3.3","15.2","18.5","5.2","9.81","0.0"
"104","2005","7","Maharashtra","Satara","43.6","73.4","1683.49","39.2","73.5","1875.0","60.5","50.3","831.4","151.8","109.1","718.71","212.3","159.4","750.82","72.5","23.5","324.14","13.5","19.8","1466.67","8.4","4.6","547.62","0.0","0.0","0.0","26.6","18.3","687.97","4.6","1.6","347.83","47.1","16.16","343.1","63.0","56.7","900.0","0.4","0.1","250.0","0.5","0.08","160.0","2.4","0.4","166.67","0.0","0.0","0.0","0.2","0.1","500.0","3.3","1.8","545.45","31.3","38.7","1236.42","102.7","98.38","957.94","38.9","345.38","8878.66","4.7","0.73","155.32","5.1","12.4","17.5","5.3","6.89","0.0"
"104","2006","7","Maharashtra","Satara","45.0","93.3","2073.33","43.1","78.1","1812.06","59.3","37.6","634.06","144.1","115.8","803.61","203.4","153.4","754.18","84.5","24.6","291.12","15.5","25.18","1624.52","8.8","6.3","715.91","0.0","0.0","0.0","31.0","19.3","622.58","5.9","3.0","508.47","49.2","13.48","273.98","62.2","52.0","836.01","0.5","0.2","400.0","0.6","0.11","183.33","2.2","1.1","500.0","0.0","0.0","0.0","0.1","0.1","1000.0","2.8","1.4","500.0","28.7","31.1","1083.62","99.0","86.51","873.84","53.6","448.54","8368.28","4.0","0.75","187.5","0.0","0.0","0.0","0.0","10.9","0.0"
"104","2007","7","Maharashtra","Satara","49.6","102.4","2064.52","43.3","94.0","2170.9","50.3","84.4","1677.93","97.5","100.1","1026.67","147.8","184.5","1248.31","84.1","48.5","576.69","16.0","27.75","1734.38","7.7","5.0","649.35","0.0","0.0","0.0","30.2","20.2","668.87","5.2","2.4","461.54","56.6","28.88","510.25","53.2","76.45","1437.03","0.3","0.2","666.67","0.2","0.0","0.0","1.5","0.38","253.33","0.0","0.0","0.0","0.1","0.1","1000.0","1.9","1.4","736.84","27.2","48.0","1764.71","86.0","126.93","1475.93","60.8","513.56","8446.71","3.2","1.84","575.0","0.0","0.0","0.0","0.0","7.11","0.0"
"104","2008","7","Maharashtra","Satara","49.7","109.3","2199.2","40.2","69.1","1718.91","45.5","83.2","1828.57","164.8","131.0","794.9","210.3","214.2","1018.54","6.4","3.3","515.62","13.5","27.44","2032.59","7.4","3.3","445.95","0.0","0.0","0.0","28.0","20.4","728.57","2.7","1.2","444.44","30.55","12.92","422.91","49.7","74.0","1488.93","0.2","0.2","1000.0","0.2","0.05","250.0","1.1","0.5","454.55","0.0","0.0","0.0","0.0","0.0","0.0","1.1","0.8","727.27","29.2","62.9","2154.11","82.6","138.75","1679.78","50.4","423.0","8392.86","1.4","0.26","185.71","0.0","0.0","0.0","0.0","0.0","0.0"
"104","2009","7","Maharashtra","Satara","50.6","76.9","1519.76","42.0","69.01","1643.1","46.8","70.59","1508.33","134.4","120.5","896.58","181.2","191.1","1054.64","74.9","36.28","484.38","17.8","44.58","2504.49","7.3","5.78","791.78","0.0","0.0","0.0","28.0","16.87","602.5","4.2","4.24","1009.52","50.1","20.59","410.98","53.3","72.01","1351.03","0.2","0.07","350.0","0.5","0.13","260.0","1.3","0.62","476.92","0.0","0.0","0.0","0.1","0.02","200.0","1.0","0.46","460.0","32.5","65.05","2001.54","90.5","138.69","1532.49","53.8","481.22","8944.61","1.6","0.19","118.75","0.0","0.0","0.0","0.0","0.0","0.0"
"104","2010","7","Maharashtra","Satara","50.8","82.24","1618.9","43.7","86.48","1978.95","44.6","76.1","1706.28","133.8","105.17","786.02","178.4","181.27","1016.09","75.6","59.2","783.07","20.3","40.27","1983.74","8.1","8.8","1086.42","0.0","0.0","0.0","29.9","24.31","813.04","5.3","1.84","347.17","49.8","26.71","536.35","53.6","87.59","1634.14","0.2","0.05","250.0","0.0","0.0","0.0","2.2","0.97","440.91","0.0","0.0","0.0","0.1","0.03","300.0","1.0","0.46","460.0","40.1","65.4","1630.92","99.4","155.37","1563.08","74.0","696.34","9410.0","1.6","0.23","143.75","0.0","0.0","0.0","0.0","0.0","0.0"
"104","2011","7","Maharashtra","Satara","50.5","83.0","1643.56","36.6","67.82","1853.01","36.3","65.1","1793.39","139.9","86.76","620.16","176.2","151.86","861.86","25.7","16.4","638.13","22.3","45.34","2033.18","7.4","7.94","1072.97","0.0","0.0","0.0","27.3","18.12","663.74","2.3","0.63","273.91","35.8","16.82","469.83","46.9","69.13","1473.99","0.3","0.09","300.0","0.0","0.0","0.0","1.1","0.43","390.91","0.0","0.0","0.0","0.1","0.02","200.0","0.7","0.34","485.71","46.1","74.98","1626.46","96.9","145.6","1502.58","70.6","696.26","9862.04","1.0","0.29","290.0","25.25","26.58","51.84","8.16","9.05","0.0"
"104","2012","7","Maharashtra","Satara","51.0","70.04","1373.33","35.0","58.54","1672.57","32.5","56.41","1735.69","123.6","70.67","571.76","156.1","127.08","814.09","16.3","7.5","460.12","19.52","30.86","1580.94","8.0","7.01","876.25","0.0","0.0","0.0","25.4","14.11","555.51","1.5","0.22","146.67","13.5","4.88","361.48","50.7","67.14","1324.26","0.1","0.02","200.0","0.0","0.0","0.0","0.1","0.04","400.0","0.9","0.18","200.0","0.0","0.0","0.0","0.6","0.23","383.33","38.8","69.32","1786.6","92.4","137.31","1486.04","59.8","557.77","9327.26","0.1","0.06","600.0","26.13","20.56","46.69","4.51","5.01","0.0"
"104","2013","7","Maharashtra","Satara","50.4","75.6","1500.0","33.8","62.2","1840.24","29.7","52.8","1777.78","138.0","112.2","813.04","167.7","165.0","983.9","30.2","15.6","516.56","25.4","67.1","2641.73","8.0","9.2","1150.0","0.0","0.0","0.0","25.7","20.5","797.67","1.6","0.8","500.0","30.5","15.6","511.48","43.5","71.75","1649.43","0.1","0.0","0.0","0.0","0.0","0.0","0.1","0.1","1000.0","0.3","0.1","333.33","0.0","0.0","0.0","1.2","0.7","583.33","46.7","95.56","2046.25","93.5","176.2","1884.49","59.8","601.52","10058.86","0.2","0.09","450.0","0.0","0.0","0.0","0.0","0.0","0.0"
"104","2014","7","Maharashtra","Satara","52.9","94.7","1790.17","38.3","61.4","1603.13","23.4","35.9","1534.19","145.6","127.1","872.94","169.0","163.0","964.5","55.0","22.1","401.82","30.8","60.5","1964.29","6.6","6.7","1015.15","0.0","0.0","0.0","34.1","25.9","759.53","1.3","0.4","307.69","33.3","16.2","486.49","45.2","74.1","1639.38","0.0","0.0","0.0","0.0","0.0","0.0","0.1","0.2","2000.0","0.1","0.0","0.0","0.0","0.0","0.0","1.3","0.6","461.54","53.3","90.8","1703.56","101.2","166.0","1640.32","70.0","692.74","9896.29","0.1","0.02","200.0","0.0","0.0","0.0","0.0","0.0","0.0"
"104","2015","7","Maharashtra","Satara","52.7","79.7","1512.33","29.7","49.0","1649.83","24.8","30.5","1229.84","138.7","109.6","790.19","163.5","140.1","856.88","74.1","26.9","363.02","31.0","62.5","2016.13","6.8","7.2","1058.82","0.0","0.0","0.0","27.9","21.7","777.78","2.0","0.2","100.0","55.57","25.73","463.07","45.2","65.22","1442.92","0.1","0.01","100.0","0.0","0.0","0.0","0.1","0.04","400.0","0.3","0.1","333.33","0.0","0.0","0.0","0.4","0.12","300.0","62.8","100.9","1606.69","109.9","166.6","1515.92","65.5","632.98","9663.82","0.1","0.01","100.0","0.0","0.0","0.0","0.0","0.0","0.0"
"104","2016","7","Maharashtra","Satara","47.0","82.1","1746.81","35.6","71.2","2000.0","24.4","25.3","1036.89","149.6","108.8","727.27","174.0","134.1","770.69","72.1","52.8","732.32","35.5","77.7","2188.73","4.5","4.4","977.78","0.0","0.0","0.0","32.0","25.6","800.0","2.33","0.88","377.47","52.15","26.15","501.35","43.0","59.3","1379.07","0.01","0.0","250.0","0.1","0.02","200.0","0.1","0.1","1000.0","0.1","0.03","300.0","0.0","0.0","0.0","19.92","13.01","652.98","67.2","121.8","1812.5","0.0","0.0","0.0","50.33","625.97","12437.56","0.1","0.04","360.0","0.0","0.0","0.0","0.0","0.0","0.0"
"104","2017","7","Maharashtra","Satara","45.8","83.0","1812.23","37.2","75.1","2018.82","24.1","33.1","1373.44","136.6","124.6","912.15","160.7","157.7","981.33","67.4","34.1","505.93","33.99","98.1","2886.48","4.5","5.1","1133.33","0.0","0.0","0.0","31.0","28.9","932.26","1.7","0.3","176.47","48.17","45.2","938.32","35.68","51.6","1446.35","0.01","0.0","300.0","0.1","0.04","400.0","0.1","0.1","1000.0","0.05","0.01","208.33","0.0","0.0","0.0","0.64","0.33","522.76","69.7","128.5","1843.62","0.0","0.0","0.0","80.64","798.38","9900.05","0.09","0.02","211.76","0.0","0.0","0.0","0.0","0.0","0.0"
"105","1966","7","Maharashtra","Sangli","14.0","13.0","928.57","14.0","6.0","428.57","155.2","128.7","829.25","104.5","28.1","268.9","259.7","156.8","603.77","130.0","15.0","115.38","2.0","2.0","1000.0","1.0","1.0","1000.0","0.0","0.0","0.0","17.0","6.0","352.94","17.0","10.0","588.24","141.1","15.9","112.69","94.0","62.0","659.57","1.6","0.4","250.0","0.0","0.0","0.0","5.67","-1.0","-1.0","0.1","0.0","0.0","0.2","0.0","0.0","0.0","0.0","0.0","0.0","0.0","0.0","251.0","62.4","248.61","13.4","120.3","8977.61","4.0","2.0","500.0","0.97","2.63","3.6","0.08","0.36","53.9"
"105","1967","7","Maharashtra","Sangli","15.0","13.0","866.67","13.0","8.0","615.38","158.0","154.4","977.22","100.9","22.3","221.01","258.9","176.7","682.5","138.0","14.0","101.45","2.0","2.0","1000.0","1.0","1.0","1000.0","0.0","0.0","0.0","10.0","3.0","300.0","16.0","12.0","750.0","145.1","16.2","111.65","96.0","75.0","781.25","1.7","0.4","235.29","0.0","0.0","0.0","6.07","-1.0","-1.0","0.1","0.0","0.0","0.1","0.0","0.0","0.0","0.0","0.0","0.0","0.0","0.0","259.2","75.4","290.9","13.8","95.7","6934.78","5.5","0.8","145.45","0.97","2.23","3.2","0.08","0.32","56.05"
"105","1968","7","Maharashtra","Sangli","15.6","12.0","769.23","13.4","9.0","671.64","113.8","120.6","1059.75","92.2","20.4","221.26","206.0","141.0","684.47","141.8","18.0","126.94","2.1","2.0","952.38","1.1","1.0","909.09","0.0","0.0","0.0","9.9","4.0","404.04","16.5","11.0","666.67","47.2","16.3","345.34","90.1","46.0","510.54","1.1","0.2","181.82","0.0","0.0","0.0","6.1","-1.0","-1.0","0.1","0.0","0.0","0.1","0.0","0.0","0.0","0.0","0.0","0.0","0.0","0.0","98.9","46.2","467.14","19.0","116.4","6126.32","5.1","0.9","176.47","0.9","2.3","3.2","0.1","0.3","60.4"
"105","1969","7","Maharashtra","Sangli","15.7","15.0","955.41","12.4","7.9","637.1","114.7","101.3","883.17","79.8","11.9","149.12","194.5","113.2","582.01","147.2","22.5","152.85","2.0","1.8","900.0","1.2","0.6","500.0","0.0","0.0","0.0","8.6","3.0","348.84","16.5","10.4","630.3","50.1","16.6","331.34","86.8","45.4","523.04","0.9","0.3","333.33","0.0","0.0","0.0","4.6","-1.0","-1.0","0.2","0.1","500.0","0.0","0.0","0.0","0.0","0.0","0.0","0.0","0.0","0.0","94.2","45.8","486.2","21.7","115.8","5336.41","2.3","0.4","173.91","0.9","2.3","3.2","0.1","0.3","66.4"
"105","1970","7","Maharashtra","Sangli","16.7","15.7","940.12","12.9","8.9","689.92","113.8","93.1","818.1","98.3","14.7","149.54","212.1","107.8","508.25","105.6","17.8","168.56","2.0","1.7","850.0","1.1","0.7","636.36","0.0","0.0","0.0","7.3","1.9","260.27","14.0","8.7","621.43","41.4","12.2","294.69","75.8","40.3","531.66","0.5","0.1","200.0","0.0","0.0","0.0","8.4","-1.0","-1.0","0.0","0.0","0.0","0.1","0.1","1000.0","0.0","0.0","0.0","0.0","0.0","0.0","85.3","40.5","474.79","19.8","103.4","5222.22","4.3","0.4","93.02","0.7","1.8","2.5","0.1","0.4","36.3"
"105","1971","7","Maharashtra","Sangli","16.3","15.9","975.46","15.8","8.4","531.65","117.5","106.1","902.98","108.7","16.3","149.95","226.2","122.4","541.11","132.2","14.7","111.2","2.1","1.9","904.76","1.2","0.9","750.0","0.0","0.0","0.0","9.8","2.8","285.71","16.7","9.9","592.81","47.8","13.6","284.52","79.3","56.7","715.01","0.5","0.1","200.0","0.1","0.0","0.0","7.7","-1.0","-1.0","0.0","0.0","0.0","0.1","0.0","0.0","0.0","0.0","0.0","0.0","0.0","0.0","86.1","56.8","659.7","19.1","122.0","6387.43","3.1","0.5","161.29","0.8","2.0","2.8","0.1","0.3","30.6"
"105","1972","7","Maharashtra","Sangli","13.6","3.5","257.35","9.8","4.6","469.39","44.7","6.0","134.23","111.1","4.2","37.8","155.8","10.2","65.47","22.0","3.0","136.36","1.9","0.9","473.68","1.2","0.8","666.67","0.0","0.0","0.0","5.6","0.8","142.86","10.2","2.4","235.29","21.2","2.9","136.79","55.4","7.0","126.35","0.2","0.1","500.0","0.0","0.0","0.0","4.0","1.3","325.0","0.1","0.0","0.0","0.1","0.0","0.0","0.0","0.0","0.0","0.0","0.0","0.0","64.5","8.4","130.23","15.4","81.6","5298.7","1.4","0.3","214.29","0.6","1.6","2.2","0.0","0.3","76.2"
"105","1973","7","Maharashtra","Sangli","13.2","16.1","1219.7","18.1","10.6","585.64","130.9","115.0","878.53","101.7","46.8","460.18","232.6","161.8","695.61","124.7","25.0","200.48","2.1","2.2","1047.62","1.2","1.3","1083.33","0.0","0.0","0.0","9.8","3.1","316.33","16.8","15.5","922.62","54.9","18.1","329.69","46.7","40.3","862.96","0.5","0.1","200.0","0.0","0.0","0.0","6.0","2.1","350.0","0.1","0.1","1000.0","0.1","0.0","0.0","0.0","0.0","0.0","0.0","0.0","0.0","58.2","42.6","731.96","17.7","121.9","6887.01","2.1","0.4","190.48","0.6","1.8","2.4","0.0","0.3","89.6"
"105","1974","7","Maharashtra","Sangli","14.8","20.7","1398.65","21.9","17.6","803.65","128.3","140.0","1091.19","103.6","31.9","307.92","231.9","171.9","741.27","111.7","17.3","154.88","2.5","2.5","1000.0","1.0","0.9","900.0","0.0","0.0","0.0","13.3","5.2","390.98","16.1","16.0","993.79","52.8","26.6","503.79","52.5","35.5","676.19","0.6","0.2","333.33","0.0","0.0","0.0","8.0","4.0","500.0","0.0","0.0","0.0","0.2","0.1","500.0","0.0","0.0","0.0","0.0","0.0","0.0","65.8","39.8","604.86","21.3","148.0","6948.36","3.1","0.4","129.03","0.7","2.0","2.7","0.1","0.3","75.8"
"105","1975","7","Maharashtra","Sangli","16.3","29.6","1815.95","32.2","29.8","925.47","135.5","165.1","1218.45","90.5","36.5","403.31","226.0","201.6","892.04","105.5","16.9","160.19","2.6","3.9","1500.0","1.0","1.0","1000.0","0.0","0.0","0.0","14.1","8.5","602.84","16.1","13.7","850.93","57.1","25.0","437.83","54.2","45.0","830.26","0.6","0.2","333.33","0.0","0.0","0.0","9.9","4.9","494.95","0.0","0.0","0.0","0.1","0.0","0.0","0.0","0.0","0.0","0.0","0.0","0.0","65.3","50.1","767.23","24.7","302.6","12251.01","2.1","0.5","238.1","0.7","2.0","2.7","0.1","0.3","80.8"
"105","1976","7","Maharashtra","Sangli","16.8","41.5","2470.24","29.8","22.9","768.46","139.8","132.9","950.64","77.5","16.0","206.45","217.3","148.9","685.23","97.6","19.0","194.67","3.3","8.6","2606.06","1.1","1.1","1000.0","0.0","0.0","0.0","15.1","4.6","304.64","16.1","12.9","801.24","53.5","19.1","357.01","54.6","41.3","756.41","0.7","0.1","142.86","0.0","0.0","0.0","9.4","3.3","351.06","0.0","0.0","0.0","0.2","0.1","500.0","0.0","0.0","0.0","0.0","0.0","0.0","65.5","44.8","683.97","27.1","245.7","9066.42","1.8","0.4","222.22","0.8","1.8","2.6","0.1","0.3","78.0"
"105","1977","7","Maharashtra","Sangli","17.8","31.1","1747.19","37.3","27.2","729.22","142.0","148.7","1047.18","98.5","37.6","381.73","240.5","186.3","774.64","96.3","15.9","165.11","2.6","4.7","1807.69","0.9","0.6","666.67","0.0","0.0","0.0","16.0","6.3","393.75","17.8","12.8","719.1","51.9","18.5","356.45","52.1","33.9","650.67","0.6","0.2","333.33","0.0","0.0","0.0","10.6","2.8","264.15","0.0","0.0","0.0","0.1","0.0","0.0","0.0","0.0","0.0","0.0","0.0","0.0","63.2","36.9","583.86","27.1","251.5","9280.44","2.1","0.3","142.86","1.0","1.7","2.7","0.0","0.3","74.1"
"105","1978","7","Maharashtra","Sangli","18.0","31.6","1755.56","33.0","24.7","748.48","136.4","160.6","1177.42","83.1","28.4","341.76","219.5","189.0","861.05","109.0","23.3","213.76","2.9","6.2","2137.93","1.0","0.9","900.0","0.0","0.0","0.0","17.7","7.1","401.13","16.8","15.1","898.81","53.3","15.8","296.44","50.1","40.2","802.4","0.5","0.2","400.0","0.0","0.0","0.0","11.0","2.9","263.64","0.0","0.0","0.0","0.1","0.0","0.0","0.0","0.0","0.0","0.0","0.0","0.0","62.0","43.3","698.39","29.8","265.8","8919.46","3.1","0.8","258.06","1.2","1.7","2.9","0.1","0.4","73.2"
"105","1979","7","Maharashtra","Sangli","18.4","27.3","1483.7","37.4","33.0","882.35","125.2","148.0","1182.11","99.3","27.4","275.93","224.5","175.4","781.29","86.1","17.7","205.57","3.0","5.8","1933.33","1.6","1.4","875.0","0.0","0.0","0.0","18.5","8.3","448.65","16.9","15.1","893.49","50.2","15.3","304.78","45.2","69.5","1537.61","0.6","0.2","333.33","0.0","0.0","0.0","10.8","4.6","425.93","0.0","0.0","0.0","0.1","0.0","0.0","0.0","0.0","0.0","0.0","0.0","0.0","54.8","74.3","1355.84","21.2","204.2","9632.08","3.3","1.0","303.03","1.2","1.9","3.1","0.1","0.4","69.3"
"105","1980","7","Maharashtra","Sangli","17.5","36.2","2068.57","36.7","25.6","697.55","130.4","158.8","1217.79","86.3","25.5","295.48","216.7","184.3","850.48","97.4","17.6","180.7","5.0","11.7","2340.0","1.7","1.6","941.18","0.0","0.0","0.0","17.5","7.2","411.43","16.3","8.8","539.88","58.3","2.5","42.88","44.5","61.5","1382.02","0.6","0.2","333.33","0.0","0.0","0.0","9.3","3.8","408.6","0.0","0.0","0.0","0.1","0.0","0.0","0.3","0.2","666.67","0.0","0.0","0.0","52.6","30.6","581.75","24.4","243.1","9963.11","3.4","0.7","205.88","1.5","2.3","3.8","0.2","0.6","71.5"
"105","1981","7","Maharashtra","Sangli","17.3","27.3","1578.03","40.4","28.3","700.5","132.0","150.9","1143.18","88.2","34.7","393.42","220.2","185.6","842.87","102.2","29.8","291.59","6.0","12.6","2100.0","1.6","1.7","1062.5","0.0","0.0","0.0","18.8","8.5","452.13","16.6","12.8","771.08","48.8","6.1","125.0","42.2","50.0","1184.83","0.6","0.1","166.67","0.0","0.0","0.0","9.8","4.9","500.0","0.0","0.0","0.0","0.2","0.0","0.0","0.4","0.4","1000.0","0.0","0.0","0.0","52.8","31.3","592.8","25.9","258.6","9984.56","3.5","0.8","228.57","1.5","2.3","3.8","0.2","0.6","69.5"
"105","1982","7","Maharashtra","Sangli","16.1","27.7","1720.5","38.1","23.6","619.42","92.8","103.0","1109.91","104.5","43.7","418.18","197.3","146.7","743.54","76.9","9.6","124.84","9.0","16.3","1811.11","1.6","1.3","812.5","0.0","0.0","0.0","17.9","7.1","396.65","9.3","3.3","354.84","52.4","33.4","637.4","44.7","45.5","1017.9","0.6","0.2","333.33","0.0","0.0","0.0","9.5","4.8","505.26","0.0","0.0","0.0","0.1","0.0","0.0","0.6","0.5","833.33","0.0","0.0","0.0","52.8","40.0","757.58","28.4","266.8","9394.37","3.4","0.9","264.71","1.7","2.2","3.9","0.2","0.5","69.8"
"105","1983","7","Maharashtra","Sangli","17.1","32.7","1912.28","37.9","34.4","907.65","126.6","242.9","1918.64","106.9","44.5","416.28","233.5","287.4","1230.84","98.7","28.8","291.79","11.0","17.5","1590.91","1.6","1.7","1062.5","0.0","0.0","0.0","20.2","10.1","500.0","10.8","9.2","851.85","48.8","18.4","377.05","50.7","68.9","1358.97","0.6","0.2","333.33","0.0","0.0","0.0","8.8","5.4","613.64","0.0","0.0","0.0","0.1","0.0","0.0","1.6","0.8","500.0","0.0","0.0","0.0","51.3","62.6","1220.27","24.6","220.2","8951.22","3.5","0.5","142.86","1.7","2.2","3.9","0.2","0.5","49.4"
"105","1984","7","Maharashtra","Sangli","16.4","32.1","1957.32","34.9","25.6","733.52","128.1","132.7","1035.91","113.9","54.3","476.73","242.0","187.0","772.73","93.2","14.4","154.51","3.9","5.0","1282.05","1.6","2.1","1312.5","0.0","0.0","0.0","18.6","7.2","387.1","10.9","7.4","678.9","51.6","13.7","265.5","43.4","49.7","1145.16","0.0","0.0","0.0","0.0","0.0","0.0","10.8","5.7","527.78","0.0","0.0","0.0","0.1","0.0","0.0","0.4","0.2","500.0","0.0","0.0","0.0","53.1","51.7","973.63","21.8","172.4","7908.26","1.4","0.3","214.29","1.8","2.4","4.2","0.2","0.6","48.0"
"105","1985","7","Maharashtra","Sangli","16.5","34.8","2109.09","31.7","22.3","703.47","131.3","140.3","1068.55","113.9","20.4","179.1","245.2","160.7","655.38","90.5","31.3","345.86","8.2","14.5","1768.29","1.6","2.4","1500.0","0.0","0.0","0.0","18.0","4.2","233.33","11.2","7.9","705.36","57.1","20.6","360.77","52.7","44.9","851.99","0.0","0.0","0.0","0.0","0.0","0.0","10.2","1.6","156.86","0.0","0.0","0.0","0.0","0.0","0.0","0.0","0.0","0.0","0.0","0.0","0.0","58.5","42.9","733.33","19.8","186.3","9409.09","1.3","0.3","230.77","1.8","3.3","5.1","0.2","1.5","48.0"
"105","1986","7","Maharashtra","Sangli","17.0","23.0","1352.94","31.0","16.0","516.13","95.0","132.2","1391.58","147.2","74.9","508.83","242.2","207.1","855.08","90.0","14.0","155.56","12.0","18.0","1500.0","1.0","1.0","1000.0","0.0","0.0","0.0","20.0","4.0","200.0","12.0","4.0","333.33","62.1","13.6","219.0","54.0","44.0","814.81","0.0","0.0","0.0","0.0","0.0","0.0","10.8","2.3","212.96","0.0","0.0","0.0","0.1","0.0","0.0","0.0","0.0","0.0","0.0","0.0","0.0","70.7","48.5","686.0","19.1","208.5","10916.23","1.0","0.3","300.0","1.7","2.3","4.0","0.2","0.5","44.8"
"105","1987","7","Maharashtra","Sangli","16.0","30.0","1875.0","18.0","17.0","944.44","136.8","217.8","1592.11","127.3","63.8","501.18","264.1","281.6","1066.26","87.9","28.8","327.65","13.0","13.0","1000.0","1.0","1.0","1000.0","0.0","0.0","0.0","27.0","10.0","370.37","8.0","3.0","375.0","66.1","22.7","343.42","57.0","52.0","912.28","0.0","0.0","0.0","0.0","0.0","0.0","13.3","2.5","187.97","0.0","0.0","0.0","0.1","0.0","0.0","2.4","1.4","583.33","1.2","1.9","1583.33","78.4","59.3","756.38","18.8","163.3","8686.17","1.0","0.2","200.0","2.4","2.1","4.5","0.2","0.7","36.6"
"105","1988","7","Maharashtra","Sangli","15.8","36.0","2278.48","19.6","28.6","1459.18","93.4","142.2","1522.48","156.0","129.8","832.05","249.4","272.0","1090.62","88.9","17.0","191.23","8.2","10.0","1219.51","1.2","1.4","1166.67","0.0","0.0","0.0","20.8","13.7","658.65","12.3","8.2","666.67","59.6","23.4","392.62","57.9","64.3","1110.54","0.6","0.1","166.67","0.0","0.0","0.0","14.8","4.5","304.05","0.0","0.0","0.0","0.0","0.0","0.0","2.1","1.5","714.29","3.5","1.2","342.86","78.0","72.2","925.64","19.0","172.7","9089.47","1.0","0.3","300.0","3.0","3.0","6.0","0.2","0.9","11.1"
"105","1989","7","Maharashtra","Sangli","16.9","36.5","2159.76","22.3","24.5","1098.65","142.5","192.8","1352.98","131.3","97.0","738.77","273.8","289.8","1058.44","93.2","19.3","207.08","8.6","15.6","1813.95","0.9","1.2","1333.33","0.0","0.0","0.0","22.5","12.3","546.67","12.8","5.3","414.06","54.8","23.9","436.13","45.9","49.1","1069.72","0.7","0.1","142.86","0.3","0.1","333.33","12.5","7.8","624.0","0.0","0.0","0.0","0.0","0.0","0.0","0.0","0.0","0.0","7.7","6.1","792.21","68.5","64.2","937.23","21.7","222.2","10239.63","1.2","0.4","333.33","4.4","3.5","7.9","0.1","0.9","30.0"
"105","1990","7","Maharashtra","Sangli","17.2","27.5","1598.84","21.7","24.4","1124.42","149.1","203.1","1362.17","121.8","54.7","449.1","270.9","257.8","951.64","97.1","22.7","233.78","5.3","8.2","1547.17","0.8","1.0","1250.0","0.0","0.0","0.0","22.5","11.3","502.22","12.9","5.4","418.6","45.3","19.7","434.88","46.6","51.7","1109.44","0.6","0.2","333.33","0.0","0.0","0.0","12.8","7.1","554.69","0.0","0.0","0.0","0.1","0.0","0.0","3.0","1.8","600.0","16.3","23.6","1447.85","79.6","85.2","1070.35","24.9","229.24","9206.43","1.9","0.56","294.74","4.6","3.6","8.2","0.2","0.7","29.3"
"105","1991","7","Maharashtra","Sangli","15.8","29.4","1860.76","24.9","32.8","1317.27","132.3","133.8","1011.34","121.7","50.9","418.24","254.0","184.7","727.17","96.3","28.6","296.99","6.5","10.3","1584.62","0.7","0.8","1142.86","0.0","0.0","0.0","21.7","12.2","562.21","16.2","6.6","407.41","41.6","7.5","180.29","57.7","36.6","634.32","0.2","0.1","500.0","0.0","0.0","0.0","9.4","4.4","468.09","0.0","0.0","0.0","0.1","0.1","1000.0","10.6","5.4","509.43","18.0","21.4","1188.89","88.7","68.0","766.63","34.0","297.12","8738.82","1.9","0.56","294.74","5.4","2.2","7.6","0.1","0.6","28.9"
"105","1992","7","Maharashtra","Sangli","17.6","37.3","2119.32","18.8","24.6","1308.51","124.7","166.0","1331.19","132.6","59.4","447.96","257.3","225.4","876.02","92.8","38.6","415.95","8.7","12.8","1471.26","0.3","0.4","1333.33","0.0","0.0","0.0","19.3","9.0","466.32","13.8","10.8","782.61","72.9","33.4","458.16","43.6","43.9","1006.88","0.8","0.3","375.0","1.3","0.5","384.62","9.9","2.5","252.53","0.0","0.0","0.0","0.0","0.0","0.0","11.4","6.4","561.4","41.0","72.0","1756.1","108.1","125.7","1162.81","24.4","202.05","8280.74","1.3","0.34","261.54","6.5","2.4","8.9","0.3","0.6","22.0"
"105","1993","7","Maharashtra","Sangli","15.0","31.3","2086.67","21.7","32.4","1493.09","122.9","157.9","1284.78","148.8","90.3","606.85","271.7","248.2","913.51","69.8","28.7","411.17","11.8","20.0","1694.92","0.2","0.2","1000.0","0.0","0.0","0.0","23.4","18.2","777.78","13.5","8.8","651.85","43.8","20.0","456.62","34.3","36.0","1049.56","0.1","0.1","1000.0","0.9","0.3","333.33","10.7","8.3","775.7","0.0","0.0","0.0","0.0","0.0","0.0","5.4","3.5","648.15","51.7","82.2","1589.94","103.4","130.5","1262.09","23.5","213.31","9077.02","1.3","0.34","261.54","6.1","2.2","8.3","0.2","0.7","23.8"
"105","1994","7","Maharashtra","Sangli","15.6","18.5","1185.9","19.9","32.5","1633.17","112.8","160.3","1421.1","135.6","42.5","313.42","248.4","202.8","816.43","84.3","36.9","437.72","11.9","15.8","1327.73","0.3","0.5","1666.67","0.0","0.0","0.0","22.9","16.0","698.69","12.7","6.8","535.43","61.0","26.3","431.15","35.5","38.8","1092.96","0.2","0.0","0.0","1.0","0.2","200.0","10.5","4.1","390.48","0.0","0.0","0.0","0.1","0.0","0.0","6.0","2.9","483.33","44.4","66.9","1506.76","98.1","113.1","1152.91","36.1","350.5","9709.14","2.2","0.63","286.36","6.2","2.6","8.8","0.1","0.6","26.3"
"105","1995","7","Maharashtra","Sangli","14.6","35.0","2397.26","22.8","32.3","1416.67","111.0","163.2","1470.27","141.3","87.6","619.96","252.3","250.8","994.05","84.6","24.6","290.78","5.0","8.9","1780.0","0.8","1.2","1500.0","0.0","0.0","0.0","25.5","20.3","796.08","13.1","5.9","450.38","44.9","18.0","400.89","33.5","37.0","1104.48","0.2","0.1","500.0","0.0","0.0","0.0","11.9","4.1","344.54","0.0","0.0","0.0","0.1","0.1","1000.0","5.9","3.7","627.12","46.9","93.3","1989.34","99.9","138.6","1387.39","44.9","405.37","9028.28","1.6","0.27","168.75","6.3","2.7","9.0","0.1","0.7","34.8"
"105","1996","7","Maharashtra","Sangli","14.8","33.9","2290.54","23.3","34.5","1480.69","121.6","223.9","1841.28","144.5","93.3","645.67","266.1","317.2","1192.03","95.7","44.6","466.04","7.1","10.6","1492.96","0.7","1.1","1571.43","0.0","0.0","0.0","23.0","19.5","847.83","12.7","6.6","519.69","44.0","18.2","413.64","37.2","51.8","1392.47","0.1","0.1","1000.0","0.0","0.0","0.0","7.5","2.9","386.67","0.0","0.0","0.0","0.1","0.1","1000.0","7.2","4.4","611.11","49.3","110.0","2231.24","103.9","169.9","1635.23","44.5","432.06","9709.21","2.7","0.78","288.89","7.6","3.1","10.7","0.1","0.9","38.4"
"105","1997","7","Maharashtra","Sangli","15.5","31.9","2058.06","19.0","24.2","1273.68","126.1","146.1","1158.6","133.7","78.6","587.88","259.8","224.7","864.9","112.9","58.5","518.16","9.3","13.9","1494.62","0.7","0.7","1000.0","0.0","0.0","0.0","21.9","12.6","575.34","11.2","2.8","250.0","64.2","21.9","341.12","34.0","33.2","976.47","0.2","0.1","500.0","1.5","0.0","0.0","2.1","1.4","666.67","0.0","0.0","0.0","0.1","0.1","1000.0","6.3","3.3","523.81","48.0","57.9","1206.25","93.8","112.6","1200.43","43.6","406.32","9319.27","2.3","0.92","400.0","7.9","3.6","11.5","0.1","0.9","35.3"
"105","1998","7","Maharashtra","Sangli","16.3","51.5","3159.51","29.0","43.1","1486.21","123.9","220.4","1778.85","141.6","79.3","560.03","265.5","299.7","1128.81","100.6","53.4","530.82","15.2","27.2","1789.47","0.8","1.2","1500.0","0.0","0.0","0.0","30.7","25.0","814.33","13.8","5.3","384.06","51.7","25.8","499.03","38.1","52.5","1377.95","0.8","0.3","375.0","0.8","0.2","250.0","8.5","4.5","529.41","0.0","0.0","0.0","0.0","0.0","0.0","7.6","3.4","447.37","56.2","99.1","1763.35","113.4","160.6","1416.23","48.6","489.22","10066.26","3.1","0.9","290.32","7.8","5.3","13.1","0.1","1.3","34.0"
"105","1999","7","Maharashtra","Sangli","17.9","47.2","2636.87","31.0","57.7","1861.29","126.6","159.5","1259.87","151.0","121.0","801.32","277.6","280.5","1010.45","102.6","56.4","549.71","17.4","27.8","1597.7","0.8","1.2","1500.0","0.0","0.0","0.0","31.2","25.5","817.31","14.4","5.9","409.72","64.7","26.8","414.22","38.8","38.8","1000.0","0.9","0.2","222.22","0.9","0.3","333.33","10.6","7.2","679.25","0.0","0.0","0.0","0.0","0.0","0.0","9.0","4.0","444.44","56.7","128.0","2257.5","118.1","178.8","1513.97","45.4","488.5","10759.91","3.2","1.26","393.75","8.3","6.7","15.0","0.2","1.3","34.0"
"105","2000","7","Maharashtra","Sangli","18.6","40.4","2172.04","26.3","44.7","1699.62","131.9","169.1","1282.03","155.0","82.1","529.68","286.9","251.2","875.57","105.3","44.6","423.55","17.2","18.2","1058.14","0.9","1.2","1333.33","0.0","0.0","0.0","27.8","21.4","769.78","15.7","6.8","433.12","50.8","21.6","425.2","39.9","43.1","1080.2","0.9","0.2","222.22","0.8","0.2","250.0","12.5","5.7","456.0","0.0","0.0","0.0","0.0","0.0","0.0","9.4","4.7","500.0","58.7","154.9","2638.84","122.7","208.9","1702.53","45.2","434.48","9612.39","3.6","1.11","308.33","6.9","1.3","8.2","0.2","0.9","34.3"
"105","2001","7","Maharashtra","Sangli","17.7","47.2","2666.67","28.9","50.0","1730.1","112.3","52.7","469.28","159.5","103.1","646.39","271.8","155.8","573.22","42.5","7.6","178.82","17.1","32.0","1871.34","0.9","1.4","1555.56","0.0","0.0","0.0","30.8","22.8","740.26","9.7","3.1","319.59","29.0","7.9","272.41","35.3","29.9","847.03","0.2","0.1","500.0","0.4","0.2","500.0","6.2","2.4","387.1","0.0","0.0","0.0","0.0","0.0","0.0","8.7","4.9","563.22","60.1","92.6","1540.77","111.4","130.2","1168.76","44.9","447.24","9960.8","3.1","0.51","164.52","8.8","1.9","10.7","0.2","1.5","34.7"
"105","2002","7","Maharashtra","Sangli","18.5","28.4","1535.14","22.4","28.5","1272.32","107.3","59.6","555.45","120.8","45.4","375.83","228.1","105.0","460.32","64.4","9.5","147.52","17.2","25.0","1453.49","0.5","0.7","1400.0","0.0","0.0","0.0","26.5","14.7","554.72","10.7","4.1","383.18","43.4","3.54","81.57","37.3","26.6","713.14","0.2","0.0","0.0","0.2","0.1","500.0","2.4","0.5","208.33","0.0","0.0","0.0","0.0","0.0","0.0","8.8","3.9","443.18","61.9","103.6","1673.67","111.0","134.8","1214.41","47.4","420.6","8873.42","3.0","0.56","186.67","8.8","2.2","11.0","0.2","1.7","35.1"
"105","2003","7","Maharashtra","Sangli","15.6","39.5","2532.05","12.6","20.3","1611.11","50.8","15.5","305.12","152.5","33.7","220.98","203.3","49.2","242.01","11.2","0.4","35.71","13.2","30.8","2333.33","0.4","0.7","1750.0","0.0","0.0","0.0","19.0","11.4","600.0","5.8","1.7","293.1","13.6","0.8","58.82","16.9","12.0","710.06","0.1","0.1","1000.0","0.3","0.11","366.67","1.7","0.2","117.65","0.0","0.0","0.0","0.0","0.0","0.0","4.9","0.9","183.67","40.8","80.1","1963.24","64.9","93.51","1440.83","35.1","279.55","7964.39","0.6","0.15","250.0","6.4","0.6","7.0","0.2","0.2","0.0"
"105","2004","7","Maharashtra","Sangli","17.7","44.2","2497.18","29.4","50.2","1707.48","112.8","205.0","1817.38","153.2","81.3","530.68","266.0","286.3","1076.32","95.6","45.9","480.13","23.7","47.76","2015.19","0.4","0.5","1250.0","0.0","0.0","0.0","29.6","18.6","628.38","13.2","5.8","439.39","45.9","19.2","418.3","32.9","25.4","772.04","0.3","0.1","333.33","0.6","0.1","166.67","2.1","1.3","619.05","0.0","0.0","0.0","0.0","0.0","0.0","11.0","6.1","554.55","82.6","150.1","1817.19","130.2","183.34","1408.14","31.6","265.15","8390.82","1.3","0.03","23.08","6.6","1.0","7.6","0.3","0.52","0.0"
"105","2005","7","Maharashtra","Sangli","18.1","39.5","2182.32","26.0","41.7","1603.85","111.1","96.6","869.49","116.5","56.6","485.84","227.6","153.2","673.11","74.2","27.5","370.62","22.4","52.8","2357.14","0.4","0.5","1250.0","0.0","0.0","0.0","29.0","20.0","689.66","12.7","4.4","346.46","38.7","21.33","551.16","36.2","24.3","671.27","0.3","0.1","333.33","0.4","0.14","350.0","2.2","0.4","181.82","0.0","0.0","0.0","0.0","0.0","0.0","9.2","5.0","543.48","72.4","98.0","1353.59","121.9","128.31","1052.58","36.8","299.64","8142.39","2.7","0.41","151.85","8.8","2.4","11.2","0.2","1.04","0.0"
"105","2006","7","Maharashtra","Sangli","18.1","28.9","1596.69","29.6","47.7","1611.49","113.9","86.3","757.68","139.6","82.0","587.39","253.5","168.3","663.91","92.7","35.0","377.56","26.0","31.75","1221.15","0.1","0.1","1000.0","0.0","0.0","0.0","29.6","19.1","645.27","13.7","7.0","510.95","48.3","30.12","623.6","36.9","21.1","571.82","0.5","0.1","200.0","0.4","0.2","500.0","2.3","1.1","478.26","0.2","0.05","250.0","0.0","0.0","0.0","9.4","4.7","500.0","60.8","89.9","1478.62","111.3","117.35","1054.36","53.4","497.3","9312.73","1.6","0.32","200.0","0.0","0.0","0.0","0.0","1.11","0.0"
"105","2007","7","Maharashtra","Sangli","18.7","43.61","2332.09","29.8","58.4","1959.73","104.0","86.4","830.77","138.6","90.2","650.79","242.6","176.6","727.95","86.7","34.4","396.77","34.2","81.98","2397.08","0.1","0.13","1300.0","0.0","0.0","0.0","29.9","27.6","923.08","14.5","6.8","468.97","50.6","28.66","566.4","38.7","38.67","999.22","0.4","0.1","250.0","0.5","0.2","400.0","2.1","0.5","238.1","0.0","0.0","0.0","0.0","0.0","0.0","9.6","6.9","718.75","59.5","127.9","2149.58","111.4","174.47","1566.16","64.7","655.0","10123.65","1.9","1.07","563.16","0.0","0.0","0.0","0.0","1.05","0.0"
"105","2008","7","Maharashtra","Sangli","18.7","38.7","2069.52","24.6","45.3","1841.46","40.4","26.2","648.51","172.8","100.8","583.33","213.2","127.0","595.68","12.5","0.9","72.0","28.0","64.24","2294.29","0.1","0.1","1000.0","0.0","0.0","0.0","28.1","18.1","644.13","3.9","1.7","435.9","11.8","3.79","321.19","21.2","15.1","712.26","0.1","0.1","1000.0","0.5","0.13","260.0","3.3","1.6","484.85","0.0","0.0","0.0","0.0","0.0","0.0","7.7","4.7","610.39","55.7","119.9","2152.6","88.6","141.63","1598.53","55.4","503.71","9092.24","1.5","0.27","180.0","0.0","0.0","0.0","0.0","0.0","0.0"
"105","2009","7","Maharashtra","Sangli","18.7","35.07","1875.4","34.3","57.47","1675.51","90.7","77.19","851.05","186.1","111.66","600.0","276.8","188.85","682.26","54.1","18.21","336.6","34.1","79.58","2333.72","0.1","0.14","1400.0","0.0","0.0","0.0","34.0","28.22","830.0","8.3","8.38","1009.64","20.25","7.64","377.28","26.2","28.28","1079.39","0.1","0.04","400.0","0.7","0.18","257.14","7.0","3.35","478.57","0.0","0.0","0.0","0.0","0.0","0.0","10.3","5.21","505.83","56.0","84.86","1515.36","100.5","121.95","1213.43","63.2","541.97","8575.47","2.5","0.3","120.0","0.0","0.0","0.0","0.0","0.0","0.0"
"105","2010","7","Maharashtra","Sangli","20.2","53.87","2666.83","39.3","72.93","1855.73","87.2","108.7","1246.56","180.6","102.99","570.27","267.8","211.69","790.48","74.9","62.5","834.45","43.21","132.88","3075.21","0.13","0.2","1538.46","0.0","0.0","0.0","37.2","34.44","925.81","11.25","3.91","347.56","46.5","32.13","690.97","28.7","36.91","1286.06","0.3","0.08","266.67","0.0","0.0","0.0","7.2","3.17","440.28","0.0","0.0","0.0","0.0","0.0","0.0","7.6","4.15","546.05","57.3","119.57","2086.74","101.7","164.2","1614.55","76.3","785.13","10290.04","3.52","0.7","198.86","0.0","0.0","0.0","0.0","0.0","0.0"
"105","2011","7","Maharashtra","Sangli","18.1","33.7","1861.88","20.0","34.03","1701.5","60.4","45.34","750.66","177.2","41.89","236.4","237.6","87.23","367.13","26.3","6.4","243.35","53.1","108.77","2048.4","0.1","0.14","1400.0","0.0","0.0","0.0","22.7","17.4","766.52","5.5","1.5","272.73","22.6","6.89","304.87","24.4","22.24","911.48","0.1","0.03","300.0","0.0","0.0","0.0","2.7","1.07","396.3","0.0","0.0","0.0","0.0","0.0","0.0","3.4","1.65","485.29","59.8","99.92","1670.9","90.9","125.18","1377.12","70.5","716.34","10160.85","3.0","0.88","293.33","36.08","4.45","40.52","0.0","0.87","0.0"
"105","2012","7","Maharashtra","Sangli","17.5","33.74","1928.0","20.1","36.48","1814.93","55.8","26.56","475.99","186.4","43.93","235.68","242.2","70.5","291.08","22.1","4.8","217.19","34.9","65.15","1866.76","0.0","0.0","0.0","0.0","0.0","0.0","23.9","14.37","601.26","5.4","0.8","148.15","15.1","3.39","224.5","22.6","17.59","778.32","0.1","0.03","300.0","0.0","0.0","0.0","3.1","0.31","100.0","0.6","0.15","250.0","0.0","0.0","0.0","2.6","1.04","400.0","63.0","100.62","1597.14","92.2","119.79","1299.24","60.7","706.61","11641.02","2.6","1.48","569.23","50.96","4.64","55.6","0.14","0.87","0.0"
"105","2013","7","Maharashtra","Sangli","14.5","25.5","1758.62","26.2","51.5","1965.65","61.8","53.3","862.46","217.6","124.5","572.15","279.4","177.8","636.36","24.2","7.2","297.52","47.9","114.5","2390.4","0.0","0.0","0.0","0.0","0.0","0.0","27.4","20.4","744.53","6.3","3.3","523.81","31.2","18.7","599.36","26.8","30.0","1119.4","0.1","0.02","200.0","0.0","0.0","0.0","4.1","2.19","534.15","1.5","0.5","333.33","0.0","0.0","0.0","2.9","1.49","513.79","77.1","159.6","2070.04","89.4","134.8","1507.83","62.6","746.67","11927.64","2.8","1.12","400.0","0.0","0.0","0.0","0.0","0.0","0.0"
"105","2014","7","Maharashtra","Sangli","15.5","31.4","2025.81","32.5","70.9","2181.54","52.1","55.6","1067.18","193.2","130.0","672.88","245.3","185.6","756.62","69.6","53.1","762.93","63.8","244.2","3827.59","0.0","0.0","0.0","0.0","0.0","0.0","27.1","26.5","977.86","6.9","2.0","289.86","27.7","15.2","548.74","31.8","32.9","1034.59","0.0","0.0","0.0","0.0","0.0","0.0","1.7","2.2","1294.12","0.2","0.1","500.0","0.0","0.0","0.0","4.2","2.2","523.81","36.6","47.7","1303.28","74.6","85.1","1140.75","74.5","810.71","10882.01","1.4","0.25","178.57","0.0","0.0","0.0","0.0","0.0","0.0"
"105","2015","7","Maharashtra","Sangli","22.6","43.4","1920.35","19.2","32.4","1687.5","68.6","32.2","469.39","141.8","58.6","413.26","210.4","90.8","431.56","33.9","8.1","238.94","46.7","89.8","1922.91","0.0","0.0","0.0","0.0","0.0","0.0","22.3","14.0","627.8","5.3","0.6","113.21","22.8","5.3","232.46","30.1","22.5","747.51","0.0","0.0","0.0","0.0","0.0","0.0","1.9","0.64","336.84","0.3","0.1","333.33","0.0","0.0","0.0","0.5","0.07","140.0","51.7","79.8","1543.52","84.6","103.1","1218.68","84.0","808.79","9628.45","1.0","0.09","90.0","0.0","0.0","0.0","0.0","0.0","0.0"
"105","2016","7","Maharashtra","Sangli","16.8","42.9","2553.57","25.6","63.6","2484.37","66.0","66.2","1003.03","149.4","77.0","515.39","215.4","143.2","664.81","66.1","47.1","712.56","64.0","195.7","3057.81","0.0","0.0","0.0","0.0","0.0","0.0","28.3","23.6","833.92","10.71","4.04","377.32","38.15","24.75","648.82","32.6","41.8","1282.21","0.02","0.01","250.0","0.0","0.0","0.0","0.4","0.3","750.0","0.0","0.0","0.0","0.01","0.01","600.0","0.79","0.35","441.77","57.3","127.0","2216.4","0.0","0.0","0.0","72.36","780.95","10792.86","0.6","0.32","540.0","0.0","0.0","0.0","0.0","0.0","0.0"
"105","2017","7","Maharashtra","Sangli","17.0","39.3","2311.76","25.1","49.8","1984.06","53.8","44.9","834.57","139.3","86.8","623.12","193.1","131.7","682.03","58.8","8.7","147.96","58.78","142.2","2419.03","0.0","0.0","0.0","0.0","0.0","0.0","29.4","26.9","914.97","7.4","2.2","297.3","36.44","7.64","209.71","29.25","35.2","1203.58","0.02","0.02","909.09","0.01","0.01","714.29","0.5","0.3","600.0","0.03","0.01","370.37","0.0","0.0","0.0","1.26","0.74","584.26","47.3","78.8","1665.96","0.0","0.0","0.0","80.18","854.68","10660.05","0.25","0.04","141.73","0.0","0.0","0.0","0.0","0.0","0.0"
"106","1966","7","Maharashtra","Solapur","9.0","3.0","333.33","18.0","7.0","388.89","2.5","0.9","360.0","823.3","353.1","428.88","825.8","354.0","428.68","89.0","10.0","112.36","6.0","12.0","2000.0","0.0","0.0","0.0","0.0","0.0","0.0","21.0","5.0","238.1","38.0","13.0","342.11","241.1","32.9","136.46","85.0","47.0","552.94","4.7","1.4","297.87","0.0","0.0","0.0","43.34","-1.0","-1.0","0.2","0.0","0.0","1.7","0.5","294.12","0.0","0.0","0.0","0.0","0.0","0.0","300.3","48.9","162.84","13.5","88.9","6585.19","11.0","2.0","181.82","1.58","6.03","7.61","0.04","3.6","19.95"
"106","1967","7","Maharashtra","Solapur","7.0","3.0","428.57","23.0","15.0","652.17","2.6","1.5","576.92","799.0","327.4","409.76","801.6","328.9","410.3","113.0","11.0","97.35","7.0","8.0","1142.86","0.0","0.0","0.0","0.0","0.0","0.0","19.0","6.0","315.79","47.0","28.0","595.74","216.7","10.5","48.45","74.0","35.0","472.97","4.3","1.0","232.56","0.0","0.0","0.0","54.35","-1.0","-1.0","0.2","0.0","0.0","2.0","0.4","200.0","0.0","0.0","0.0","0.0","0.0","0.0","335.3","36.4","108.56","10.5","85.8","8171.43","12.0","3.0","250.0","1.21","7.24","8.46","0.0","4.7","17.52"
"106","1968","7","Maharashtra","Solapur","7.0","6.0","857.14","26.3","15.0","570.34","2.1","1.2","571.43","795.6","287.8","361.74","797.7","289.0","362.29","120.5","28.0","232.37","7.7","7.0","909.09","0.0","0.0","0.0","0.0","0.0","0.0","24.9","7.0","281.12","67.6","23.0","340.24","62.3","15.3","245.59","82.7","50.0","604.59","4.5","1.0","222.22","0.0","0.0","0.0","49.9","-1.0","-1.0","0.1","0.0","0.0","2.0","0.4","200.0","0.0","0.0","0.0","0.0","0.0","0.0","189.9","51.4","270.67","12.9","94.1","7294.57","10.1","2.0","198.02","1.2","7.1","8.3","0.0","4.6","14.8"
"106","1969","7","Maharashtra","Solapur","7.4","4.9","662.16","26.6","15.5","582.71","2.9","0.6","206.9","744.0","271.5","364.92","746.9","272.1","364.31","132.9","22.0","165.54","8.4","8.9","1059.52","0.0","0.0","0.0","0.0","0.0","0.0","25.3","6.9","272.73","53.9","12.0","222.63","78.4","13.3","169.64","76.2","37.1","486.88","4.1","0.9","219.51","0.0","0.0","0.0","45.9","-1.0","-1.0","0.1","0.0","0.0","2.0","0.5","250.0","0.0","0.0","0.0","0.0","0.0","0.0","129.2","38.5","297.99","14.3","92.4","6461.54","10.7","1.9","177.57","1.1","6.8","7.9","0.0","4.9","18.9"
"106","1970","7","Maharashtra","Solapur","6.5","5.1","784.62","31.7","22.7","716.09","3.1","0.6","193.55","759.3","134.9","177.66","762.4","135.5","177.73","97.0","24.0","247.42","9.7","5.4","556.7","0.0","0.0","0.0","0.0","0.0","0.0","26.9","8.5","315.99","69.7","11.8","169.3","63.9","9.1","142.41","63.3","35.1","554.5","5.1","0.9","176.47","0.1","0.0","0.0","52.4","-1.0","-1.0","0.2","0.1","500.0","2.1","0.3","142.86","0.0","0.0","0.0","0.0","0.0","0.0","124.0","36.4","293.55","14.3","120.9","8454.55","19.4","2.0","103.09","1.2","8.7","9.9","0.0","6.0","10.4"
"106","1971","7","Maharashtra","Solapur","4.1","3.3","804.88","39.1","29.4","751.92","1.7","0.5","294.12","835.0","176.4","211.26","836.7","176.9","211.43","88.2","9.4","106.58","9.0","7.3","811.11","0.0","0.0","0.0","0.0","0.0","0.0","32.1","10.1","314.64","15.6","1.2","76.92","65.1","8.1","124.42","32.3","12.8","396.28","3.4","0.5","147.06","0.0","0.0","0.0","66.6","-1.0","-1.0","0.1","0.1","1000.0","3.2","0.4","125.0","0.0","0.0","0.0","0.0","0.0","0.0","106.0","13.8","130.19","13.4","82.5","6156.72","15.3","2.8","183.01","1.2","4.7","5.9","0.0","4.5","12.8"
"106","1972","7","Maharashtra","Solapur","1.0","0.3","300.0","19.7","10.9","553.3","0.4","0.0","0.0","422.6","39.0","92.29","423.0","39.0","92.2","29.4","3.9","132.65","7.5","4.8","640.0","0.0","0.0","0.0","0.0","0.0","0.0","11.4","1.6","140.35","5.3","0.7","132.08","8.9","1.4","157.3","9.2","4.4","478.26","0.5","0.1","200.0","0.0","0.0","0.0","40.0","9.3","232.5","0.2","0.0","0.0","1.1","0.1","90.91","0.0","0.0","0.0","0.0","0.0","0.0","50.9","13.9","273.08","13.6","99.8","7338.24","5.6","1.7","303.57","0.5","2.7","3.2","0.0","1.7","8.3"
"106","1973","7","Maharashtra","Solapur","6.3","7.5","1190.48","42.7","29.3","686.18","0.7","0.6","857.14","799.8","322.4","403.1","800.5","323.0","403.5","110.1","18.5","168.03","14.6","14.8","1013.7","0.0","0.0","0.0","0.0","0.0","0.0","27.8","8.5","305.76","65.2","16.9","259.2","84.3","18.5","219.45","24.1","19.7","817.43","3.8","0.9","236.84","0.0","0.0","0.0","48.0","18.0","375.0","0.2","0.1","500.0","3.6","0.5","138.89","0.0","0.0","0.0","0.0","0.0","0.0","93.3","39.2","420.15","14.6","102.7","7034.25","5.9","1.4","237.29","0.9","6.8","7.7","0.0","3.7","13.2"
"106","1974","7","Maharashtra","Solapur","6.9","5.2","753.62","47.3","47.1","995.77","0.6","1.1","1833.33","753.7","313.9","416.48","754.3","315.0","417.61","71.0","9.9","139.44","12.9","11.5","891.47","0.0","0.0","0.0","0.0","0.0","0.0","33.7","10.3","305.64","46.3","9.4","203.02","83.3","14.9","178.87","21.1","9.2","436.02","3.6","0.8","222.22","0.1","0.0","0.0","7.0","2.3","328.57","0.3","0.2","666.67","5.8","1.6","275.86","0.0","0.0","0.0","0.0","0.0","0.0","88.6","14.1","159.14","15.3","133.5","8725.49","9.3","2.0","215.05","1.0","8.4","9.4","0.0","4.6","12.4"
"106","1975","7","Maharashtra","Solapur","6.6","14.5","2196.97","62.9","51.9","825.12","12.2","16.8","1377.05","701.8","166.3","236.96","714.0","183.1","256.44","72.7","11.4","156.81","16.6","34.1","2054.22","0.0","0.0","0.0","0.0","0.0","0.0","45.9","14.4","313.73","77.2","10.6","137.31","93.6","25.8","275.64","27.9","22.1","792.11","2.7","0.7","259.26","0.1","0.0","0.0","6.0","1.2","200.0","0.1","0.1","1000.0","3.7","0.7","189.19","0.0","0.0","0.0","0.0","0.0","0.0","90.3","24.8","274.64","21.9","185.0","8447.49","7.1","2.1","295.77","1.0","8.0","9.0","0.1","4.4","15.6"
"106","1976","7","Maharashtra","Solapur","7.4","14.7","1986.49","52.1","32.9","631.48","16.5","21.2","1284.85","675.9","288.4","426.69","692.4","309.6","447.14","72.2","13.6","188.37","13.0","32.2","2476.92","0.0","0.0","0.0","0.0","0.0","0.0","33.4","7.5","224.55","62.3","10.2","163.72","97.8","31.8","325.15","35.7","21.0","588.24","3.7","0.8","216.22","0.0","0.0","0.0","57.3","20.3","354.28","0.4","0.4","1000.0","4.0","1.1","275.0","0.0","0.0","0.0","0.0","0.0","0.0","101.9","43.6","427.87","20.2","176.1","8717.82","10.0","2.8","280.0","1.4","6.5","7.9","0.0","3.2","15.3"
"106","1977","7","Maharashtra","Solapur","6.6","16.0","2424.24","48.8","41.0","840.16","16.6","23.6","1421.69","714.8","189.3","264.83","731.4","212.9","291.09","73.3","12.5","170.53","14.8","24.0","1621.62","0.0","0.0","0.0","0.0","0.0","0.0","28.6","7.3","255.24","62.6","18.1","289.14","86.6","20.5","236.72","31.5","16.5","523.81","4.0","1.1","275.0","0.0","0.0","0.0","59.7","15.8","264.66","0.2","0.2","1000.0","4.1","1.2","292.68","0.0","0.0","0.0","0.0","0.0","0.0","100.2","34.8","347.31","18.6","163.6","8795.7","11.8","3.4","288.14","1.3","6.1","7.4","0.0","3.7","14.3"
"106","1978","7","Maharashtra","Solapur","6.2","10.5","1693.55","51.1","41.7","816.05","16.6","26.4","1590.36","736.7","333.2","452.29","753.3","359.6","477.37","71.0","14.8","208.45","14.3","27.4","1916.08","0.4","0.0","0.0","0.0","0.0","0.0","31.5","10.9","346.03","58.7","21.6","367.97","82.2","16.6","201.95","30.4","17.6","578.95","3.9","0.9","230.77","0.0","0.0","0.0","49.7","13.2","265.59","0.2","0.2","1000.0","4.2","1.1","261.9","0.0","0.0","0.0","0.0","0.0","0.0","95.4","33.0","345.91","20.6","185.6","9009.71","6.3","1.9","301.59","1.3","6.3","7.6","0.0","3.6","15.3"
"106","1979","7","Maharashtra","Solapur","4.8","5.1","1062.5","52.0","49.0","942.31","8.3","10.3","1240.96","821.8","279.3","339.86","830.1","289.6","348.87","30.1","8.5","282.39","11.0","17.5","1590.91","0.0","0.0","0.0","0.0","0.0","0.0","33.0","12.7","384.85","36.7","7.3","198.91","94.6","16.1","170.19","27.4","30.4","1109.49","5.0","0.9","180.0","0.0","0.0","0.0","60.3","25.9","429.52","0.4","0.4","1000.0","4.1","1.2","292.68","0.0","0.0","0.0","0.0","0.0","0.0","92.5","58.8","635.68","14.7","142.6","9700.68","14.0","3.2","228.57","1.3","6.4","7.7","0.0","4.2","15.6"
"106","1980","7","Maharashtra","Solapur","5.4","11.1","2055.56","49.5","35.9","725.25","8.9","8.7","977.53","739.0","272.7","369.01","747.9","281.4","376.25","47.9","13.1","273.49","14.0","27.3","1950.0","0.0","0.0","0.0","0.0","0.0","0.0","31.2","11.0","352.56","55.0","11.4","207.27","90.2","19.9","220.62","27.0","26.9","996.3","4.7","0.7","148.94","0.0","0.0","0.0","60.1","24.8","412.65","0.3","0.4","1333.33","3.8","1.1","289.47","8.9","4.6","516.85","0.0","0.0","0.0","96.2","26.3","273.39","16.9","169.7","10041.42","14.5","4.1","282.76","1.8","6.8","8.6","0.0","4.7","18.6"
"106","1981","7","Maharashtra","Solapur","5.5","7.4","1345.45","51.0","49.6","972.55","9.5","8.7","915.79","745.9","241.5","323.77","755.4","250.2","331.22","52.2","20.5","392.72","17.0","23.9","1405.88","0.0","0.0","0.0","0.0","0.0","0.0","33.5","13.0","388.06","51.1","13.6","266.14","91.2","24.6","269.74","25.6","21.9","855.47","4.3","0.6","139.53","0.0","0.0","0.0","61.1","36.6","599.02","0.1","0.1","1000.0","4.1","0.8","195.12","16.8","8.7","517.86","0.0","0.0","0.0","101.7","53.9","529.99","19.7","208.0","10558.38","13.6","3.8","279.41","2.0","7.0","9.0","0.0","4.6","17.9"
"106","1982","7","Maharashtra","Solapur","4.1","6.1","1487.8","46.0","35.0","760.87","7.2","7.0","972.22","795.4","144.0","181.04","802.6","151.0","188.14","33.5","4.9","146.27","18.0","23.1","1283.33","0.0","0.0","0.0","0.0","0.0","0.0","31.8","10.9","342.77","28.1","9.7","345.2","48.5","14.7","303.09","27.1","19.9","734.32","4.8","0.9","187.5","0.1","0.1","1000.0","62.3","23.9","383.63","0.3","0.3","1000.0","3.9","0.8","205.13","20.7","14.8","714.98","0.0","0.0","0.0","100.7","59.2","587.88","24.1","278.0","11535.27","11.1","2.9","261.26","1.6","5.8","7.4","0.0","4.1","2.4"
"106","1983","7","Maharashtra","Solapur","4.5","7.2","1600.0","54.0","64.1","1187.04","8.2","13.9","1695.12","746.4","255.4","342.18","754.6","269.3","356.88","49.3","23.3","472.62","18.0","27.4","1522.22","0.0","0.0","0.0","0.0","0.0","0.0","36.0","15.6","433.33","44.8","20.8","464.29","50.2","16.4","326.69","39.1","50.5","1291.56","4.8","0.9","187.5","0.1","0.1","1000.0","64.5","34.7","537.98","0.2","0.2","1000.0","4.5","1.1","244.44","47.3","25.0","528.54","0.0","0.0","0.0","122.1","75.4","617.53","21.3","238.6","11201.88","9.9","1.5","151.52","1.9","6.5","8.4","0.0","4.5","3.0"
"106","1984","7","Maharashtra","Solapur","4.0","5.9","1475.0","48.2","39.6","821.58","8.5","9.6","1129.41","766.4","307.3","400.97","774.9","316.9","408.96","25.7","7.2","280.16","15.9","23.2","1459.12","0.0","0.0","0.0","0.0","0.0","0.0","33.6","9.2","273.81","28.4","10.8","380.28","56.2","17.0","302.49","28.7","39.7","1383.28","2.8","0.8","285.71","0.1","0.0","0.0","65.0","34.2","526.15","0.1","0.3","3000.0","4.2","1.4","333.33","61.7","38.1","617.5","0.0","0.0","0.0","123.9","85.4","689.27","21.7","210.2","9686.64","4.7","1.0","212.77","2.2","6.7","8.9","0.0","5.0","4.3"
"106","1985","7","Maharashtra","Solapur","3.5","1.1","314.29","41.9","32.6","778.04","7.4","9.3","1256.76","775.1","180.6","233.0","782.5","189.9","242.68","27.7","3.3","119.13","13.8","20.3","1471.01","0.0","0.0","0.0","0.0","0.0","0.0","30.9","5.2","168.28","22.0","3.5","159.09","47.1","22.9","486.2","15.1","13.1","867.55","2.7","0.8","296.3","0.0","0.0","0.0","61.4","12.9","210.1","0.1","0.1","1000.0","3.7","1.1","297.3","51.0","20.2","396.08","0.0","0.0","0.0","138.3","57.5","415.76","19.7","192.7","9781.73","5.0","0.8","160.0","2.2","7.5","9.7","0.0","5.8","4.3"
"106","1986","7","Maharashtra","Solapur","2.0","3.0","1500.0","34.0","29.0","852.94","7.5","5.4","720.0","760.8","154.0","202.42","768.3","159.4","207.47","24.0","6.0","250.0","12.0","15.0","1250.0","0.0","0.0","0.0","0.0","0.0","0.0","27.0","5.0","185.19","18.0","3.3","183.33","51.4","11.2","217.9","13.0","15.0","1153.85","1.8","0.4","222.22","0.0","0.0","0.0","58.3","15.7","269.3","0.1","0.0","0.0","3.1","1.1","354.84","30.9","8.1","262.14","0.0","0.0","0.0","126.5","39.8","314.62","18.0","159.1","8838.89","3.0","0.5","166.67","2.6","6.1","8.7","0.0","4.5","4.1"
"106","1987","7","Maharashtra","Solapur","3.0","2.0","666.67","36.0","35.0","972.22","11.1","11.4","1027.03","758.4","353.8","466.51","769.5","365.2","474.59","88.0","29.0","329.55","21.0","17.0","809.52","0.0","0.0","0.0","0.0","0.0","0.0","31.0","18.0","580.65","11.0","7.3","663.64","56.7","9.6","169.31","34.0","55.0","1617.65","2.8","0.3","107.14","0.0","0.0","0.0","60.8","12.0","197.37","0.2","0.0","0.0","2.7","1.0","370.37","61.0","23.7","388.52","0.0","0.0","0.0","149.2","69.6","466.49","30.5","261.1","8560.66","3.0","1.0","333.33","3.4","8.0","11.4","0.0","5.8","6.6"
"106","1988","7","Maharashtra","Solapur","4.3","6.4","1488.37","49.4","64.7","1309.72","8.6","10.5","1220.93","655.1","292.9","447.11","663.7","303.4","457.13","26.8","7.8","291.04","18.3","24.1","1316.94","0.0","0.0","0.0","0.0","0.0","0.0","39.7","22.6","569.27","41.7","15.4","369.3","41.0","12.7","309.76","52.3","85.5","1634.8","3.1","0.3","96.77","0.0","0.0","0.0","52.0","27.5","528.85","0.0","0.0","0.0","2.2","0.7","318.18","52.2","17.6","337.16","0.0","0.0","0.0","171.3","137.2","800.93","31.7","254.3","8022.08","2.9","0.8","275.86","4.6","9.6","14.2","0.0","6.9","7.6"
"106","1989","7","Maharashtra","Solapur","4.7","5.6","1191.49","44.9","46.3","1031.18","6.0","4.9","816.67","742.5","360.1","484.98","748.5","365.0","487.64","27.3","11.5","421.25","12.3","19.8","1609.76","0.0","0.0","0.0","0.0","0.0","0.0","31.6","20.2","639.24","37.0","14.2","383.78","46.5","15.0","322.58","46.2","65.3","1413.42","1.2","0.1","83.33","0.0","0.0","0.0","56.8","22.1","389.08","0.0","0.0","0.0","2.3","0.7","304.35","0.0","0.0","0.0","0.0","0.0","0.0","164.2","129.6","789.28","36.6","317.6","8677.6","1.7","0.4","235.29","7.5","9.6","17.1","0.0","6.5","5.2"
"106","1990","7","Maharashtra","Solapur","4.0","3.5","875.0","45.0","48.0","1066.67","6.5","5.5","846.15","710.8","379.6","534.05","717.3","385.1","536.87","30.3","11.6","382.84","21.6","25.4","1175.93","0.0","0.0","0.0","0.1","0.1","1000.0","33.9","16.8","495.58","40.1","9.8","244.39","36.8","12.5","339.67","52.7","86.6","1643.26","1.0","0.3","300.0","0.0","0.0","0.0","55.3","19.3","349.01","0.0","0.0","0.0","2.8","0.6","214.29","80.5","52.0","645.96","0.0","0.0","0.0","194.5","160.8","826.74","39.7","338.77","8533.25","2.4","0.43","179.17","8.2","8.1","16.3","0.0","5.3","7.5"
"106","1991","7","Maharashtra","Solapur","4.5","3.4","755.56","35.3","31.2","883.85","4.6","2.9","630.43","623.0","195.0","313.0","627.6","197.9","315.33","30.1","11.3","375.42","22.6","30.4","1345.13","0.0","0.0","0.0","0.1","0.1","1000.0","24.4","8.9","364.75","41.2","6.7","162.62","39.7","8.5","214.11","22.3","16.5","739.91","1.3","0.3","230.77","0.0","0.0","0.0","41.7","16.6","398.08","0.1","0.0","0.0","2.3","0.2","86.96","71.8","30.8","428.97","0.4","0.3","750.0","142.6","65.1","456.52","36.8","255.7","6948.37","3.6","0.61","169.44","8.9","8.0","16.9","0.0","4.9","8.4"
"106","1992","7","Maharashtra","Solapur","4.8","4.8","1000.0","32.0","31.6","987.5","5.2","5.2","1000.0","632.0","268.4","424.68","637.2","273.6","429.38","41.3","12.1","292.98","14.6","17.0","1164.38","0.0","0.0","0.0","0.0","0.0","0.0","21.9","7.7","351.6","44.8","6.7","149.55","52.8","17.6","333.33","17.2","17.1","994.19","1.1","0.5","454.55","0.0","0.0","0.0","38.6","11.6","300.52","0.0","0.0","0.0","1.2","0.2","166.67","63.0","31.5","500.0","0.7","0.7","1000.0","122.1","61.7","505.32","31.6","216.13","6839.56","3.6","1.07","297.22","11.1","7.8","18.9","0.0","4.8","7.6"
"106","1993","7","Maharashtra","Solapur","3.0","2.7","900.0","36.2","47.5","1312.15","4.2","5.2","1238.1","732.9","422.7","576.75","737.1","427.9","580.52","32.8","19.9","606.71","14.4","25.2","1750.0","0.0","0.0","0.0","0.0","0.0","0.0","28.7","17.4","606.27","32.2","9.3","288.82","41.1","17.9","435.52","17.9","23.9","1335.2","1.0","0.3","300.0","0.0","0.0","0.0","41.7","19.0","455.64","0.1","0.0","0.0","1.2","0.3","250.0","62.2","30.6","491.96","0.7","0.9","1285.71","125.0","75.1","600.8","32.7","260.37","7962.38","2.3","0.53","230.43","12.9","8.3","21.2","0.0","5.4","7.0"
"106","1994","7","Maharashtra","Solapur","2.7","2.1","777.78","37.4","46.0","1229.95","2.9","2.5","862.07","632.5","206.8","326.96","635.4","209.3","329.4","32.7","12.9","394.5","17.8","23.9","1342.7","0.0","0.0","0.0","0.0","0.0","0.0","26.8","13.1","488.81","30.9","6.4","207.12","33.2","13.7","412.65","18.0","22.2","1233.33","0.7","0.2","285.71","0.0","0.0","0.0","33.1","13.2","398.79","0.0","0.0","0.0","1.2","0.2","166.67","56.7","28.5","502.65","0.9","0.5","555.56","111.1","64.9","584.16","38.0","323.59","8515.53","3.5","0.94","268.57","13.8","9.3","23.1","0.0","5.8","7.2"
"106","1995","7","Maharashtra","Solapur","2.0","2.1","1050.0","37.2","52.2","1403.23","2.3","3.2","1391.3","714.0","464.6","650.7","716.3","467.8","653.08","26.4","11.2","424.24","16.8","25.6","1523.81","0.2","0.2","1000.0","0.0","0.0","0.0","30.9","16.3","527.51","27.0","6.7","248.15","20.6","8.2","398.06","16.0","12.8","800.0","0.7","0.2","285.71","0.0","0.0","0.0","33.8","18.1","535.5","0.0","0.0","0.0","0.7","0.2","285.71","59.7","38.3","641.54","0.7","0.5","714.29","113.6","70.8","623.24","45.8","393.41","8589.74","3.4","0.94","276.47","18.4","11.1","29.5","0.1","7.8","7.6"
"106","1996","7","Maharashtra","Solapur","2.3","3.1","1347.83","47.1","63.9","1356.69","1.9","1.7","894.74","727.4","459.9","632.25","729.3","461.6","632.94","26.8","12.7","473.88","14.4","18.7","1298.61","0.0","0.0","0.0","0.0","0.0","0.0","37.5","25.0","666.67","29.3","13.7","467.58","21.5","10.2","474.42","25.0","32.6","1304.0","0.8","0.2","250.0","0.0","0.0","0.0","39.0","24.2","620.51","0.0","0.0","0.0","1.4","0.4","285.71","66.7","44.5","667.17","0.3","0.7","2333.33","134.6","103.2","766.72","50.6","455.91","9010.08","4.0","1.11","277.5","15.0","13.9","28.9","0.1","9.4","7.7"
"106","1997","7","Maharashtra","Solapur","2.2","2.4","1090.91","44.4","35.5","799.55","1.3","1.3","1000.0","693.6","149.7","215.83","694.9","151.0","217.3","23.4","12.0","512.82","16.7","25.0","1497.01","0.0","0.0","0.0","0.0","0.0","0.0","32.9","11.6","352.58","34.1","3.7","108.5","32.7","8.5","259.94","43.0","30.6","711.63","0.7","0.1","142.86","0.0","0.0","0.0","25.4","4.6","181.1","0.0","0.0","0.0","0.8","0.1","125.0","58.7","22.7","386.71","1.6","1.3","812.5","130.6","48.3","369.83","49.0","391.95","7998.98","5.7","1.62","284.21","15.3","15.5","30.8","0.0","9.5","8.8"
"106","1998","7","Maharashtra","Solapur","2.9","3.3","1137.93","70.9","85.1","1200.28","1.3","0.9","692.31","481.6","224.8","466.78","482.9","225.7","467.38","37.4","18.9","505.35","30.6","53.5","1748.37","0.0","0.0","0.0","0.2","0.2","1000.0","50.5","28.6","566.34","27.5","8.4","305.45","27.6","11.8","427.54","25.0","44.0","1760.0","1.3","0.4","307.69","0.0","0.0","0.0","13.1","6.4","488.55","0.0","0.0","0.0","0.9","0.3","333.33","54.1","25.1","463.96","0.8","1.0","1250.0","96.0","77.5","807.29","62.5","548.05","8768.8","4.9","1.16","236.73","15.8","13.2","29.0","0.0","7.8","10.6"
"106","1999","7","Maharashtra","Solapur","3.2","4.2","1312.5","68.6","81.0","1180.76","2.1","1.3","619.05","699.9","353.8","505.5","702.0","355.1","505.84","57.2","19.3","337.41","27.0","40.3","1492.59","0.0","0.0","0.0","0.1","0.1","1000.0","37.8","25.3","669.31","28.5","8.5","298.25","28.0","10.1","360.71","25.5","33.6","1317.65","0.9","0.2","222.22","0.0","0.0","0.0","20.1","10.8","537.31","0.1","0.1","1000.0","1.0","0.3","300.0","55.5","25.2","454.05","1.0","1.4","1400.0","104.8","71.72","684.35","66.6","629.5","9451.95","5.7","1.7","298.25","14.5","13.2","27.7","0.1","8.3","20.0"
"106","2000","7","Maharashtra","Solapur","3.0","3.4","1133.33","50.9","56.0","1100.2","2.1","1.6","761.9","636.7","285.2","447.93","638.8","286.8","448.97","53.3","22.1","414.63","29.1","26.3","903.78","0.0","0.0","0.0","0.0","0.0","0.0","30.7","17.3","563.52","32.3","12.5","387.0","29.0","11.8","406.9","21.8","20.4","935.78","0.9","0.2","222.22","0.0","0.0","0.0","18.9","6.0","317.46","0.3","0.1","333.33","1.1","0.3","272.73","49.0","24.2","493.88","0.6","1.0","1666.67","92.9","52.3","562.97","64.7","595.25","9200.15","6.5","1.9","292.31","3.0","8.3","11.3","0.1","7.9","20.2"
"106","2001","7","Maharashtra","Solapur","0.6","0.8","1333.33","53.7","62.7","1167.6","0.7","0.5","714.29","712.9","313.8","440.17","713.6","314.3","440.44","11.8","5.4","457.63","23.1","27.5","1190.48","0.0","0.0","0.0","0.0","0.0","0.0","31.6","17.5","553.8","6.7","1.4","208.96","12.9","2.8","217.05","6.5","6.9","1061.54","0.3","0.1","333.33","0.3","0.1","333.33","15.9","5.5","345.91","0.0","0.0","0.0","1.0","0.2","200.0","30.0","14.4","480.0","0.4","0.5","1250.0","54.5","27.8","510.09","59.8","453.35","7581.1","4.0","0.6","150.0","3.0","6.9","9.9","0.1","6.5","20.7"
"106","2002","7","Maharashtra","Solapur","0.5","0.3","600.0","48.4","61.8","1276.86","1.1","0.6","545.45","672.1","225.4","335.37","673.2","226.0","335.71","25.1","9.5","378.49","27.1","47.4","1749.08","0.0","0.0","0.0","0.0","0.0","0.0","31.9","13.8","432.6","13.3","4.6","345.86","21.8","6.4","293.58","5.9","4.0","677.97","0.3","0.1","333.33","0.2","0.1","500.0","15.7","4.3","273.89","0.4","0.1","250.0","0.6","0.1","166.67","34.7","15.4","443.8","0.7","0.5","714.29","58.6","24.59","419.62","56.4","405.2","7184.4","4.4","1.28","290.91","3.0","6.5","9.5","0.1","6.0","20.7"
"106","2003","7","Maharashtra","Solapur","0.2","0.1","500.0","30.8","13.3","431.82","0.4","0.1","250.0","613.7","28.6","46.6","614.1","28.7","46.74","9.7","3.7","381.44","14.8","4.9","331.08","0.0","0.0","0.0","0.0","0.0","0.0","28.0","5.1","182.14","7.7","0.7","90.91","5.3","2.0","377.36","2.1","0.9","428.57","0.1","0.1","1000.0","0.0","0.0","0.0","13.3","1.1","82.71","0.0","0.0","0.0","0.3","0.1","333.33","21.6","2.8","129.63","0.6","0.7","1166.67","38.2","5.8","151.83","48.6","283.15","5826.13","1.1","0.26","236.36","4.0","1.6","5.6","0.1","1.2","0.0"
"106","2004","7","Maharashtra","Solapur","0.4","0.1","250.0","50.1","56.2","1121.76","0.4","0.3","750.0","686.9","302.6","440.53","687.3","302.9","440.71","26.2","15.0","572.52","27.7","38.45","1388.09","0.0","0.0","0.0","0.0","0.0","0.0","38.4","18.8","489.58","15.8","5.5","348.1","24.1","10.52","436.51","9.9","9.0","909.09","0.4","0.1","250.0","0.0","0.0","0.0","15.0","7.8","520.0","0.0","0.0","0.0","0.4","0.1","250.0","38.3","21.0","548.3","2.1","4.7","2238.1","66.6","42.88","643.84","36.0","263.3","7313.89","1.0","0.34","340.0","4.4","5.7","10.1","0.1","5.2","0.0"
"106","2005","7","Maharashtra","Solapur","0.4","0.1","250.0","58.9","69.2","1174.87","0.4","0.3","750.0","707.0","361.1","510.75","707.4","361.4","510.88","14.8","6.7","452.7","30.4","51.0","1677.63","0.0","0.0","0.0","0.0","0.0","0.0","43.9","33.4","760.82","18.9","5.9","312.17","8.3","5.22","628.92","11.7","11.6","991.45","3.1","0.7","225.81","0.0","0.0","0.0","12.5","4.8","384.0","0.0","0.0","0.0","0.4","0.1","250.0","37.5","19.9","530.67","1.1","0.8","727.27","63.7","37.4","587.13","68.3","566.05","8287.7","0.8","0.22","275.0","14.0","6.4","20.4","0.1","5.07","0.0"
"106","2006","7","Maharashtra","Solapur","0.4","0.1","250.0","69.4","85.9","1237.75","0.4","0.2","500.0","711.3","342.2","481.09","711.7","342.4","481.1","27.5","7.7","280.0","31.9","47.25","1481.19","0.0","0.0","0.0","0.0","0.0","0.0","47.1","28.7","609.34","28.3","14.5","512.37","27.3","8.51","311.72","11.8","11.0","932.2","0.3","0.1","333.33","0.0","0.0","0.0","11.7","5.0","427.35","0.3","0.09","300.0","0.5","0.1","200.0","36.1","18.4","509.7","2.1","3.3","1571.43","63.0","38.09","604.6","143.6","1222.37","8512.33","0.9","0.26","288.89","0.0","0.0","0.0","0.0","6.73","0.0"
"106","2007","7","Maharashtra","Solapur","0.3","0.33","1100.0","75.0","110.3","1470.67","0.2","0.16","800.0","617.8","351.5","568.95","618.0","351.66","569.03","21.5","9.1","423.26","33.3","55.08","1654.05","0.0","0.0","0.0","0.0","0.0","0.0","40.3","31.0","769.23","25.7","11.1","431.91","24.9","17.65","708.84","8.0","7.98","997.5","0.3","0.1","333.33","0.0","0.0","0.0","7.5","3.5","466.67","0.3","0.09","300.0","0.4","0.1","250.0","27.0","18.13","671.48","2.8","3.9","1392.86","46.4","33.9","730.6","154.5","1224.79","7927.44","1.1","0.51","463.64","0.0","0.0","0.0","0.0","4.52","0.0"
"106","2008","7","Maharashtra","Solapur","0.1","0.1","1000.0","62.6","83.8","1338.66","0.2","0.2","1000.0","687.5","406.0","590.55","687.7","406.2","590.66","1.8","0.8","444.44","26.5","55.88","2108.68","0.0","0.0","0.0","0.0","0.0","0.0","38.5","28.2","732.47","6.9","2.7","391.3","2.1","1.16","552.38","8.1","11.3","1395.06","0.1","0.1","1000.0","0.0","0.0","0.0","7.6","5.1","671.05","0.0","0.0","0.0","0.3","0.1","333.33","23.9","14.3","598.33","2.5","2.3","920.0","42.8","33.3","778.04","117.5","995.44","8471.83","0.1","0.03","300.0","0.0","0.0","0.0","0.0","0.0","0.0"
"106","2009","7","Maharashtra","Solapur","0.1","0.01","100.0","80.4","105.97","1318.03","0.1","0.04","400.0","657.6","400.74","609.4","657.7","400.79","609.38","14.4","5.24","363.89","38.7","101.58","2624.81","0.0","0.0","0.0","0.0","0.0","0.0","47.7","37.24","780.71","23.2","6.93","298.71","6.3","1.83","290.48","9.5","11.95","1257.89","0.1","0.01","100.0","0.0","0.0","0.0","8.6","5.53","643.02","0.0","0.0","0.0","0.4","0.09","225.0","24.4","11.39","466.8","3.2","2.79","871.87","46.2","31.75","687.23","107.3","993.26","9256.85","1.4","0.4","285.71","0.0","0.0","0.0","0.0","0.0","0.0"
"106","2010","7","Maharashtra","Solapur","0.7","0.23","328.57","87.8","122.94","1400.23","0.4","0.16","400.0","641.2","380.55","593.5","641.6","380.71","593.38","18.4","9.6","521.74","58.1","127.02","2186.23","0.0","0.0","0.0","0.0","0.0","0.0","56.4","37.45","664.01","41.8","15.6","373.21","17.6","10.11","574.43","7.7","8.32","1080.52","0.4","0.09","225.0","0.0","0.0","0.0","7.4","4.74","640.54","0.1","0.1","1000.0","0.4","0.11","275.0","27.1","14.21","524.35","4.3","5.29","1230.23","47.5","32.87","692.0","163.1","1600.01","9809.99","1.8","0.89","494.44","0.0","0.0","0.0","0.0","0.0","0.0"
"106","2011","7","Maharashtra","Solapur","0.7","0.2","285.71","29.3","34.89","1190.78","0.4","0.28","700.0","482.6","192.97","399.85","483.0","193.25","400.1","9.9","3.9","393.94","39.8","81.97","2059.55","0.0","0.0","0.0","0.0","0.0","0.0","24.8","16.39","660.89","21.6","8.08","374.07","6.8","4.5","661.76","6.1","6.19","1014.75","0.3","0.09","300.0","0.0","0.0","0.0","2.4","0.69","287.5","0.1","0.03","300.0","0.2","0.04","200.0","17.4","8.46","486.21","5.1","12.24","2400.0","31.7","27.75","875.39","173.4","1593.62","9190.43","0.9","0.41","455.56","72.1","29.73","101.84","0.06","23.37","0.0"
"106","2012","7","Maharashtra","Solapur","0.4","0.09","225.0","28.8","21.81","757.29","0.4","0.09","225.0","480.7","132.87","276.41","481.1","132.96","276.37","6.3","2.4","380.95","33.3","52.5","1576.58","0.0","0.0","0.0","0.0","0.0","0.0","26.1","10.92","418.39","18.8","6.31","335.64","6.7","3.02","450.75","4.2","4.55","1083.33","0.3","0.06","200.0","0.0","0.0","0.0","0.9","0.44","488.89","0.0","0.0","0.0","0.1","0.01","100.0","14.8","6.38","431.08","5.5","11.48","2087.27","26.88","23.19","862.72","144.2","971.66","6738.28","0.5","0.28","560.0","14.05","19.35","33.4","0.0","15.0","0.0"
"106","2013","7","Maharashtra","Solapur","0.4","0.1","250.0","35.7","35.8","1002.8","0.5","0.2","400.0","565.8","304.5","538.18","566.3","304.7","538.05","6.3","2.2","349.21","44.3","97.9","2209.93","0.0","0.0","0.0","0.0","0.0","0.0","35.4","19.7","556.5","18.8","9.2","489.36","91.0","55.9","614.29","5.0","5.9","1180.0","0.3","0.1","333.33","0.0","0.0","0.0","1.5","0.7","466.67","0.2","0.0","0.0","0.2","0.1","500.0","17.0","12.5","735.29","5.5","9.9","1800.0","60.7","70.9","1168.04","122.6","1048.82","8554.81","0.5","0.13","260.0","0.0","0.0","0.0","0.0","0.0","0.0"
"106","2014","7","Maharashtra","Solapur","0.4","0.1","250.0","42.2","54.6","1293.84","0.3","0.1","333.33","622.8","354.1","568.56","623.1","354.2","568.45","5.5","2.2","400.0","51.0","133.2","2611.76","0.0","0.0","0.0","0.0","0.0","0.0","39.5","29.6","749.37","18.8","9.0","478.72","7.5","3.9","520.0","5.8","6.9","1189.66","0.2","0.1","500.0","0.0","0.0","0.0","2.1","1.9","904.76","0.2","0.0","0.0","0.2","0.0","0.0","20.5","12.0","585.37","6.3","7.4","1174.6","36.0","28.4","788.89","205.5","2004.97","9756.54","0.6","0.22","366.67","0.0","0.0","0.0","0.0","0.0","0.0"
"106","2015","7","Maharashtra","Solapur","0.2","0.0","0.0","41.3","28.8","697.34","0.2","0.0","0.0","615.7","108.0","175.41","615.9","108.0","175.35","14.8","3.4","229.73","48.2","65.2","1352.7","0.0","0.0","0.0","0.0","0.0","0.0","45.8","13.5","294.76","18.2","3.0","164.84","29.2","6.11","209.25","3.5","2.9","828.57","0.11","0.04","363.64","0.0","0.0","0.0","2.0","0.5","250.0","0.03","0.01","333.33","0.1","0.01","100.0","17.4","4.0","229.89","14.2","2.4","169.01","37.4","10.0","267.38","183.1","1096.44","5988.2","0.9","0.13","144.44","0.0","0.0","0.0","0.0","0.0","0.0"
"106","2016","7","Maharashtra","Solapur","0.2","0.04","215.0","58.1","77.78","1338.73","0.2","0.08","400.0","658.5","361.78","549.4","658.7","361.86","549.35","26.9","9.4","349.44","63.0","104.4","1657.14","0.1","0.05","500.0","0.0","0.0","0.0","56.5","38.1","674.34","29.97","16.8","560.53","26.6","14.36","539.77","5.1","5.65","1107.84","0.19","0.05","272.73","0.3","0.04","133.33","3.3","1.9","575.76","0.3","0.08","266.67","0.03","0.02","666.67","3.25","1.15","352.51","27.7","10.17","367.15","0.0","0.0","0.0","64.74","476.21","7355.23","0.9","0.25","274.0","0.0","0.0","0.0","0.0","0.0","0.0"
"106","2017","7","Maharashtra","Solapur","0.6","0.07","116.67","68.7","81.83","1191.12","0.0","0.0","0.0","656.9","370.08","563.37","656.9","370.08","563.37","28.6","9.74","340.56","75.81","156.12","2059.39","0.0","0.0","0.0","0.0","0.0","0.0","68.25","46.1","675.47","29.8","18.7","627.52","36.99","7.1","191.85","5.11","5.51","1077.22","0.41","0.14","351.09","0.1","0.02","200.0","0.8","0.4","500.0","0.1","0.02","200.0","0.08","0.03","350.0","21.09","10.91","517.12","33.59","38.56","1148.03","0.0","0.0","0.0","100.5","1046.81","10415.55","0.3","0.07","240.0","0.0","0.0","0.0","0.0","0.0","0.0"
"107","1966","7","Maharashtra","Kolhapur","108.0","129.0","1194.44","2.0","1.0","500.0","58.3","53.6","919.38","3.0","1.3","433.33","61.3","54.9","895.6","2.0","0.2","100.0","4.0","4.0","1000.0","33.0","25.0","757.58","0.0","0.0","0.0","2.0","1.0","500.0","12.0","5.0","416.67","29.1","2.4","82.47","55.0","51.0","927.27","1.6","0.4","250.0","0.0","0.0","0.0","0.0","-1.0","0.0","0.0","0.0","0.0","0.0","0.0","0.0","0.0","0.0","0.0","0.0","0.0","0.0","151.2","51.4","339.95","38.4","284.7","7414.06","0.4","0.0","0.0","0.69","2.51","3.2","0.08","0.16","83.4"
"107","1967","7","Maharashtra","Kolhapur","99.0","91.0","919.19","2.0","2.0","1000.0","58.8","71.6","1217.69","2.8","1.4","500.0","61.6","73.0","1185.06","2.1","0.2","95.24","4.0","5.0","1250.0","35.0","26.0","742.86","0.0","0.0","0.0","2.0","1.0","500.0","6.0","4.0","666.67","31.5","3.6","114.29","62.0","62.0","1000.0","1.6","0.4","250.0","0.0","0.0","0.0","0.04","-1.0","-1.0","0.0","0.0","0.0","0.0","0.0","0.0","0.0","0.0","0.0","0.0","0.0","0.0","156.2","62.4","399.49","32.4","274.6","8475.31","1.2","0.9","750.0","0.65","2.02","2.67","0.04","0.12","83.93"
"107","1968","7","Maharashtra","Kolhapur","93.0","88.0","946.24","2.2","1.0","454.55","36.7","40.5","1103.54","10.9","5.5","504.59","47.6","46.0","966.39","1.4","0.2","142.86","5.0","8.0","1600.0","35.6","23.0","646.07","0.0","0.0","0.0","2.5","1.0","400.0","4.9","3.0","612.24","7.1","2.8","394.37","54.4","56.0","1029.41","1.7","0.3","176.47","0.0","0.0","0.0","0.2","-1.0","-1.0","0.0","0.0","0.0","0.0","0.0","0.0","0.0","0.0","0.0","0.0","0.0","0.0","56.3","56.3","1000.0","40.7","359.6","8835.38","0.5","0.2","400.0","0.7","1.9","2.6","0.0","0.1","85.1"
"107","1969","7","Maharashtra","Kolhapur","88.8","90.0","1013.51","2.1","1.4","666.67","45.0","41.9","931.11","1.9","0.6","315.79","46.9","42.5","906.18","1.3","0.2","153.85","5.1","4.0","784.31","36.8","20.2","548.91","0.0","0.0","0.0","1.7","0.6","352.94","5.4","3.9","722.22","7.4","3.0","405.41","57.2","55.8","975.52","1.3","0.3","230.77","0.0","0.0","0.0","0.7","-1.0","-1.0","0.0","0.0","0.0","0.0","0.0","0.0","0.0","0.0","0.0","0.0","0.0","0.0","59.3","56.1","946.04","42.6","327.0","7676.06","0.4","0.1","250.0","0.7","2.0","2.7","0.1","0.1","84.9"
"107","1970","7","Maharashtra","Kolhapur","90.6","116.5","1285.87","2.0","1.7","850.0","41.9","40.8","973.75","1.9","0.6","315.79","43.8","41.4","945.21","1.3","0.2","153.85","4.0","3.2","800.0","35.4","24.0","677.97","0.0","0.0","0.0","1.2","0.3","250.0","5.0","3.8","760.0","8.4","3.8","452.38","57.4","47.9","834.49","1.1","0.3","272.73","0.0","0.0","0.0","1.1","-1.0","-1.0","0.0","0.0","0.0","0.0","0.0","0.0","0.0","0.0","0.0","0.0","0.0","0.0","59.6","48.2","808.72","39.9","366.4","9182.96","0.6","0.1","166.67","0.8","1.9","2.7","0.0","0.1","8.6"
"107","1971","7","Maharashtra","Kolhapur","91.5","111.6","1219.67","1.3","0.9","692.31","45.0","54.4","1208.89","2.2","0.4","181.82","47.2","54.8","1161.02","1.1","0.1","90.91","3.3","2.7","818.18","35.5","27.2","766.2","0.0","0.0","0.0","0.9","0.3","333.33","4.9","1.3","265.31","8.0","3.3","412.5","56.4","59.4","1053.19","1.1","0.3","272.73","0.0","0.0","0.0","0.1","-1.0","-1.0","0.0","0.0","0.0","0.0","0.0","0.0","0.0","0.0","0.0","0.0","0.0","0.0","58.8","59.7","1015.31","40.0","400.0","10000.0","0.9","0.1","111.11","0.8","1.9","2.7","0.1","0.1","85.9"
"107","1972","7","Maharashtra","Kolhapur","87.2","67.1","769.5","2.3","1.5","652.17","38.1","18.2","477.69","1.7","0.1","58.82","39.8","18.3","459.8","0.9","0.1","111.11","2.7","1.6","592.59","33.3","21.6","648.65","0.0","0.0","0.0","1.0","0.5","500.0","3.5","2.2","628.57","6.4","0.0","-1.0","54.3","25.0","460.41","1.4","0.4","285.71","0.0","0.0","0.0","1.0","0.3","300.0","0.0","0.0","0.0","0.0","0.0","0.0","0.0","0.0","0.0","0.0","0.0","0.0","56.6","25.7","454.06","44.5","402.3","9040.45","0.7","0.1","142.86","0.7","1.8","2.5","0.0","0.0","87.1"
"107","1973","7","Maharashtra","Kolhapur","83.8","131.7","1571.6","3.7","3.0","810.81","55.0","51.0","927.27","2.5","1.1","440.0","57.5","52.1","906.09","1.9","0.4","210.53","2.9","2.5","862.07","33.8","38.0","1124.26","0.0","0.0","0.0","0.6","0.3","500.0","4.1","5.9","1439.02","10.1","1.2","118.81","46.6","47.4","1017.17","1.7","0.5","294.12","0.0","0.0","0.0","0.0","0.0","0.0","0.0","0.0","0.0","0.0","0.0","0.0","0.0","0.0","0.0","0.0","0.0","0.0","49.1","47.9","975.56","43.1","339.5","7877.03","0.6","0.1","166.67","0.7","1.8","2.5","0.1","0.1","91.3"
"107","1974","7","Maharashtra","Kolhapur","82.3","128.8","1565.01","3.2","4.1","1281.25","49.7","85.1","1712.27","3.7","1.5","405.41","53.4","86.6","1621.72","1.4","0.3","214.29","2.6","3.1","1192.31","33.9","31.3","923.3","0.0","0.0","0.0","1.0","0.4","400.0","4.1","4.2","1024.39","11.1","6.4","576.58","50.5","55.3","1095.05","1.3","0.4","307.69","0.0","0.0","0.0","0.0","0.0","0.0","0.0","0.0","0.0","0.0","0.0","0.0","0.0","0.0","0.0","0.0","0.0","0.0","53.1","55.7","1048.96","47.2","432.3","9158.9","2.8","0.2","71.43","0.7","2.1","2.8","0.1","0.0","89.4"
"107","1975","7","Maharashtra","Kolhapur","85.8","172.2","2006.99","7.3","11.1","1520.55","52.3","84.9","1623.33","2.4","1.1","458.33","54.7","86.0","1572.21","0.9","0.1","111.11","2.3","4.1","1782.61","36.7","36.2","986.38","0.0","0.0","0.0","4.0","2.4","600.0","3.8","3.4","894.74","11.3","5.9","522.12","50.9","59.8","1174.85","1.7","0.4","235.29","0.0","0.0","0.0","0.0","0.0","0.0","0.0","0.0","0.0","0.0","0.0","0.0","0.0","0.0","0.0","0.0","0.0","0.0","52.8","60.2","1140.15","48.4","378.9","7828.51","0.9","0.1","111.11","0.7","2.0","2.7","0.1","0.0","91.8"
"107","1976","7","Maharashtra","Kolhapur","90.9","198.1","2179.32","7.7","17.5","2272.73","49.2","64.3","1306.91","3.6","2.0","555.56","52.8","66.3","1255.68","0.8","0.2","250.0","2.4","5.1","2125.0","39.0","37.4","958.97","0.0","0.0","0.0","3.6","1.1","305.56","4.3","3.1","720.93","10.8","4.5","416.67","50.0","46.2","924.0","2.0","0.4","200.0","0.0","0.0","0.0","0.0","0.0","0.0","0.0","0.0","0.0","0.0","0.0","0.0","0.0","0.0","0.0","0.0","0.0","0.0","51.7","46.6","901.35","47.5","423.3","8911.58","0.8","0.1","125.0","0.1","1.9","2.0","0.1","0.0","91.0"
"107","1977","7","Maharashtra","Kolhapur","95.6","210.6","2202.93","9.5","8.1","852.63","49.9","62.2","1246.49","2.4","1.3","541.67","52.3","63.5","1214.15","0.7","0.1","142.86","2.3","4.7","2043.48","39.5","34.1","863.29","0.0","0.0","0.0","5.7","2.0","350.88","5.2","3.5","673.08","11.0","4.3","390.91","52.3","54.6","1043.98","1.8","0.5","277.78","0.0","0.0","0.0","0.0","0.0","0.0","0.0","0.0","0.0","0.0","0.0","0.0","0.0","0.0","0.0","0.0","0.0","0.0","54.2","55.1","1016.61","49.8","470.4","9445.78","1.0","0.1","100.0","0.7","2.1","2.8","0.1","0.0","89.2"
"107","1978","7","Maharashtra","Kolhapur","98.0","202.6","2067.35","10.2","10.3","1009.8","43.5","82.3","1891.95","2.2","1.3","590.91","45.7","83.6","1829.32","1.1","0.2","181.82","2.5","7.5","3000.0","41.0","42.4","1034.15","0.0","0.0","0.0","6.3","2.9","460.32","4.6","3.3","717.39","13.5","5.6","414.81","52.0","66.8","1284.62","2.2","0.7","318.18","0.0","0.0","0.0","0.0","0.0","0.0","0.0","0.0","0.0","0.0","0.0","0.0","0.0","0.0","0.0","0.0","0.0","0.0","54.0","67.5","1250.0","49.9","434.4","8705.41","0.9","0.1","111.11","0.7","2.3","3.0","0.1","0.1","82.3"
"107","1979","7","Maharashtra","Kolhapur","100.3","168.2","1676.97","11.1","11.0","990.99","40.5","61.1","1508.64","5.1","2.5","490.2","45.6","63.6","1394.74","1.1","0.2","181.82","6.0","10.9","1816.67","42.2","49.4","1170.62","0.0","0.0","0.0","6.6","3.4","515.15","4.5","3.8","844.44","15.5","6.1","393.55","55.5","64.4","1160.36","1.7","0.5","294.12","0.0","0.0","0.0","0.0","0.0","0.0","0.0","0.0","0.0","0.0","0.0","0.0","0.0","0.0","0.0","0.0","0.0","0.0","51.2","64.9","1267.58","35.5","333.8","9402.82","1.0","0.1","100.0","0.8","2.1","2.9","0.1","0.1","82.9"
"107","1980","7","Maharashtra","Kolhapur","100.0","213.3","2133.0","12.0","14.7","1225.0","39.7","65.4","1647.36","4.1","2.5","609.76","43.8","67.9","1550.23","1.3","0.2","153.85","3.0","6.9","2300.0","41.8","39.8","952.15","0.0","0.0","0.0","6.2","2.9","467.74","4.7","3.4","723.4","17.9","10.4","581.01","53.8","56.0","1040.89","1.7","0.5","294.12","0.0","0.0","0.0","0.0","0.0","0.0","0.0","0.0","0.0","0.0","0.0","0.0","0.0","0.0","0.0","0.0","0.0","0.0","51.6","57.1","1106.59","40.9","397.3","9713.94","1.0","0.1","100.0","0.7","2.2","2.9","0.1","0.1","84.4"
"107","1981","7","Maharashtra","Kolhapur","96.7","238.7","2468.46","16.4","15.0","914.63","40.8","62.2","1524.51","4.3","2.4","558.14","45.1","64.6","1432.37","1.2","0.3","250.0","4.0","8.4","2100.0","42.4","45.2","1066.04","0.0","0.0","0.0","6.7","3.5","522.39","5.3","3.9","735.85","17.2","6.2","360.47","43.8","83.0","1894.98","1.7","0.5","294.12","0.0","0.0","0.0","0.0","0.0","0.0","0.0","0.0","0.0","0.0","0.0","0.0","0.0","0.0","0.0","0.0","0.0","0.0","48.0","38.9","810.42","53.5","446.8","8351.4","1.0","0.1","100.0","0.7","2.4","3.1","0.1","0.0","81.7"
"107","1982","7","Maharashtra","Kolhapur","96.5","182.6","1892.23","16.2","16.3","1006.17","39.6","58.3","1472.22","5.0","2.1","420.0","44.6","60.4","1354.26","1.3","0.1","76.92","6.0","8.6","1433.33","43.3","40.6","937.64","0.0","0.0","0.0","6.4","2.9","453.13","5.3","3.9","735.85","9.7","4.8","494.85","46.4","75.6","1629.31","1.7","0.5","294.12","0.0","0.0","0.0","0.0","0.0","0.0","0.0","0.0","0.0","0.0","0.0","0.0","0.0","0.0","0.0","0.0","0.0","0.0","43.6","50.5","1158.26","56.7","494.0","8712.52","1.0","0.1","100.0","0.6","2.4","3.0","0.1","0.0","91.5"
"107","1983","7","Maharashtra","Kolhapur","99.3","215.2","2167.17","19.1","24.4","1277.49","44.2","104.4","2361.99","5.9","2.3","389.83","50.1","106.7","2129.74","1.3","0.3","230.77","9.0","13.7","1522.22","42.5","46.4","1091.76","0.0","0.0","0.0","7.2","4.1","569.44","5.9","5.2","881.36","10.3","3.1","300.97","52.6","114.5","2176.81","0.0","0.0","0.0","0.2","0.0","0.0","0.0","0.0","0.0","0.1","0.1","1000.0","0.0","0.0","0.0","0.0","0.0","0.0","0.0","0.0","0.0","44.6","58.9","1320.63","53.7","403.3","7510.24","1.0","0.1","100.0","0.6","2.8","3.4","0.1","0.1","92.0"
"107","1984","7","Maharashtra","Kolhapur","101.5","231.5","2280.79","21.4","23.2","1084.11","43.8","96.9","2212.33","5.9","3.0","508.47","49.7","99.9","2010.06","1.7","0.3","176.47","6.9","7.8","1130.43","39.5","48.5","1227.85","0.0","0.0","0.0","16.6","7.8","469.88","6.7","6.1","910.45","0.0","3.6","0.0","59.5","96.8","1626.89","0.0","0.0","0.0","0.2","0.1","500.0","0.0","0.0","0.0","0.1","0.1","1000.0","0.0","0.0","0.0","0.0","0.0","0.0","0.0","0.0","0.0","50.6","78.0","1541.5","53.2","431.6","8112.78","0.6","0.1","166.67","0.7","2.7","3.4","0.0","0.1","92.1"
"107","1985","7","Maharashtra","Kolhapur","100.9","242.3","2401.39","25.4","26.9","1059.06","44.1","74.4","1687.07","6.5","2.3","353.85","50.6","76.7","1515.81","1.3","0.2","153.85","6.0","7.7","1283.33","37.6","52.8","1404.26","0.0","0.0","0.0","18.5","9.1","491.89","6.3","5.7","904.76","20.3","2.6","128.08","64.3","119.6","1860.03","0.0","0.0","0.0","0.0","0.0","0.0","0.0","0.0","0.0","0.0","0.0","0.0","0.0","0.0","0.0","0.0","0.0","0.0","0.0","0.0","0.0","66.1","118.5","1792.74","52.1","439.0","8426.1","0.4","0.1","250.0","0.7","2.9","3.6","0.0","0.3","92.1"
"107","1986","7","Maharashtra","Kolhapur","100.0","175.0","1750.0","25.0","24.0","960.0","43.8","83.2","1899.54","6.5","2.2","338.46","50.3","85.4","1697.81","0.2","0.1","500.0","5.0","6.0","1200.0","35.0","37.0","1057.14","0.0","0.0","0.0","17.0","9.0","529.41","6.0","2.0","333.33","13.7","2.0","145.99","66.0","93.0","1409.09","0.0","0.0","0.0","0.0","0.0","0.0","0.0","0.0","0.0","0.0","0.0","0.0","0.0","0.0","0.0","0.0","0.0","0.0","0.0","0.0","0.0","67.2","89.8","1336.31","51.1","465.3","9105.68","0.0","0.0","0.0","0.9","2.9","3.8","0.0","0.0","91.5"
"107","1987","7","Maharashtra","Kolhapur","97.0","187.0","1927.84","18.0","24.0","1333.33","45.9","98.5","2145.97","7.3","4.3","589.04","53.2","102.8","1932.33","0.2","0.1","500.0","4.0","6.0","1500.0","34.0","42.0","1235.29","0.0","0.0","0.0","10.0","6.0","600.0","5.0","2.0","400.0","15.2","4.9","322.37","71.0","100.0","1408.45","0.0","0.0","0.0","0.0","0.0","0.0","0.0","0.0","0.0","0.0","0.0","0.0","0.0","0.0","0.0","0.0","0.0","0.0","3.2","1.0","312.5","79.3","99.3","1252.21","51.9","467.3","9003.85","0.0","0.0","0.0","0.6","0.9","1.5","0.0","0.0","95.3"
"107","1988","7","Maharashtra","Kolhapur","98.9","251.8","2546.01","13.0","25.6","1969.23","45.8","91.8","2004.37","5.3","5.8","1094.34","51.1","97.6","1909.98","0.1","0.1","1000.0","16.2","35.4","2185.19","33.7","40.3","1195.85","0.0","0.0","0.0","10.8","7.9","731.48","5.5","3.7","672.73","14.6","4.3","294.52","73.6","107.4","1459.24","0.0","0.0","0.0","0.0","0.0","0.0","0.0","0.0","0.0","0.0","0.0","0.0","0.0","0.0","0.0","0.1","0.1","1000.0","5.9","2.1","355.93","84.4","110.0","1303.32","55.3","449.8","8133.82","0.3","0.0","0.0","3.3","4.0","7.3","0.3","0.1","55.9"
"107","1989","7","Maharashtra","Kolhapur","101.1","234.7","2321.46","8.7","12.1","1390.8","42.5","95.5","2247.06","5.5","7.0","1272.73","48.0","102.5","2135.42","0.1","0.1","1000.0","5.9","13.7","2322.03","30.3","44.2","1458.75","0.0","0.0","0.0","9.8","5.6","571.43","5.4","2.2","407.41","13.0","3.6","276.92","70.4","112.1","1592.33","0.0","0.0","0.0","0.0","0.0","0.0","0.0","0.0","0.0","0.0","0.0","0.0","0.0","0.0","0.0","0.0","0.0","0.0","11.0","8.7","790.91","84.4","118.4","1402.84","57.8","538.9","9323.53","0.1","0.0","0.0","3.5","4.7","8.2","0.6","0.3","59.4"
"107","1990","7","Maharashtra","Kolhapur","103.1","259.3","2515.03","9.2","12.6","1369.57","44.8","107.7","2404.02","5.2","7.0","1346.15","50.0","114.7","2294.0","0.4","0.1","250.0","1.1","1.9","1727.27","29.3","38.0","1296.93","0.0","0.0","0.0","12.3","7.4","601.63","5.1","2.1","411.76","12.7","5.8","456.69","69.6","114.1","1639.37","0.0","0.0","0.0","0.0","0.0","0.0","0.0","0.0","0.0","0.0","0.0","0.0","0.0","0.0","0.0","0.0","0.0","0.0","14.4","13.6","944.44","88.7","128.9","1453.21","62.6","560.24","8949.52","0.1","0.02","200.0","3.6","4.3","7.9","0.3","0.1","60.7"
"107","1991","7","Maharashtra","Kolhapur","101.9","253.0","2482.83","10.0","16.2","1620.0","39.0","60.0","1538.46","5.2","5.2","1000.0","44.2","65.2","1475.11","0.4","0.1","250.0","4.6","7.3","1586.96","26.3","36.1","1372.62","0.0","0.0","0.0","10.4","7.0","673.08","4.1","1.8","439.02","19.6","4.2","214.29","66.8","92.7","1387.72","0.0","0.0","0.0","0.0","0.0","0.0","0.0","0.0","0.0","0.0","0.0","0.0","0.0","0.0","0.0","0.0","0.0","0.0","20.4","30.0","1470.59","94.3","125.9","1335.1","66.5","620.45","9330.08","0.1","0.02","200.0","3.6","4.1","7.7","0.4","0.0","91.6"
"107","1992","7","Maharashtra","Kolhapur","102.3","267.6","2615.84","9.3","18.0","1935.48","39.2","102.0","2602.04","9.0","11.0","1222.22","48.2","113.0","2344.4","0.1","0.1","1000.0","4.7","7.8","1659.57","33.5","44.0","1313.43","0.0","0.0","0.0","11.5","10.4","904.35","4.8","3.8","791.67","24.1","10.4","431.54","67.5","145.5","2155.56","0.0","0.0","0.0","0.0","0.0","0.0","0.0","0.0","0.0","0.0","0.0","0.0","0.0","0.0","0.0","0.1","0.1","1000.0","27.1","55.5","2047.97","97.4","201.8","2071.87","63.5","516.26","8130.08","0.1","0.02","200.0","1.1","4.2","5.3","0.4","0.0","97.6"
"107","1993","7","Maharashtra","Kolhapur","101.6","244.1","2402.56","8.8","16.6","1886.36","32.4","66.5","2052.47","9.7","11.8","1216.49","42.1","78.3","1859.86","0.1","0.1","1000.0","7.2","13.2","1833.33","22.6","29.6","1309.73","0.0","0.0","0.0","9.8","7.2","734.69","4.6","3.0","652.17","15.6","8.4","538.46","57.9","116.8","2017.27","0.0","0.0","0.0","0.0","0.0","0.0","0.0","0.0","0.0","0.0","0.0","0.0","0.0","0.0","0.0","0.2","0.2","1000.0","38.9","86.3","2218.51","99.6","204.0","2048.19","62.5","530.79","8492.64","0.1","0.02","200.0","2.4","4.4","6.8","0.6","0.0","101.3"
"107","1994","7","Maharashtra","Kolhapur","102.6","237.7","2316.76","9.4","19.5","2074.47","22.8","41.4","1815.79","9.6","9.7","1010.42","32.4","51.1","1577.16","0.1","0.1","1000.0","6.6","14.1","2136.36","24.1","43.5","1804.98","0.0","0.0","0.0","8.6","6.7","779.07","3.8","2.0","526.32","15.9","7.2","452.83","61.1","99.2","1623.57","0.1","0.0","0.0","0.0","0.0","0.0","0.0","0.0","0.0","0.0","0.0","0.0","0.0","0.0","0.0","0.2","0.2","1000.0","44.9","50.1","1115.81","108.5","150.1","1383.41","85.5","762.54","8918.6","0.2","0.03","150.0","3.2","4.9","8.1","0.4","0.0","104.2"
"107","1995","7","Maharashtra","Kolhapur","102.3","228.5","2233.63","11.2","21.7","1937.5","17.6","45.6","2590.91","11.7","12.5","1068.38","29.3","58.1","1982.94","0.1","0.1","1000.0","3.8","7.3","1921.05","22.0","32.5","1477.27","0.0","0.0","0.0","9.1","7.6","835.16","3.7","1.7","459.46","11.3","5.1","451.33","61.4","138.3","2252.44","2.4","0.8","333.33","0.0","0.0","0.0","0.0","0.0","0.0","0.0","0.0","0.0","0.0","0.0","0.0","0.3","0.3","1000.0","44.0","64.7","1470.45","107.6","203.6","1892.19","96.1","774.77","8062.12","0.2","0.03","150.0","7.9","4.2","12.1","0.5","0.0","98.5"
"107","1996","7","Maharashtra","Kolhapur","103.3","279.7","2707.65","7.6","16.2","2131.58","18.3","41.2","2251.37","9.9","13.6","1373.74","28.2","54.8","1943.26","0.1","0.1","1000.0","4.3","7.0","1627.91","24.3","39.3","1617.28","0.0","0.0","0.0","10.3","6.6","640.78","3.3","1.7","515.15","11.1","5.5","495.5","62.4","140.6","2253.21","2.1","0.6","285.71","0.0","0.0","0.0","0.0","0.0","0.0","0.0","0.0","0.0","0.0","0.0","0.0","0.2","0.2","1000.0","48.2","98.4","2041.49","112.8","239.7","2125.0","89.7","695.34","7751.84","0.2","0.05","250.0","7.0","1.4","8.4","0.4","0.1","103.0"
"107","1997","7","Maharashtra","Kolhapur","110.1","252.9","2297.0","6.2","9.9","1596.77","16.2","23.4","1444.44","10.3","19.7","1912.62","26.5","43.1","1626.42","0.3","0.1","333.33","3.8","5.7","1500.0","23.8","23.4","983.19","0.0","0.0","0.0","9.6","6.6","687.5","2.7","0.7","259.26","13.7","5.4","394.16","47.3","79.0","1670.19","2.3","0.3","130.43","0.1","0.0","0.0","0.3","0.1","333.33","0.0","0.0","0.0","3.5","0.5","142.86","0.2","0.2","1000.0","53.0","53.6","1011.32","109.3","161.6","1478.5","83.7","659.49","7879.21","0.1","0.03","300.0","6.9","1.4","8.3","0.4","0.0","108.0"
"107","1998","7","Maharashtra","Kolhapur","106.3","289.8","2726.25","7.3","13.4","1835.62","15.2","31.8","2092.11","12.1","13.8","1140.5","27.3","45.6","1670.33","0.1","0.1","1000.0","5.5","9.4","1709.09","25.8","39.0","1511.63","0.0","0.0","0.0","11.3","7.8","690.27","3.5","1.3","371.43","15.8","7.4","468.35","62.5","122.4","1958.4","0.0","0.0","0.0","0.0","0.0","0.0","0.0","0.0","0.0","0.1","0.0","0.0","0.0","0.0","0.0","0.2","0.2","1000.0","63.0","132.0","2095.24","127.9","255.5","1997.65","94.7","903.04","9535.8","0.1","0.02","200.0","8.4","2.4","10.8","0.4","0.6","101.9"
"107","1999","7","Maharashtra","Kolhapur","103.5","262.6","2537.2","7.6","15.2","2000.0","13.1","24.3","1854.96","14.3","16.8","1174.83","27.4","41.1","1500.0","0.1","0.1","1000.0","6.1","9.6","1573.77","25.8","42.0","1627.91","0.0","0.0","0.0","12.2","9.3","762.3","2.0","0.8","400.0","14.2","7.6","535.21","64.1","94.9","1480.5","0.0","0.0","0.0","0.0","0.0","0.0","0.0","0.0","0.0","0.3","0.1","333.33","0.0","0.0","0.0","0.2","0.2","1000.0","63.6","151.8","2386.79","130.5","247.61","1897.39","93.1","922.71","9910.96","0.1","0.02","200.0","11.2","2.8","14.0","0.5","0.7","100.8"
"107","2000","7","Maharashtra","Kolhapur","106.7","233.7","2190.25","8.4","15.0","1785.71","12.4","19.6","1580.65","11.5","15.1","1313.04","23.9","34.7","1451.88","0.0","0.0","0.0","5.8","7.5","1293.1","24.8","34.7","1399.19","0.0","0.0","0.0","12.8","8.7","679.69","2.0","0.9","450.0","14.4","5.8","402.78","68.0","105.8","1555.88","0.0","0.0","0.0","0.0","0.0","0.0","0.0","0.0","0.0","0.0","0.0","0.0","0.0","0.0","0.0","0.3","0.2","666.67","62.9","121.9","1938.0","133.7","228.6","1709.8","89.7","815.83","9095.1","0.1","0.02","200.0","16.4","2.4","18.8","0.4","0.1","101.4"
"107","2001","7","Maharashtra","Kolhapur","106.3","290.5","2732.83","8.5","16.6","1952.94","10.6","21.9","2066.04","11.2","15.2","1357.14","21.8","37.1","1701.83","0.0","0.0","0.0","6.6","14.1","2136.36","23.7","45.3","1911.39","0.0","0.0","0.0","13.9","8.7","625.9","2.4","0.8","333.33","13.2","5.4","409.09","69.3","137.8","1988.46","0.0","0.0","0.0","0.0","0.0","0.0","0.0","0.0","0.0","0.0","0.0","0.0","0.0","0.0","0.0","0.3","0.4","1333.33","62.2","108.9","1750.8","134.0","247.5","1847.01","101.9","919.66","9025.12","0.1","0.02","200.0","6.3","2.9","9.2","0.5","1.1","101.9"
"107","2002","7","Maharashtra","Kolhapur","106.1","234.7","2212.06","8.5","15.2","1788.24","9.1","16.6","1824.18","9.8","15.6","1591.84","18.9","32.2","1703.7","0.0","0.0","0.0","7.8","13.9","1782.05","23.5","33.1","1408.51","0.0","0.0","0.0","12.1","9.4","776.86","2.6","1.0","384.62","13.2","4.7","356.06","68.0","110.6","1626.47","0.0","0.0","0.0","0.0","0.0","0.0","0.0","0.0","0.0","0.0","0.0","0.0","0.0","0.0","0.0","0.4","0.3","750.0","61.5","119.2","1938.21","132.2","230.7","1745.08","98.4","842.1","8557.93","0.1","0.02","200.0","6.3","3.3","9.6","0.5","1.2","101.9"
"107","2003","7","Maharashtra","Kolhapur","106.9","248.3","2322.73","8.6","17.4","2023.26","7.7","12.4","1610.39","10.4","14.4","1384.62","18.1","26.8","1480.66","0.0","0.0","0.0","7.9","15.6","1974.68","23.1","36.4","1575.76","0.0","0.0","0.0","11.7","9.2","786.32","2.8","0.8","285.71","13.2","4.8","363.64","66.5","116.0","1744.36","0.0","0.0","0.0","0.0","0.0","0.0","0.0","0.0","0.0","0.0","0.0","0.0","0.0","0.0","0.0","0.6","0.5","833.33","68.2","133.8","1961.88","138.2","251.2","1817.66","86.9","491.84","5659.84","0.1","0.02","200.0","4.8","2.5","7.3","0.5","0.1","0.0"
"107","2004","7","Maharashtra","Kolhapur","111.1","281.3","2531.95","9.2","19.4","2108.7","8.0","17.2","2150.0","11.8","18.0","1525.42","19.8","35.2","1777.78","0.0","0.0","0.0","9.3","24.47","2631.18","23.8","30.4","1277.31","0.0","0.0","0.0","10.7","9.4","878.5","3.2","1.4","437.5","11.9","6.12","514.29","69.0","116.7","1691.3","0.0","0.0","0.0","0.0","0.0","0.0","0.0","0.0","0.0","0.0","0.0","0.0","0.0","0.0","0.0","0.8","1.0","1250.0","74.7","115.9","1551.54","146.8","234.3","1596.05","76.0","652.9","8590.79","0.0","0.0","0.0","6.0","2.7","8.7","0.5","0.38","0.0"
"107","2005","7","Maharashtra","Kolhapur","108.9","247.8","2275.48","9.9","20.1","2030.3","8.0","9.5","1187.5","12.0","15.8","1316.67","20.0","25.3","1265.0","0.0","0.0","0.0","8.7","17.2","1977.01","24.2","32.2","1330.58","0.0","0.0","0.0","9.2","7.1","771.74","3.1","1.1","354.84","13.3","5.83","438.35","67.0","85.1","1270.15","0.4","0.1","250.0","0.0","0.0","0.0","0.0","0.0","0.0","0.0","0.0","0.0","0.0","0.0","0.0","1.0","1.2","1200.0","70.1","67.1","957.2","140.1","154.07","1099.71","94.5","722.93","7650.05","0.1","0.02","200.0","4.7","3.0","7.7","0.5","0.59","0.0"
"107","2006","7","Maharashtra","Kolhapur","110.4","286.4","2594.2","9.3","19.4","2086.02","9.1","9.8","1076.92","11.9","16.8","1411.76","21.0","26.6","1266.67","0.0","0.0","0.0","11.4","20.09","1762.28","23.3","30.7","1317.6","0.0","0.0","0.0","8.9","6.7","752.81","2.8","1.4","500.0","12.8","6.53","510.16","61.6","65.6","1064.94","0.1","0.1","1000.0","0.0","0.0","0.0","0.0","0.0","0.0","0.3","0.06","200.0","0.0","0.0","0.0","1.1","1.2","1090.91","57.9","82.9","1431.78","122.5","150.26","1226.61","106.3","857.33","8065.19","0.1","0.03","300.0","0.0","0.0","0.0","0.0","0.77","0.0"
"107","2007","7","Maharashtra","Kolhapur","112.5","338.02","3004.62","10.5","25.1","2390.48","8.4","15.31","1822.62","12.7","20.5","1614.17","21.1","35.81","1697.16","0.0","0.0","0.0","11.6","30.83","2657.76","23.1","34.5","1493.51","0.0","0.0","0.0","9.9","9.3","939.39","2.8","1.3","464.29","12.5","7.3","584.0","58.4","97.28","1665.75","0.1","0.1","1000.0","0.0","0.0","0.0","0.0","0.0","0.0","0.3","0.09","300.0","0.0","0.0","0.0","1.1","1.14","1036.36","57.3","126.0","2198.95","118.7","225.01","1895.62","113.9","974.26","8553.64","0.1","0.02","200.0","0.0","0.0","0.0","0.0","0.8","0.0"
"107","2008","7","Maharashtra","Kolhapur","114.4","287.2","2510.49","9.6","23.8","2479.17","8.7","18.2","2091.95","12.7","19.7","1551.18","21.4","37.9","1771.03","0.0","0.0","0.0","10.1","23.89","2365.35","23.3","30.8","1321.89","0.0","0.0","0.0","10.1","7.5","742.57","2.4","1.1","458.33","11.9","3.78","317.65","60.5","90.2","1490.91","0.0","0.0","0.0","0.0","0.0","0.0","0.0","0.0","0.0","0.0","0.0","0.0","0.0","0.0","0.0","1.6","1.6","1000.0","58.7","128.3","2185.69","122.2","220.48","1804.26","102.5","846.13","8254.93","0.1","0.03","300.0","0.0","0.0","0.0","0.0","0.0","0.0"
"107","2009","7","Maharashtra","Kolhapur","113.3","293.27","2588.44","7.9","17.99","2277.22","7.6","15.89","2090.79","12.8","16.9","1320.31","20.4","32.79","1607.35","0.0","0.0","0.0","11.0","28.12","2556.36","22.9","35.3","1541.48","0.0","0.0","0.0","9.0","7.88","875.56","2.7","2.73","1011.11","12.48","5.48","439.1","60.7","86.1","1418.45","0.0","0.0","0.0","0.0","0.0","0.0","0.0","0.0","0.0","0.2","0.05","250.0","0.0","0.0","0.0","1.6","1.87","1168.75","59.1","114.51","1937.56","122.4","202.7","1656.05","112.7","981.0","8704.53","0.1","0.03","300.0","0.0","0.0","0.0","0.0","0.0","0.0"
"107","2010","7","Maharashtra","Kolhapur","112.0","323.12","2885.0","8.6","22.84","2655.81","8.0","15.1","1887.5","14.0","22.37","1597.86","22.0","37.47","1703.18","0.0","0.0","0.0","11.6","25.7","2215.52","21.9","40.7","1858.45","0.0","0.0","0.0","8.5","7.11","836.47","2.4","0.83","345.83","10.9","5.36","491.74","61.0","93.15","1527.05","0.0","0.0","0.0","0.0","0.0","0.0","0.0","0.0","0.0","0.2","0.06","300.0","0.0","0.0","0.0","1.2","1.51","1258.33","49.2","137.12","2786.99","112.4","232.13","2065.21","139.9","1259.1","9000.0","0.1","0.04","400.0","0.0","0.0","0.0","0.0","0.0","0.0"
"107","2011","7","Maharashtra","Kolhapur","104.9","280.88","2677.6","8.5","21.1","2482.35","7.4","16.82","2272.97","11.8","19.25","1631.36","19.2","36.07","1878.65","0.0","0.0","0.0","11.6","33.37","2876.72","21.4","31.1","1453.27","0.0","0.0","0.0","9.0","11.37","1263.33","2.5","0.68","272.0","9.1","3.33","365.93","51.5","67.7","1314.56","0.0","0.0","0.0","0.0","0.0","0.0","0.0","0.0","0.0","0.1","0.03","300.0","0.0","0.0","0.0","1.7","2.21","1300.0","48.5","123.38","2543.92","103.3","193.85","1876.57","146.1","1284.72","8793.43","0.0","0.0","0.0","2.89","2.2","5.08","0.6","0.06","0.0"
"107","2012","7","Maharashtra","Kolhapur","108.5","283.96","2617.14","9.1","19.96","2193.41","7.3","17.93","2456.16","16.5","22.23","1347.27","23.8","40.16","1687.4","0.0","0.0","0.0","5.5","10.45","1900.0","21.9","35.47","1619.63","0.0","0.0","0.0","9.8","10.82","1104.08","0.9","0.13","144.44","6.6","1.42","215.15","52.6","73.23","1392.21","0.0","0.0","0.0","0.0","0.0","0.0","0.0","0.0","0.0","0.6","0.12","200.0","0.0","0.0","0.0","1.2","1.84","1533.33","49.0","127.48","2601.63","103.9","202.83","1952.17","142.0","1373.91","9675.42","0.0","0.0","0.0","27.65","4.81","32.46","0.63","0.06","0.0"
"107","2013","7","Maharashtra","Kolhapur","109.6","341.8","3118.61","16.6","41.7","2512.05","6.6","12.2","1848.48","20.3","31.2","1536.95","26.9","43.4","1613.38","0.0","0.0","0.0","6.6","16.8","2545.45","21.9","32.9","1502.28","0.0","0.0","0.0","11.4","13.6","1192.98","0.4","0.2","500.0","5.4","3.7","685.19","53.6","95.1","1774.25","0.0","0.0","0.0","0.0","0.0","0.0","0.0","0.0","0.0","0.3","0.1","333.33","0.0","0.0","0.0","1.1","1.2","1090.91","55.4","132.53","2392.24","87.9","175.2","1993.17","135.2","1358.02","10044.53","0.0","0.0","0.0","0.0","0.0","0.0","0.0","0.0","0.0"
"107","2014","7","Maharashtra","Kolhapur","111.8","338.6","3028.62","6.8","15.1","2220.59","6.0","10.9","1816.67","17.1","27.1","1584.8","23.1","38.0","1645.02","0.0","0.0","0.0","9.5","29.5","3105.26","21.2","33.9","1599.06","0.0","0.0","0.0","6.3","5.7","904.76","1.5","0.4","266.67","6.7","2.9","432.84","54.4","84.1","1545.96","0.0","0.0","0.0","0.0","0.0","0.0","0.0","0.0","0.0","0.3","0.1","333.33","0.0","0.0","0.0","1.2","1.6","1333.33","56.0","121.2","2164.29","112.2","207.2","1846.7","146.3","1503.16","10274.5","0.0","0.0","0.0","0.0","0.0","0.0","0.0","0.0","0.0"
"107","2015","7","Maharashtra","Kolhapur","112.4","276.6","2460.85","2.0","4.5","2250.0","5.7","10.1","1771.93","11.4","13.9","1219.3","17.1","24.0","1403.51","0.0","0.0","0.0","11.9","31.5","2647.06","20.8","27.3","1312.5","0.0","0.0","0.0","4.8","4.0","833.33","1.5","0.2","133.33","5.32","2.65","499.06","56.3","89.9","1596.8","0.0","0.0","0.0","0.0","0.0","0.0","0.0","0.0","0.0","0.0","0.0","0.0","0.0","0.0","0.0","0.87","1.21","1390.8","53.9","102.39","1899.63","111.4","193.8","1739.68","145.3","1309.77","9014.25","0.0","0.0","0.0","0.0","0.0","0.0","0.0","0.0","0.0"
"107","2016","7","Maharashtra","Kolhapur","114.2","397.8","3483.36","4.3","9.7","2255.81","6.0","9.8","1633.33","15.1","32.6","2158.94","21.1","42.4","2009.48","0.0","0.0","0.0","12.0","44.4","3700.0","21.7","36.1","1663.59","0.0","0.0","0.0","8.9","7.5","842.7","1.32","0.5","376.99","7.92","3.97","501.2","48.9","92.7","1895.71","0.03","0.01","269.23","0.1","0.02","200.0","0.0","0.0","0.0","0.0","0.0","0.0","0.0","0.0","0.0","2.56","1.62","630.51","52.7","124.3","2358.63","0.0","0.0","0.0","132.63","1249.9","9423.89","0.0","0.0","0.0","0.0","0.0","0.0","0.0","0.0","0.0"
"107","2017","7","Maharashtra","Kolhapur","109.46","334.3","3054.2","2.8","6.5","2321.43","4.9","8.6","1755.1","12.6","19.1","1515.87","17.5","27.7","1582.86","0.0","0.0","0.0","10.44","30.4","2911.88","21.3","34.0","1596.24","0.0","0.0","0.0","5.4","4.6","851.85","2.0","0.3","150.0","10.17","3.09","303.46","54.5","82.4","1511.93","0.01","0.0","333.33","0.0","0.0","0.0","0.0","0.0","0.0","0.0","0.0","0.0","0.0","0.0","0.0","0.68","0.64","943.79","51.3","109.7","2138.4","0.0","0.0","0.0","143.9","1477.9","10269.97","0.01","0.0","166.15","0.0","0.0","0.0","0.0","0.0","0.0"
"108","1966","7","Maharashtra","Aurangabad","5.0","1.0","200.0","87.0","33.0","379.31","112.3","47.1","419.41","285.7","201.6","705.64","398.0","248.7","624.87","169.0","33.0","195.27","3.0","5.0","1666.67","0.6","0.1","166.67","0.0","0.0","0.0","44.0","14.0","318.18","49.0","10.0","204.08","561.6","40.3","71.76","64.0","13.0","203.13","7.7","1.4","181.82","0.7","0.1","142.86","86.0","-1.0","-1.0","0.5","0.0","0.0","11.3","2.7","238.94","0.0","0.0","0.0","0.0","0.0","0.0","382.3","17.2","44.99","8.5","52.1","6129.41","153.0","10.0","65.36","4.61","3.72","8.34","0.04","1.21","2.39"
"108","1967","7","Maharashtra","Aurangabad","5.0","2.0","400.0","79.0","29.0","367.09","106.9","55.4","518.24","326.0","177.2","543.56","432.9","232.6","537.31","221.0","58.0","262.44","5.0","2.0","400.0","0.7","0.4","571.43","0.0","0.0","0.0","37.0","9.0","243.24","58.0","14.0","241.38","580.8","43.6","75.07","42.0","18.0","428.57","5.6","0.8","142.86","0.7","0.1","142.86","85.95","-1.0","-1.0","0.6","0.1","166.67","15.3","2.7","176.47","0.0","0.0","0.0","0.0","0.0","0.0","369.6","21.7","58.71","12.5","71.2","5696.0","198.0","16.0","80.81","4.74","4.09","8.82","0.08","1.13","2.83"
"108","1968","7","Maharashtra","Aurangabad","5.4","3.0","555.56","84.7","27.0","318.77","76.4","39.6","518.32","299.6","116.4","388.52","376.0","156.0","414.89","231.0","80.0","346.32","4.3","1.0","232.56","0.8","1.0","1250.0","0.0","0.0","0.0","39.1","12.0","306.91","54.6","12.0","219.78","192.4","45.8","238.05","41.9","16.0","381.86","5.5","0.9","163.64","0.6","0.1","166.67","92.6","-1.0","-1.0","0.7","0.1","142.86","15.2","3.0","197.37","0.0","0.0","0.0","0.0","0.0","0.0","156.8","20.1","128.19","11.1","73.2","6594.59","203.0","17.0","83.74","5.1","4.7","9.8","0.1","1.5","3.0"
"108","1969","7","Maharashtra","Aurangabad","5.3","2.8","528.3","83.0","27.7","333.73","76.6","23.9","312.01","284.7","137.8","484.02","361.3","161.7","447.55","248.3","77.4","311.72","6.2","1.8","290.32","0.0","0.0","0.0","0.0","0.0","0.0","40.8","9.4","230.39","56.0","12.8","228.57","200.9","46.7","232.45","35.3","14.0","396.6","5.7","0.8","140.35","0.6","0.1","166.67","94.2","-1.0","-1.0","1.0","0.1","100.0","14.7","2.4","163.27","0.0","0.0","0.0","0.0","0.0","0.0","151.9","17.4","114.55","11.5","83.0","7217.39","200.7","18.1","90.18","5.2","4.4","9.6","0.1","1.4","2.9"
"108","1970","7","Maharashtra","Aurangabad","5.4","2.7","500.0","58.8","26.3","447.28","74.1","23.1","311.74","318.6","81.2","254.87","392.7","104.3","265.6","291.6","109.3","374.83","7.7","2.1","272.73","0.3","0.7","2333.33","0.0","0.0","0.0","23.4","7.2","307.69","49.0","10.8","220.41","172.7","26.7","154.6","24.0","13.2","550.0","3.4","0.4","117.65","0.7","0.1","142.86","94.9","-1.0","-1.0","1.0","0.1","100.0","10.2","1.4","137.25","0.0","0.0","0.0","0.0","0.0","0.0","133.0","15.2","114.29","9.8","60.5","6173.47","210.6","5.3","25.17","4.7","3.0","7.7","0.1","0.5","3.8"
"108","1971","7","Maharashtra","Aurangabad","3.7","1.1","297.3","90.7","34.7","382.58","52.2","8.9","170.5","382.1","86.9","227.43","434.3","95.8","220.58","110.4","15.7","142.21","2.8","0.5","178.57","0.0","0.0","0.0","0.0","0.0","0.0","42.7","12.9","302.11","37.0","9.7","262.16","107.6","11.2","104.09","25.0","4.9","196.0","1.6","0.3","187.5","0.8","0.1","125.0","120.3","-1.0","-1.0","0.2","0.1","500.0","18.9","1.7","89.95","0.0","0.0","0.0","0.0","0.0","0.0","167.6","7.1","42.36","7.0","45.9","6557.14","134.1","9.7","72.33","4.2","3.0","7.2","0.2","1.0","1.6"
"108","1972","7","Maharashtra","Aurangabad","3.7","0.2","54.05","49.0","7.1","144.9","71.4","14.9","208.68","234.6","20.6","87.81","306.0","35.5","116.01","188.3","14.3","75.94","2.2","0.7","318.18","0.0","0.0","0.0","0.0","0.0","0.0","19.0","2.4","126.32","37.8","6.1","161.38","155.5","17.0","109.32","27.0","2.5","92.59","2.5","0.4","160.0","0.5","0.0","0.0","69.8","29.0","415.47","0.7","0.1","142.86","9.4","1.2","127.66","0.0","0.0","0.0","0.0","0.0","0.0","109.6","33.2","302.92","8.0","48.7","6087.5","132.7","5.3","39.94","4.5","1.9","6.4","0.2","0.5","1.8"
"108","1973","7","Maharashtra","Aurangabad","5.3","3.1","584.91","86.4","40.9","473.38","81.8","23.9","292.18","316.0","148.1","468.67","397.8","172.0","432.38","301.3","77.5","257.22","2.8","1.1","392.86","0.0","0.0","0.0","0.0","0.0","0.0","28.0","13.3","475.0","40.4","11.1","274.75","180.1","38.5","213.77","31.3","19.3","616.61","3.5","0.6","171.43","0.6","0.1","166.67","93.0","41.9","450.54","0.7","0.1","142.86","17.6","3.3","187.5","0.0","0.0","0.0","0.0","0.0","0.0","150.3","65.3","434.46","9.8","63.0","6428.57","137.0","10.3","75.18","4.5","2.2","6.7","0.2","0.7","1.4"
"108","1974","7","Maharashtra","Aurangabad","5.7","2.5","438.6","73.9","48.7","659.0","61.8","37.4","605.18","349.1","162.9","466.63","410.9","200.3","487.47","217.4","59.4","273.23","3.5","1.4","400.0","0.0","0.0","0.0","0.0","0.0","0.0","36.0","12.1","336.11","44.4","23.8","536.04","171.5","47.0","274.05","26.9","11.7","434.94","4.5","0.7","155.56","0.5","0.1","200.0","97.0","43.7","450.52","1.0","0.2","200.0","31.4","7.5","238.85","0.0","0.0","0.0","0.0","0.0","0.0","170.8","63.9","374.12","12.8","91.0","7109.38","136.6","17.9","131.04","4.6","2.9","7.5","0.2","1.0","1.7"
"108","1975","7","Maharashtra","Aurangabad","6.5","5.7","876.92","92.4","119.0","1287.88","74.4","56.1","754.03","335.6","164.4","489.87","410.0","220.5","537.8","197.3","50.9","257.98","3.9","7.8","2000.0","0.0","0.0","0.0","0.0","0.0","0.0","41.1","17.8","433.09","52.6","22.8","433.46","182.5","52.6","288.22","26.6","15.4","578.95","4.3","0.7","162.79","0.6","0.1","166.67","98.2","40.2","409.37","1.0","0.2","200.0","28.9","5.0","173.01","0.0","0.0","0.0","0.0","0.0","0.0","170.4","61.6","361.5","13.9","110.3","7935.25","108.4","6.2","57.2","4.7","2.7","7.4","0.2","0.8","1.6"
"108","1976","7","Maharashtra","Aurangabad","7.7","6.7","870.13","97.8","75.9","776.07","103.4","119.9","1159.57","370.3","181.9","491.22","473.7","301.8","637.11","185.4","55.9","301.51","5.1","10.2","2000.0","0.0","0.0","0.0","0.0","0.0","0.0","40.2","11.3","281.09","50.7","12.4","244.58","210.0","62.0","295.24","30.8","11.2","363.64","4.4","0.6","136.36","0.9","0.2","222.22","110.5","36.1","326.7","0.7","0.1","142.86","24.3","5.4","222.22","0.0","0.0","0.0","0.0","0.0","0.0","169.7","53.6","315.85","19.0","119.9","6310.53","96.2","6.8","70.69","4.3","2.7","7.0","0.2","0.9","1.3"
"108","1977","7","Maharashtra","Aurangabad","9.0","10.5","1166.67","93.9","85.7","912.67","130.3","161.2","1237.15","355.1","178.7","503.24","485.4","339.9","700.25","187.8","67.8","361.02","7.0","10.4","1485.71","0.0","0.0","0.0","0.0","0.0","0.0","40.1","11.2","279.3","50.9","17.7","347.74","199.9","58.7","293.65","27.5","13.7","498.18","5.0","1.4","280.0","0.5","0.1","200.0","111.5","32.8","294.17","0.7","0.1","142.86","28.2","6.8","241.13","0.0","0.0","0.0","0.0","0.0","0.0","172.2","54.9","318.82","20.5","127.0","6195.12","111.0","10.9","98.2","3.0","2.4","5.4","0.1","0.9","1.0"
"108","1978","7","Maharashtra","Aurangabad","7.3","10.3","1410.96","90.2","88.1","976.72","118.4","125.9","1063.34","365.2","205.7","563.25","483.6","331.6","685.69","175.0","55.4","316.57","6.3","10.3","1634.92","0.0","0.0","0.0","0.0","0.0","0.0","38.1","13.4","351.71","52.5","22.1","420.95","201.2","62.4","310.14","31.3","14.3","456.87","4.7","1.3","276.6","0.8","0.2","250.0","110.6","54.8","495.48","0.7","0.1","142.86","20.9","4.6","220.1","0.0","0.0","0.0","0.0","0.0","0.0","156.1","75.3","482.38","19.4","152.0","7835.05","150.3","18.2","121.09","2.8","2.8","5.6","0.2","0.9","0.7"
"108","1979","7","Maharashtra","Aurangabad","8.6","5.7","662.79","91.2","65.0","712.72","116.2","127.8","1099.83","391.3","248.1","634.04","507.5","375.9","740.69","184.8","79.3","429.11","5.0","15.8","3160.0","0.0","0.0","0.0","0.0","0.0","0.0","39.9","15.6","390.98","50.2","25.9","515.94","198.6","59.1","297.58","28.2","24.7","875.89","6.0","1.4","233.33","0.6","0.1","166.67","112.1","36.6","326.49","0.6","0.1","166.67","25.3","5.7","225.3","0.0","0.0","0.0","0.0","0.0","0.0","153.3","68.6","447.49","13.8","116.8","8463.77","161.9","22.2","137.12","3.0","2.7","5.7","0.2","1.0","1.0"
"108","1980","7","Maharashtra","Aurangabad","8.6","9.3","1081.4","80.5","76.5","950.31","111.2","118.5","1065.65","352.2","157.2","446.34","463.4","275.7","594.95","185.6","87.6","471.98","5.0","5.4","1080.0","0.0","0.0","0.0","0.0","0.0","0.0","37.7","13.6","360.74","49.6","16.0","322.58","205.6","39.2","190.66","27.8","21.9","787.77","5.6","1.0","178.57","0.7","0.1","142.86","105.3","56.7","538.46","0.7","0.1","142.86","23.4","5.2","222.22","0.5","0.3","600.0","0.0","0.0","0.0","155.3","33.9","218.29","15.9","139.0","8742.14","166.9","16.6","99.46","3.1","3.0","6.1","0.2","1.0","1.0"
"108","1981","7","Maharashtra","Aurangabad","9.2","9.3","1010.87","96.1","82.2","855.36","131.4","159.5","1213.85","405.6","233.6","575.94","537.0","393.1","732.03","193.0","140.4","727.46","5.0","9.2","1840.0","0.0","0.0","0.0","0.0","0.0","0.0","40.6","16.0","394.09","50.7","27.7","546.35","210.0","62.9","299.52","26.4","17.8","674.24","5.2","0.9","173.08","0.5","0.1","200.0","129.5","73.6","568.34","0.4","0.1","250.0","26.7","7.6","284.64","0.4","0.2","500.0","0.0","0.0","0.0","179.6","87.7","488.31","18.6","172.1","9252.69","169.5","19.2","113.27","3.6","3.3","6.9","0.2","1.1","1.3"
"108","1982","7","Maharashtra","Aurangabad","8.5","4.9","576.47","91.1","65.1","714.6","122.2","128.8","1054.01","417.7","178.0","426.14","539.9","306.8","568.25","193.3","85.5","442.32","7.0","13.1","1871.43","0.0","0.0","0.0","0.0","0.0","0.0","38.4","13.4","348.96","51.7","16.3","315.28","209.7","70.5","336.19","27.9","16.2","580.65","5.7","1.3","228.07","0.6","0.1","166.67","127.3","52.8","414.77","0.7","0.1","142.86","27.6","5.6","202.9","1.8","0.8","444.44","0.0","0.0","0.0","179.8","74.7","415.46","24.1","215.5","8941.91","165.7","21.0","126.74","3.5","3.6","7.1","0.1","1.2","1.4"
"108","1983","7","Maharashtra","Aurangabad","8.5","7.0","823.53","109.4","102.7","938.76","126.8","153.1","1207.41","406.6","161.6","397.44","533.4","314.7","589.99","218.7","117.5","537.27","6.0","11.8","1966.67","0.0","0.0","0.0","0.0","0.0","0.0","43.5","19.2","441.38","52.9","27.1","512.29","180.0","68.8","382.22","31.7","24.5","772.87","5.7","1.3","228.07","0.7","0.2","285.71","130.0","82.1","631.54","0.7","0.1","142.86","28.9","7.5","259.52","1.9","1.0","526.32","0.0","0.0","0.0","185.0","104.0","562.16","16.9","142.2","8414.2","168.0","10.6","63.1","3.3","3.7","7.0","0.3","1.2","1.5"
"108","1984","7","Maharashtra","Aurangabad","8.1","4.5","555.56","83.0","50.4","607.23","130.7","90.9","695.49","429.9","122.3","284.48","560.6","213.2","380.31","211.4","56.0","264.9","7.3","12.5","1712.33","0.0","0.0","0.0","0.0","0.0","0.0","45.6","11.5","252.19","56.5","23.7","419.47","184.7","72.4","391.99","26.7","13.6","509.36","5.1","1.3","254.9","0.7","0.2","285.71","140.3","83.0","591.59","0.6","0.1","166.67","28.7","7.9","275.26","7.3","2.9","397.26","0.0","0.0","0.0","186.5","85.5","458.45","19.2","192.8","10041.67","168.6","24.9","147.69","4.1","4.1","8.2","0.3","1.3","1.9"
"108","1985","7","Maharashtra","Aurangabad","6.5","3.2","492.31","61.4","34.4","560.26","124.8","75.1","601.76","440.5","131.9","299.43","565.3","207.0","366.18","216.7","69.7","321.64","6.8","9.6","1411.76","0.0","0.0","0.0","0.0","0.0","0.0","46.6","15.3","328.33","59.5","13.7","230.25","198.7","58.6","294.92","22.4","4.4","196.43","5.1","1.0","196.08","0.3","0.1","333.33","146.4","53.8","367.49","0.4","0.1","250.0","29.3","6.1","208.19","15.5","9.3","600.0","0.0","0.0","0.0","235.2","80.0","340.14","14.8","140.7","9506.76","180.5","27.4","151.8","4.1","5.0","9.1","0.3","2.2","1.9"
"108","1986","7","Maharashtra","Aurangabad","6.0","2.0","333.33","41.0","29.0","707.32","138.2","138.9","1005.07","368.8","93.3","252.98","507.0","232.2","457.99","225.0","75.0","333.33","7.0","3.0","428.57","0.0","0.0","0.0","0.0","0.0","0.0","31.0","6.0","193.55","58.0","14.0","241.38","215.7","58.6","271.67","21.0","6.0","285.71","4.6","1.1","239.13","0.1","0.0","0.0","127.6","45.2","354.23","0.4","0.1","250.0","24.3","7.7","316.87","13.8","8.4","608.7","0.0","0.0","0.0","193.4","68.7","355.22","10.7","95.3","8906.54","176.0","12.0","68.18","4.4","4.7","9.1","0.3","1.5","1.4"
"108","1987","7","Maharashtra","Aurangabad","5.0","2.0","400.0","54.0","48.0","888.89","142.6","165.5","1160.59","396.9","259.2","653.06","539.5","424.7","787.21","238.0","149.0","626.05","10.0","4.0","400.0","0.0","0.0","0.0","0.0","0.0","0.0","46.0","19.0","413.04","60.0","32.0","533.33","171.6","54.8","319.35","20.0","11.0","550.0","5.7","1.4","245.61","0.0","0.0","0.0","147.6","71.9","487.13","0.4","0.2","500.0","30.9","9.3","300.97","19.4","7.4","381.44","0.0","0.0","0.0","225.7","102.1","452.37","16.3","154.9","9503.07","169.0","23.0","136.09","3.9","2.4","6.3","0.1","1.1","1.8"
"108","1988","7","Maharashtra","Aurangabad","5.5","3.3","600.0","72.5","84.5","1165.52","111.9","78.7","703.31","387.0","217.2","561.24","498.9","295.9","593.1","271.5","113.0","416.21","13.7","6.6","481.75","0.0","0.0","0.0","0.0","0.0","0.0","55.1","32.0","580.76","74.6","33.6","450.4","155.2","68.1","438.79","17.3","20.2","1167.63","32.9","10.3","313.07","0.2","0.0","0.0","133.5","53.9","403.75","0.0","0.0","0.0","26.8","7.3","272.39","25.6","11.5","449.22","0.0","0.0","0.0","240.5","98.8","410.81","21.9","197.4","9013.7","163.6","19.6","119.8","5.7","7.4","13.1","0.2","3.4","27.9"
"108","1989","7","Maharashtra","Aurangabad","5.2","4.3","826.92","76.8","75.4","981.77","119.6","165.7","1385.45","403.3","297.1","736.67","522.9","462.8","885.06","273.0","164.8","603.66","13.5","10.4","770.37","0.0","0.0","0.0","0.0","0.0","0.0","59.2","33.2","560.81","84.7","42.7","504.13","181.7","70.6","388.55","24.7","20.0","809.72","24.3","3.6","148.15","0.0","0.0","0.0","133.3","78.1","585.9","0.5","0.2","400.0","30.4","5.6","184.21","0.0","0.0","0.0","0.0","0.0","0.0","232.6","123.3","530.09","35.6","325.0","9129.21","184.0","27.2","147.83","6.6","8.8","15.4","0.2","3.8","27.4"
"108","1990","7","Maharashtra","Aurangabad","4.5","3.2","711.11","78.5","73.2","932.48","128.6","143.8","1118.2","379.0","256.2","675.99","507.6","400.0","788.02","271.3","168.5","621.08","13.1","10.4","793.89","0.0","0.0","0.0","0.0","0.0","0.0","60.5","33.0","545.45","94.6","19.7","208.25","172.3","71.9","417.3","29.0","26.9","927.59","21.0","5.7","271.43","0.7","0.3","428.57","136.3","56.3","413.06","0.4","0.2","500.0","34.3","8.3","241.98","26.9","17.8","661.71","0.0","0.0","0.0","249.8","114.6","458.77","40.0","343.42","8585.5","191.7","27.44","143.14","6.3","6.8","13.1","0.2","1.5","1.9"
"108","1991","7","Maharashtra","Aurangabad","4.7","1.5","319.15","58.6","45.0","767.92","116.3","78.4","674.12","196.9","85.5","434.23","313.2","163.9","523.31","264.0","107.1","405.68","16.1","17.1","1062.11","0.0","0.0","0.0","0.0","0.0","0.0","36.4","15.3","420.33","94.6","22.9","242.07","171.7","43.0","250.44","27.5","10.6","385.45","19.5","3.9","200.0","0.9","0.5","555.56","56.1","16.8","299.47","0.5","0.2","400.0","22.6","2.7","119.47","18.6","6.3","338.71","0.3","0.2","666.67","130.6","37.8","289.43","40.4","257.67","6377.97","194.7","13.98","71.8","5.2","5.3","10.5","0.1","1.6","3.4"
"108","1992","7","Maharashtra","Aurangabad","3.6","2.5","694.44","64.3","82.1","1276.83","116.9","190.4","1628.74","322.3","233.2","723.55","439.2","423.6","964.48","261.2","246.6","944.1","67.0","128.4","1916.42","0.0","0.0","0.0","0.0","0.0","0.0","54.0","26.9","498.15","92.1","30.5","331.16","197.9","111.5","563.42","23.9","18.0","753.14","16.8","6.3","375.0","0.4","0.2","500.0","89.8","40.3","448.78","0.3","0.1","333.33","15.1","2.9","192.05","41.5","22.2","534.94","1.6","1.6","1000.0","192.0","92.2","480.21","38.0","242.34","6377.37","166.5","21.42","128.65","5.6","5.5","11.1","0.2","1.5","3.4"
"108","1993","7","Maharashtra","Aurangabad","3.8","2.8","736.84","70.0","94.1","1344.29","106.1","148.1","1395.85","394.5","272.4","690.49","500.6","420.5","839.99","259.0","260.4","1005.41","71.5","129.9","1816.78","0.0","0.0","0.0","0.0","0.0","0.0","60.6","40.2","663.37","87.6","25.3","288.81","166.9","91.7","549.43","26.1","17.7","678.16","17.2","7.2","418.6","0.9","0.3","333.33","91.8","44.9","489.11","0.0","0.0","0.0","9.7","2.8","288.66","52.2","32.9","630.27","6.5","8.7","1338.46","205.2","114.7","558.97","29.6","222.34","7511.49","168.6","24.45","145.02","5.2","4.5","9.7","0.2","1.7","3.6"
"108","1994","7","Maharashtra","Aurangabad","4.5","3.2","711.11","68.6","83.9","1223.03","85.2","107.8","1265.26","390.1","246.3","631.38","475.3","354.1","745.0","252.4","152.1","602.61","85.1","140.3","1648.65","0.0","0.0","0.0","0.0","0.0","0.0","61.6","38.7","628.25","88.1","27.9","316.69","163.7","41.1","251.07","22.9","13.8","602.62","18.1","3.9","215.47","1.0","0.2","200.0","76.9","46.4","603.38","0.0","0.0","0.0","10.0","3.0","300.0","50.1","27.3","544.91","11.8","11.5","974.58","193.2","106.6","551.76","54.5","439.1","8056.88","209.8","33.33","158.87","5.5","5.3","10.8","0.2","1.8","3.7"
"108","1995","7","Maharashtra","Aurangabad","3.1","1.3","419.35","42.7","47.9","1121.78","81.4","87.0","1068.8","368.8","219.9","596.26","450.2","306.9","681.7","247.6","156.9","633.68","61.5","97.7","1588.62","0.2","0.3","1500.0","0.0","0.0","0.0","46.4","19.9","428.88","86.6","22.2","256.35","134.1","44.7","333.33","16.4","10.3","628.05","13.6","3.3","242.65","0.0","0.0","0.0","73.8","38.8","525.75","0.0","0.0","0.0","11.1","3.3","297.3","34.7","23.7","683.0","9.3","14.0","1505.38","163.7","94.5","577.28","54.1","368.71","6815.34","256.9","31.48","122.54","14.2","5.1","19.3","0.2","1.9","2.9"
"108","1996","7","Maharashtra","Aurangabad","3.6","2.7","750.0","51.6","68.0","1317.83","79.2","142.6","1800.51","369.9","258.6","699.11","449.1","401.2","893.34","269.8","312.5","1158.27","71.2","115.1","1616.57","0.0","0.0","0.0","0.0","0.0","0.0","50.5","28.6","566.34","89.7","39.7","442.59","113.6","58.8","517.61","18.4","19.5","1059.78","13.3","3.6","270.68","0.0","0.0","0.0","77.5","40.9","527.74","0.0","0.0","0.0","9.7","2.8","288.66","37.5","23.5","626.67","7.5","7.8","1040.0","168.3","99.1","588.83","23.1","158.56","6864.07","264.1","42.04","159.18","14.7","4.9","19.6","0.2","1.9","3.0"
"108","1997","7","Maharashtra","Aurangabad","3.5","4.5","1285.71","57.6","47.1","817.71","64.4","71.8","1114.91","353.8","179.3","506.78","418.2","251.1","600.43","229.5","180.5","786.49","73.4","109.7","1494.55","0.0","0.0","0.0","0.0","0.0","0.0","54.8","18.5","337.59","76.3","9.5","124.51","117.0","29.5","252.14","18.2","10.9","598.9","9.1","1.7","186.81","3.8","0.2","52.63","75.9","7.2","94.86","1.0","0.4","400.0","9.5","1.5","157.89","32.1","11.3","352.02","6.5","4.6","707.69","158.6","33.5","211.22","15.9","156.45","9839.62","317.0","34.02","107.32","14.0","5.0","19.0","0.2","1.7","3.1"
"108","1998","7","Maharashtra","Aurangabad","2.3","1.0","434.78","81.4","114.9","1411.55","64.3","85.8","1334.37","300.9","208.2","691.92","365.2","294.0","805.04","211.8","181.0","854.58","81.7","174.6","2137.09","0.0","0.0","0.0","0.0","0.0","0.0","64.2","36.5","568.54","86.9","50.4","579.98","113.4","60.0","529.1","16.2","10.8","666.67","9.7","2.5","257.73","0.9","0.1","111.11","58.2","30.4","522.34","3.1","0.8","258.06","8.1","2.8","345.68","39.4","18.0","456.85","7.9","8.9","1126.58","141.9","73.9","520.79","22.5","192.61","8560.44","315.2","54.69","173.51","12.4","5.8","18.2","0.1","2.2","3.4"
"108","1999","7","Maharashtra","Aurangabad","2.2","1.1","500.0","77.4","108.7","1404.39","65.0","75.4","1160.0","332.4","270.1","812.58","397.4","345.5","869.4","223.4","185.0","828.11","85.3","148.6","1742.09","0.0","0.0","0.0","0.0","0.0","0.0","66.3","37.3","562.59","89.5","39.8","444.69","116.7","62.2","532.99","16.2","10.2","629.63","10.0","3.2","320.0","0.8","0.2","250.0","48.7","23.8","488.71","2.4","0.5","208.33","8.7","2.0","229.89","37.7","21.6","572.94","7.7","11.3","1467.53","131.9","72.9","552.69","33.2","249.53","7515.96","327.9","39.68","121.01","14.5","6.6","21.1","0.2","2.4","3.2"
"108","2000","7","Maharashtra","Aurangabad","1.8","1.1","611.11","48.1","89.4","1858.63","55.2","53.0","960.14","352.2","222.2","630.89","407.4","275.2","675.5","254.2","196.3","772.23","120.1","115.4","960.87","0.0","0.0","0.0","0.0","0.0","0.0","35.1","16.6","472.93","98.2","31.8","323.83","135.2","50.5","373.52","16.0","8.5","531.25","12.7","3.1","244.09","1.0","0.2","200.0","43.3","14.4","332.56","2.7","0.9","333.33","7.0","1.8","257.14","17.4","8.3","477.01","9.0","5.5","611.11","110.7","43.0","388.44","34.4","252.26","7333.14","270.6","25.29","93.46","15.4","2.8","18.2","0.2","2.6","3.7"
"108","2001","7","Maharashtra","Aurangabad","1.1","0.7","636.36","57.9","76.5","1321.24","50.5","57.8","1144.55","378.9","272.3","718.66","429.4","330.1","768.75","214.1","141.6","661.37","119.1","214.9","1804.37","0.0","0.0","0.0","0.0","0.0","0.0","57.1","30.8","539.4","74.8","32.5","434.49","115.1","37.0","321.46","8.2","4.4","536.59","9.0","2.0","222.22","0.8","0.2","250.0","49.4","28.1","568.83","1.0","0.21","210.0","6.3","1.3","206.35","16.8","6.7","398.81","7.0","5.9","842.86","99.9","49.1","491.49","23.0","131.87","5733.48","298.5","46.74","156.58","13.8","2.5","16.3","0.2","2.3","4.3"
"108","2002","7","Maharashtra","Aurangabad","1.2","0.3","250.0","61.0","84.5","1385.25","40.8","57.2","1401.96","302.4","226.3","748.35","343.2","283.5","826.05","236.3","215.0","909.86","141.8","331.4","2337.09","0.0","0.0","0.0","0.0","0.0","0.0","56.5","35.5","628.32","88.0","41.9","476.14","111.1","66.9","602.16","9.7","7.3","752.58","9.3","2.9","311.83","1.3","0.3","230.77","36.4","18.4","505.49","0.9","0.2","222.22","3.4","0.7","205.88","24.0","10.7","445.83","8.9","14.3","1606.74","95.4","55.21","578.72","28.0","185.7","6632.14","280.4","46.84","167.05","15.9","2.5","18.4","0.2","2.3","4.9"
"108","2003","7","Maharashtra","Aurangabad","1.3","0.5","384.62","49.6","64.1","1292.34","34.8","46.0","1321.84","324.5","140.8","433.9","359.3","186.8","519.9","203.2","185.8","914.37","153.7","357.0","2322.71","0.0","0.0","0.0","0.0","0.0","0.0","49.8","21.7","435.74","85.9","32.5","378.35","105.2","59.9","569.39","10.2","5.4","529.41","10.2","2.6","254.9","0.8","0.23","287.5","37.8","16.2","428.57","0.0","0.0","0.0","4.0","1.1","275.0","20.9","7.3","349.28","16.3","21.0","1288.34","102.8","54.38","528.99","15.7","71.7","4566.88","324.9","52.26","160.85","13.9","0.6","14.5","0.2","0.4","0.0"
"108","2004","7","Maharashtra","Aurangabad","0.8","0.4","500.0","55.9","74.6","1334.53","25.3","27.5","1086.96","324.7","223.7","688.94","350.0","251.2","717.71","202.2","173.0","855.59","152.7","282.3","1848.72","0.0","0.0","0.0","0.0","0.0","0.0","52.5","31.2","594.29","86.1","40.3","468.06","97.5","32.54","333.74","11.3","8.1","716.81","8.6","1.9","220.93","1.1","0.2","181.82","36.5","26.2","717.81","0.0","0.0","0.0","4.3","0.9","209.3","24.3","12.2","502.06","21.6","20.4","944.44","110.9","70.87","639.04","11.0","86.55","7868.18","383.5","79.85","208.21","26.3","3.2","29.5","0.2","3.02","0.0"
"108","2005","7","Maharashtra","Aurangabad","0.1","0.1","1000.0","64.8","101.8","1570.99","25.2","32.9","1305.56","317.7","253.6","798.24","342.9","286.5","835.52","207.6","227.3","1094.89","158.2","392.9","2483.57","0.0","0.0","0.0","0.0","0.0","0.0","57.2","40.6","709.79","99.0","59.3","598.99","75.8","36.0","474.93","10.4","7.5","721.15","5.1","1.3","254.9","0.6","0.15","250.0","32.4","31.6","975.31","0.0","0.0","0.0","3.6","0.9","250.0","24.0","10.2","425.0","38.8","46.0","1185.57","120.6","99.4","824.21","21.0","137.04","6525.71","466.2","100.83","216.28","22.4","3.3","25.7","0.2","2.76","0.0"
"108","2006","7","Maharashtra","Aurangabad","0.1","0.1","1000.0","94.8","176.7","1863.92","21.7","32.3","1488.48","329.3","333.4","1012.45","351.0","365.7","1041.88","195.7","216.0","1103.73","172.1","433.91","2521.27","0.0","0.0","0.0","0.0","0.0","0.0","70.8","60.5","854.52","95.5","83.0","869.11","86.1","42.6","494.77","10.8","8.2","759.26","8.2","1.7","207.32","1.5","0.32","213.33","36.4","30.4","835.16","0.8","0.27","337.5","4.6","1.2","260.87","25.0","12.6","504.0","40.6","52.4","1290.64","129.4","107.39","829.91","35.1","313.36","8927.64","515.4","170.17","330.17","0.0","0.0","0.0","0.0","2.79","0.0"
"108","2007","7","Maharashtra","Aurangabad","0.0","0.0","0.0","73.3","153.4","2092.77","16.1","21.86","1357.76","257.1","272.2","1058.73","273.2","294.06","1076.35","163.3","191.83","1174.71","177.9","524.72","2949.52","0.0","0.0","0.0","0.0","0.0","0.0","64.0","56.8","887.5","90.8","75.2","828.19","87.0","49.79","572.3","10.4","10.3","990.38","5.8","1.1","189.66","0.8","0.24","300.0","22.3","18.5","829.6","0.8","0.35","437.5","3.3","1.0","303.03","19.9","11.03","554.27","43.3","59.0","1362.59","107.9","101.82","943.65","59.4","461.29","7765.82","573.6","227.62","396.83","0.0","0.0","0.0","0.0","3.26","0.0"
"108","2008","7","Maharashtra","Aurangabad","0.0","0.0","0.0","62.4","107.9","1729.17","7.3","9.0","1232.88","337.5","314.3","931.26","344.8","323.3","937.65","140.9","125.4","889.99","175.3","412.42","2352.65","0.0","0.0","0.0","0.0","0.0","0.0","67.9","52.1","767.3","62.2","40.5","651.13","41.6","10.75","258.41","4.7","3.8","808.51","2.2","0.3","136.36","0.0","0.0","0.0","23.2","17.0","732.76","0.0","0.0","0.0","2.3","0.3","130.43","10.3","5.4","524.27","43.6","28.1","644.5","87.7","55.42","631.93","37.9","276.81","7303.69","537.6","139.71","259.88","0.0","0.0","0.0","0.0","0.0","0.0"
"108","2009","7","Maharashtra","Aurangabad","0.0","0.0","0.0","67.7","128.11","1892.32","13.0","17.71","1362.31","316.9","337.35","1064.53","329.9","355.05","1076.24","161.5","158.23","979.75","187.9","465.19","2475.73","0.0","0.0","0.0","0.0","0.0","0.0","79.6","68.7","863.07","96.0","77.24","804.58","61.85","18.26","295.23","5.3","4.73","892.45","5.6","1.23","219.64","0.0","0.0","0.0","21.2","11.87","559.91","0.5","0.15","300.0","1.4","0.27","192.86","10.0","5.69","569.0","44.4","51.31","1155.63","88.5","74.96","847.01","31.8","284.82","8956.6","572.1","172.34","301.24","0.0","0.0","0.0","0.0","0.0","0.0"
"108","2010","7","Maharashtra","Aurangabad","0.01","0.02","2000.0","106.2","209.98","1977.21","11.3","20.03","1772.57","211.5","161.69","764.49","222.8","181.72","815.62","131.1","170.8","1302.82","206.8","705.78","3412.86","0.0","0.0","0.0","0.0","0.0","0.0","86.0","75.03","872.44","113.87","107.42","943.36","71.0","50.04","704.79","7.4","6.33","855.41","2.0","0.54","270.0","0.0","0.0","0.0","11.5","8.07","701.74","0.4","0.17","425.0","1.0","0.39","390.0","8.3","4.34","522.89","57.0","96.33","1690.0","88.5","116.45","1315.82","42.6","315.22","7399.53","636.2","281.5","442.47","0.0","0.0","0.0","0.0","0.0","0.0"
"108","2011","7","Maharashtra","Aurangabad","0.0","0.0","0.0","60.6","103.24","1703.63","7.72","13.85","1794.04","168.1","125.35","745.69","175.82","139.2","791.72","94.9","115.0","1211.8","208.6","637.84","3057.72","0.0","0.0","0.0","0.0","0.0","0.0","62.4","44.03","705.61","88.8","56.53","636.6","40.1","20.35","507.48","6.2","4.98","803.23","1.4","0.26","185.71","0.0","0.0","0.0","3.8","2.39","628.95","0.0","0.0","0.0","0.2","0.04","200.0","2.6","1.39","534.62","68.1","101.11","1484.73","82.6","110.39","1336.44","38.8","301.16","7761.86","686.2","208.0","303.12","49.18","11.56","60.75","0.11","8.14","0.0"
"108","2012","7","Maharashtra","Aurangabad","0.0","0.0","0.0","30.8","24.4","792.21","7.5","8.03","1070.67","189.9","91.24","480.46","197.4","49.13","248.89","94.6","58.69","620.4","215.24","409.82","1904.01","0.0","0.0","0.0","0.0","0.0","0.0","50.8","11.5","226.38","82.5","22.78","276.12","36.73","5.15","140.21","6.01","3.31","550.75","1.2","0.29","241.67","0.0","0.0","0.0","2.1","0.45","214.29","1.7","0.35","205.88","0.0","0.0","0.0","1.3","0.52","400.0","70.2","49.41","703.85","82.91","54.39","656.01","27.6","143.35","5193.84","668.3","96.67","144.65","60.06","6.33","66.39","9.65","0.34","0.0"
"108","2013","7","Maharashtra","Aurangabad","0.0","0.0","0.0","45.2","67.9","1502.21","5.2","8.4","1615.38","197.6","154.2","780.36","202.8","162.6","801.78","47.7","58.1","1218.03","258.7","997.3","3855.04","0.0","0.0","0.0","0.0","0.0","0.0","69.8","56.2","805.16","72.8","74.3","1020.6","87.9","72.5","824.8","5.5","5.97","1085.45","0.9","0.3","333.33","0.0","0.0","0.0","2.2","4.47","2031.82","0.5","0.2","400.0","0.0","0.0","0.0","1.1","0.54","490.91","86.1","136.1","1580.72","134.4","204.4","1520.83","28.1","214.29","7625.98","721.4","309.15","428.54","0.0","0.0","0.0","0.0","0.0","0.0"
"108","2014","7","Maharashtra","Aurangabad","0.0","0.0","0.0","37.3","35.4","949.06","4.8","2.0","416.67","130.2","51.4","394.78","135.0","53.4","395.56","68.6","31.9","465.01","261.9","221.0","843.83","0.0","0.0","0.0","0.0","0.0","0.0","68.9","23.1","335.27","80.1","20.6","257.18","73.1","12.6","172.37","4.9","1.2","244.9","0.0","0.0","0.0","0.0","0.0","0.0","0.6","0.2","333.33","0.1","0.0","0.0","0.0","0.0","0.0","0.2","0.0","0.0","128.0","48.8","381.25","134.0","50.3","375.37","35.0","193.97","5542.0","716.8","72.61","101.3","0.0","0.0","0.0","0.0","0.0","0.0"
"108","2015","7","Maharashtra","Aurangabad","0.0","0.0","0.0","43.8","41.6","949.77","4.4","1.6","363.64","232.8","72.8","312.71","237.2","74.4","313.66","74.6","28.2","378.02","284.8","297.2","1043.54","0.0","0.0","0.0","0.0","0.0","0.0","76.6","25.6","334.2","91.1","22.2","243.69","71.2","8.3","116.58","5.81","2.25","387.26","0.63","0.06","95.24","0.0","0.0","0.0","1.4","0.35","250.0","0.15","0.04","266.67","0.0","0.0","0.0","0.23","0.01","43.48","141.1","66.9","474.13","149.7","69.7","465.6","41.4","200.48","4842.51","744.1","75.67","101.69","0.0","0.0","0.0","0.0","0.0","0.0"
"108","2016","7","Maharashtra","Aurangabad","6.5","3.1","476.92","103.6","198.4","1915.06","5.8","7.2","1241.38","249.1","243.9","979.12","254.9","251.1","985.09","73.9","76.4","1033.83","138.3","435.4","3148.23","0.0","0.0","0.0","0.0","0.0","0.0","122.7","140.8","1147.51","106.9","132.89","1243.14","87.9","62.41","710.0","7.9","6.9","873.42","0.56","0.1","182.95","1.1","0.25","227.27","0.8","0.4","500.0","0.8","0.12","150.0","0.01","0.0","266.67","0.16","0.03","177.22","142.1","202.6","1425.76","0.0","0.0","0.0","31.07","148.47","4777.95","772.9","304.4","393.84","0.0","0.0","0.0","0.0","0.0","0.0"
"108","2017","7","Maharashtra","Aurangabad","0.0","0.0","0.0","103.1","153.6","1489.82","3.5","4.85","1384.57","248.6","174.3","701.13","252.1","179.15","710.61","73.7","49.5","671.64","112.65","228.3","2026.58","0.0","0.0","0.0","0.0","0.0","0.0","145.6","100.8","692.31","118.3","95.2","804.73","50.97","12.69","248.96","9.0","6.4","711.11","0.52","0.08","149.51","0.2","0.04","215.0","0.64","0.6","937.5","1.8","0.31","172.22","0.0","0.0","0.0","0.15","0.12","794.52","141.6","92.0","649.72","0.0","0.0","0.0","45.12","259.03","5741.29","800.89","106.16","132.56","0.0","0.0","0.0","0.0","0.0","0.0"
"109","1966","7","Maharashtra","Parbhani","17.0","3.0","176.47","62.0","20.0","322.58","157.8","58.9","373.26","213.4","103.6","485.47","371.2","162.5","437.77","4.0","1.0","250.0","1.0","0.6","600.0","0.8","0.0","0.0","0.0","0.0","0.0","25.0","7.0","280.0","40.0","16.0","400.0","385.1","33.3","86.47","37.0","11.0","297.3","2.8","0.9","321.43","0.7","0.1","142.86","36.58","-1.0","-1.0","0.2","0.0","0.0","17.1","2.8","163.74","0.0","0.0","0.0","0.0","0.0","0.0","192.8","14.8","76.76","1.5","10.2","6800.0","233.0","16.0","68.67","2.27","1.78","4.05","0.04","0.61","0.0"
"109","1967","7","Maharashtra","Parbhani","12.0","6.0","500.0","45.0","18.0","400.0","177.5","106.6","600.56","211.8","136.8","645.89","389.3","243.4","625.22","4.0","1.0","250.0","1.0","0.7","700.0","0.9","0.0","0.0","0.0","0.0","0.0","27.0","7.0","259.26","48.0","23.0","479.17","390.6","36.4","93.19","12.0","11.0","916.67","3.3","0.8","242.42","0.7","0.1","142.86","37.11","-1.0","-1.0","0.7","0.1","142.86","15.5","3.7","238.71","0.0","0.0","0.0","0.0","0.0","0.0","178.2","15.7","88.1","2.4","11.6","4833.33","261.0","23.0","88.12","2.35","1.46","3.8","0.04","0.45","0.12"
"109","1968","7","Maharashtra","Parbhani","11.7","8.0","683.76","46.2","21.0","454.55","157.8","94.8","600.76","191.0","79.2","414.66","348.8","174.0","498.85","6.6","2.0","303.03","0.8","0.0","0.0","0.8","0.0","0.0","0.0","0.0","0.0","27.6","7.0","253.62","47.7","24.0","503.14","131.7","41.7","316.63","9.4","8.0","851.06","3.3","0.7","212.12","0.8","0.1","125.0","38.8","-1.0","-1.0","0.1","0.0","0.0","15.7","3.7","235.67","0.0","0.0","0.0","0.0","0.0","0.0","72.1","12.5","173.37","3.0","23.4","7800.0","264.1","20.0","75.73","2.4","1.1","3.5","0.0","0.3","0.0"
"109","1969","7","Maharashtra","Parbhani","13.1","6.9","526.72","47.9","20.2","421.71","158.3","41.7","263.42","181.0","119.6","660.77","339.3","161.3","475.39","9.4","3.3","351.06","0.8","0.3","375.0","0.0","0.0","0.0","0.0","0.0","0.0","27.0","6.7","248.15","48.8","21.8","446.72","157.6","44.8","284.26","11.1","7.5","675.68","4.9","1.0","204.08","0.8","0.1","125.0","42.4","-1.0","-1.0","0.2","0.0","0.0","17.8","3.5","196.63","0.0","0.0","0.0","0.0","0.0","0.0","81.9","12.1","147.74","3.2","21.2","6625.0","279.8","18.4","65.76","2.3","1.4","3.7","0.0","0.4","0.4"
"109","1970","7","Maharashtra","Parbhani","13.0","6.6","507.69","49.2","13.8","280.49","163.5","43.1","263.61","190.8","55.4","290.36","354.3","98.5","278.01","23.7","3.6","151.9","0.6","0.2","333.33","0.0","0.0","0.0","0.0","0.0","0.0","23.4","5.5","235.04","47.3","26.4","558.14","127.1","21.3","167.58","13.0","6.5","500.0","3.0","0.5","166.67","0.8","0.1","125.0","40.9","-1.0","-1.0","0.1","0.0","0.0","17.1","3.7","216.37","0.0","0.0","0.0","0.0","0.0","0.0","77.7","10.8","139.0","2.6","15.7","6038.46","265.6","5.3","19.95","2.0","0.9","2.9","0.0","0.2","0.7"
"109","1971","7","Maharashtra","Parbhani","9.2","2.6","282.61","69.5","28.2","405.76","78.1","24.4","312.42","240.0","44.4","185.0","318.1","68.8","216.28","12.3","1.8","146.34","0.4","0.1","250.0","0.0","0.0","0.0","0.0","0.0","0.0","40.9","11.7","286.06","32.5","8.5","261.54","102.7","13.4","130.48","7.9","4.7","594.94","4.5","0.5","111.11","0.9","0.2","222.22","75.5","-1.0","-1.0","0.2","0.1","500.0","32.3","7.9","244.58","0.0","0.0","0.0","0.0","0.0","0.0","124.6","13.4","107.54","2.4","14.2","5916.67","183.0","13.1","71.58","2.3","2.1","4.4","0.1","0.5","0.3"
"109","1972","7","Maharashtra","Parbhani","11.4","2.8","245.61","58.3","8.7","149.23","170.6","49.1","287.81","160.4","37.8","235.66","331.0","86.9","262.54","12.0","2.6","216.67","0.4","0.1","250.0","0.0","0.0","0.0","0.0","0.0","0.0","26.7","2.7","101.12","43.2","13.2","305.56","132.1","16.7","126.42","15.1","3.6","238.41","5.3","0.6","113.21","0.9","0.1","111.11","42.0","8.0","190.48","0.4","0.0","0.0","26.3","2.4","91.25","0.0","0.0","0.0","0.0","0.0","0.0","105.2","14.7","139.73","2.3","10.4","4521.74","214.9","12.9","60.03","2.4","1.4","3.8","0.0","0.4","0.2"
"109","1973","7","Maharashtra","Parbhani","12.6","7.9","626.98","62.0","27.3","440.32","197.7","55.1","278.71","202.7","99.6","491.37","400.4","154.7","386.36","25.1","7.5","298.8","0.4","0.2","500.0","0.0","0.0","0.0","0.0","0.0","0.0","31.0","9.4","303.23","42.4","26.6","627.36","140.2","26.8","191.16","14.6","9.0","616.44","3.7","0.7","189.19","0.8","0.1","125.0","42.0","14.7","350.0","0.4","0.1","250.0","26.4","6.6","250.0","0.0","0.0","0.0","0.0","0.0","0.0","105.3","31.2","296.3","2.7","15.8","5851.85","201.3","19.2","95.38","2.8","1.3","4.1","0.0","0.4","0.2"
"109","1974","7","Maharashtra","Parbhani","15.1","7.6","503.31","56.0","33.6","600.0","156.5","104.2","665.81","245.7","97.5","396.83","402.2","201.7","501.49","20.7","4.4","212.56","0.6","0.4","666.67","0.0","0.0","0.0","0.0","0.0","0.0","36.9","7.7","208.67","43.3","25.1","579.68","150.6","43.1","286.19","17.3","9.0","520.23","5.4","1.2","222.22","1.0","0.2","200.0","40.0","14.0","350.0","0.6","0.1","166.67","27.9","7.3","261.65","0.0","0.0","0.0","0.0","0.0","0.0","141.8","31.8","224.26","2.7","20.4","7555.56","222.3","28.3","127.31","3.1","1.8","4.9","0.0","0.6","0.0"
"109","1975","7","Maharashtra","Parbhani","20.4","35.3","1730.39","72.4","66.2","914.36","178.1","89.2","500.84","216.5","86.7","400.46","394.6","175.9","445.77","14.8","3.7","250.0","0.7","0.6","857.14","0.0","0.0","0.0","0.0","0.0","0.0","33.2","10.3","310.24","43.6","25.3","580.28","160.5","49.8","310.28","22.1","13.2","597.29","5.5","1.3","236.36","0.9","0.2","222.22","40.9","16.4","400.98","0.5","0.1","200.0","26.0","6.0","230.77","0.0","0.0","0.0","0.0","0.0","0.0","139.6","37.2","266.48","2.5","16.7","6680.0","196.0","6.7","34.18","3.1","2.1","5.2","0.0","0.7","0.0"
"109","1976","7","Maharashtra","Parbhani","23.7","24.6","1037.97","74.4","48.9","657.26","195.5","187.7","960.1","219.0","151.8","693.15","414.5","339.5","819.06","9.2","2.8","304.35","0.9","2.1","2333.33","0.0","0.0","0.0","0.0","0.0","0.0","32.9","10.0","303.95","43.9","19.2","437.36","158.4","53.9","340.28","20.6","8.4","407.77","5.0","0.8","160.0","0.4","0.1","250.0","75.3","32.0","424.97","0.5","0.4","800.0","30.4","5.9","194.08","0.0","0.0","0.0","0.0","0.0","0.0","138.5","47.6","343.68","4.9","20.9","4265.31","192.1","9.3","48.41","2.7","2.2","4.9","0.0","0.5","0.1"
"109","1977","7","Maharashtra","Parbhani","28.6","40.6","1419.58","71.1","47.8","672.29","192.9","180.4","935.2","221.7","98.6","444.75","414.6","279.0","672.94","13.8","6.0","434.78","1.3","1.8","1384.62","0.0","0.0","0.0","0.0","0.0","0.0","35.6","10.1","283.71","46.7","25.6","548.18","152.9","49.0","320.47","18.9","11.6","613.76","4.9","1.4","285.71","0.4","0.1","250.0","71.1","20.9","293.95","0.5","0.2","400.0","29.4","6.1","207.48","0.0","0.0","0.0","0.0","0.0","0.0","124.9","40.3","322.66","6.0","33.2","5533.33","203.2","19.3","94.98","3.5","4.4","7.9","0.0","0.8","0.6"
"109","1978","7","Maharashtra","Parbhani","23.4","33.8","1444.44","69.0","56.6","820.29","178.1","128.5","721.5","214.6","139.1","648.18","392.7","267.6","681.44","8.0","4.2","525.0","1.0","1.4","1400.0","0.0","0.0","0.0","0.0","0.0","0.0","34.0","10.4","305.88","51.4","35.7","694.55","160.3","41.0","255.77","17.3","8.8","508.67","5.3","1.5","283.02","0.4","0.1","250.0","68.2","18.1","265.4","0.7","0.1","142.86","28.5","5.8","203.51","0.0","0.0","0.0","0.0","0.0","0.0","127.1","34.4","270.65","5.1","25.8","5058.82","231.6","23.6","101.9","3.4","2.4","5.8","0.0","0.5","0.6"
"109","1979","7","Maharashtra","Parbhani","24.4","26.0","1065.57","63.7","53.0","832.03","180.3","225.1","1248.47","213.5","147.3","689.93","393.8","372.4","945.66","8.9","4.2","471.91","1.0","3.5","3500.0","0.0","0.0","0.0","0.0","0.0","0.0","35.6","12.1","339.89","52.0","40.6","780.77","154.3","33.8","219.05","15.6","15.2","974.36","6.8","1.6","235.29","0.4","0.1","250.0","66.0","21.6","327.27","0.5","0.1","200.0","28.5","6.1","214.04","0.0","0.0","0.0","0.0","0.0","0.0","121.2","44.7","368.81","3.6","19.8","5500.0","249.5","28.8","115.43","4.0","3.6","7.6","0.0","0.6","0.2"
"109","1980","7","Maharashtra","Parbhani","25.8","29.1","1127.91","64.4","54.0","838.51","184.1","134.4","730.04","208.8","105.1","503.35","392.9","239.5","609.57","9.7","5.0","515.46","1.0","3.3","3300.0","0.0","0.0","0.0","0.0","0.0","0.0","33.7","10.5","311.57","53.6","38.0","708.96","154.8","22.4","144.7","15.4","13.5","876.62","6.3","1.2","190.48","0.4","0.1","250.0","66.9","32.8","490.28","0.5","0.1","200.0","26.5","5.5","207.55","4.9","2.4","489.8","0.0","0.0","0.0","128.6","29.0","225.51","4.2","23.6","5619.05","257.1","21.5","83.63","4.1","2.8","6.9","0.0","0.6","0.2"
"109","1981","7","Maharashtra","Parbhani","23.9","32.7","1368.2","59.8","49.0","819.4","173.6","208.0","1198.16","176.5","133.7","757.51","350.1","341.7","976.01","8.9","3.1","348.31","1.0","1.9","1900.0","0.0","0.0","0.0","0.0","0.0","0.0","36.2","12.4","342.54","48.7","27.6","566.74","102.3","16.8","164.22","14.6","10.9","746.58","5.9","1.0","169.49","0.4","0.1","250.0","52.7","40.5","768.5","0.6","0.1","166.67","22.5","6.7","297.78","7.2","4.3","597.22","0.0","0.0","0.0","104.4","61.7","591.0","4.4","37.1","8431.82","261.2","24.9","95.33","4.2","3.0","7.2","0.0","0.7","0.2"
"109","1982","7","Maharashtra","Parbhani","22.7","15.3","674.01","58.2","46.9","805.84","171.1","207.4","1212.16","177.4","64.3","362.46","348.5","271.7","779.63","9.4","3.8","404.26","1.0","1.6","1600.0","0.0","0.0","0.0","0.0","0.0","0.0","34.3","10.4","303.21","49.3","24.9","505.07","104.0","18.4","176.92","15.4","10.0","649.35","6.5","1.5","230.77","0.8","0.2","250.0","55.7","41.8","750.45","0.6","0.2","333.33","22.2","5.6","252.25","6.5","3.8","584.62","0.0","0.0","0.0","96.8","57.6","595.04","5.4","48.3","8944.44","255.3","27.3","106.93","4.5","3.1","7.6","0.0","0.7","0.1"
"109","1983","7","Maharashtra","Parbhani","23.2","22.2","956.9","69.4","60.0","864.55","179.2","128.8","718.75","175.8","68.9","391.92","355.0","197.7","556.9","10.3","5.3","514.56","1.0","1.4","1400.0","0.0","0.0","0.0","0.0","0.0","0.0","38.9","14.9","383.03","51.1","30.9","604.7","91.9","17.1","186.07","17.5","15.1","862.86","6.5","1.5","230.77","0.8","0.2","250.0","60.2","51.0","847.18","0.5","0.1","200.0","22.6","6.0","265.49","14.6","4.5","308.22","0.0","0.0","0.0","92.4","63.1","682.9","4.0","23.8","5950.0","258.9","13.8","53.3","4.4","3.4","7.8","0.0","0.8","0.2"
"109","1984","7","Maharashtra","Parbhani","23.3","12.5","536.48","60.5","53.3","880.99","180.0","165.1","917.22","176.7","112.8","638.37","356.7","277.9","779.09","9.9","3.0","303.03","1.4","1.5","1071.43","0.0","0.0","0.0","0.0","0.0","0.0","38.4","12.0","312.5","52.4","36.5","696.56","98.4","15.4","156.5","17.5","15.7","897.14","7.5","1.9","253.33","0.6","0.2","333.33","62.8","48.8","777.07","0.6","0.1","166.67","22.1","6.1","276.02","22.3","9.5","426.01","0.0","0.0","0.0","104.2","65.7","630.52","5.1","27.5","5392.16","230.4","25.0","108.51","4.4","3.6","8.0","0.0","1.0","0.2"
"109","1985","7","Maharashtra","Parbhani","23.9","16.2","677.82","51.6","34.6","670.54","186.5","139.3","746.92","181.3","81.6","450.08","367.8","220.9","600.6","9.9","2.8","282.83","0.9","1.1","1222.22","0.0","0.0","0.0","0.0","0.0","0.0","40.5","14.7","362.96","55.8","41.0","734.77","108.6","35.1","323.2","9.6","7.8","812.5","7.6","1.6","210.53","0.6","0.2","333.33","67.7","41.2","608.57","0.5","0.2","400.0","22.2","5.7","256.76","21.3","6.8","319.25","0.0","0.0","0.0","139.4","74.0","530.85","5.3","29.6","5584.91","238.6","36.1","151.3","4.4","3.9","8.3","0.0","1.3","0.2"
"109","1986","7","Maharashtra","Parbhani","23.0","14.0","608.7","40.0","24.0","600.0","192.2","103.9","540.58","172.8","91.5","529.51","365.0","195.4","535.34","10.0","3.0","300.0","1.0","1.0","1000.0","0.0","0.0","0.0","0.0","0.0","0.0","37.0","10.0","270.27","58.0","30.0","517.24","145.8","29.6","203.02","9.0","4.0","444.44","7.6","1.9","250.0","0.4","0.1","250.0","67.9","43.8","645.07","0.5","0.1","200.0","21.4","3.2","149.53","19.6","6.5","331.63","0.0","0.0","0.0","126.4","64.0","506.33","4.4","22.4","5090.91","248.0","15.0","60.48","4.8","3.4","8.2","0.0","0.8","0.2"
"109","1987","7","Maharashtra","Parbhani","23.0","15.0","652.17","45.0","34.0","755.56","195.6","188.7","964.72","180.5","122.3","677.56","376.1","311.0","826.91","10.0","6.0","600.0","1.0","1.0","1000.0","0.0","0.0","0.0","0.0","0.0","0.0","38.0","14.0","368.42","60.0","43.0","716.67","144.0","63.2","438.89","25.0","31.0","1240.0","7.5","2.1","280.0","0.0","0.0","0.0","75.1","47.7","635.15","0.5","0.2","400.0","22.5","4.5","200.0","29.4","11.3","384.35","0.0","0.0","0.0","164.7","101.5","616.27","4.3","31.4","7302.33","254.0","26.0","102.36","5.6","1.2","6.8","0.2","0.5","0.0"
"109","1988","7","Maharashtra","Parbhani","24.3","22.8","938.27","52.4","52.7","1005.73","203.5","91.1","447.67","179.5","83.0","462.4","383.0","174.1","454.57","11.6","3.4","293.1","1.0","1.0","1000.0","0.0","0.0","0.0","0.0","0.0","0.0","41.7","21.0","503.6","71.7","42.1","587.17","163.1","48.1","294.91","55.4","71.0","1281.59","9.9","3.5","353.54","0.4","0.0","0.0","76.7","60.4","787.48","0.5","0.2","400.0","21.0","5.1","242.86","34.6","15.4","445.09","0.0","0.0","0.0","199.7","153.7","769.65","6.9","27.6","4000.0","273.1","19.0","69.57","5.0","5.3","10.3","0.1","1.2","0.1"
"109","1989","7","Maharashtra","Parbhani","25.2","23.8","944.44","50.4","58.8","1166.67","211.8","215.4","1017.0","187.2","132.6","708.33","399.0","348.0","872.18","12.3","6.2","504.07","2.4","1.7","708.33","0.0","0.0","0.0","0.0","0.0","0.0","38.1","20.3","532.81","70.5","56.4","800.0","140.9","36.3","257.63","55.7","79.6","1429.08","10.2","1.5","147.06","0.3","0.1","333.33","80.5","54.6","678.26","0.5","0.1","200.0","24.1","5.8","240.66","0.0","0.0","0.0","0.0","0.0","0.0","196.2","158.4","807.34","8.1","65.9","8135.8","251.0","32.9","131.08","4.7","6.4","11.1","0.1","1.4","0.1"
"109","1990","7","Maharashtra","Parbhani","26.1","25.9","992.34","53.0","45.0","849.06","219.4","242.4","1104.83","181.3","119.8","660.78","400.7","362.2","903.92","8.9","5.0","561.8","1.1","0.9","818.18","0.0","0.0","0.0","0.0","0.0","0.0","41.1","18.7","454.99","77.6","18.5","238.4","118.7","24.6","207.25","56.3","81.8","1452.93","10.1","2.5","247.52","0.3","0.1","333.33","82.2","28.0","340.63","0.4","0.2","500.0","24.0","4.6","191.67","35.9","17.8","495.82","0.2","0.2","1000.0","214.7","137.8","641.83","11.7","95.2","8136.75","266.0","22.22","83.53","6.0","4.9","10.9","0.1","0.8","0.0"
"109","1991","7","Maharashtra","Parbhani","25.3","10.0","395.26","37.9","38.2","1007.92","217.3","161.0","740.91","126.0","81.0","642.86","343.3","242.0","704.92","9.5","2.6","273.68","1.6","1.6","1000.0","0.0","0.0","0.0","0.0","0.0","0.0","26.9","11.3","420.07","72.9","26.1","358.02","124.3","23.7","190.67","15.7","15.9","1012.74","12.9","1.3","100.78","0.3","0.1","333.33","40.7","19.3","474.2","0.2","0.1","500.0","12.8","1.8","140.62","29.3","11.8","402.73","0.2","0.1","500.0","115.1","47.2","410.08","11.6","79.95","6892.24","280.1","15.52","55.41","5.5","2.6","8.1","0.1","0.5","0.3"
"109","1992","7","Maharashtra","Parbhani","22.5","17.8","791.11","39.6","42.8","1080.81","224.2","422.5","1884.48","162.5","108.9","670.15","386.7","531.4","1374.19","10.3","7.9","766.99","2.6","4.5","1730.77","0.0","0.0","0.0","0.0","0.0","0.0","34.5","15.7","455.07","64.6","25.5","394.74","138.1","78.0","564.81","21.6","27.1","1254.63","8.3","3.1","373.49","0.4","0.1","250.0","79.2","36.5","460.86","0.5","0.1","200.0","8.9","1.5","168.54","38.9","20.5","526.99","0.0","0.0","0.0","160.8","89.5","556.59","10.7","82.25","7686.92","268.7","27.06","100.71","24.7","2.7","27.4","0.0","0.6","4.8"
"109","1993","7","Maharashtra","Parbhani","23.3","19.0","815.45","46.5","63.5","1365.59","194.4","272.8","1403.29","184.8","157.8","853.9","379.2","430.6","1135.55","10.5","7.8","742.86","3.4","4.1","1205.88","0.0","0.0","0.0","0.0","0.0","0.0","41.1","28.1","683.7","78.0","44.9","575.64","119.0","56.4","473.95","29.8","42.2","1416.11","9.3","3.1","333.33","0.7","0.2","285.71","82.1","62.7","763.7","0.9","0.2","222.22","8.8","2.6","295.45","59.2","34.1","576.01","0.3","0.4","1333.33","193.0","146.0","756.48","9.7","67.44","6952.58","268.0","51.9","193.66","6.7","2.3","9.0","0.0","0.4","1.2"
"109","1994","7","Maharashtra","Parbhani","25.1","21.6","860.56","46.5","68.9","1481.72","185.9","258.3","1389.46","182.6","146.5","802.3","368.5","404.8","1098.51","8.6","6.0","697.67","2.6","3.5","1346.15","0.0","0.0","0.0","0.0","0.0","0.0","43.1","24.3","563.81","75.9","26.1","343.87","140.7","42.8","304.19","28.1","42.8","1523.13","7.5","1.6","213.33","0.7","0.1","142.86","84.4","47.2","559.24","2.0","0.5","250.0","9.0","1.8","200.0","48.1","25.9","538.46","5.1","6.9","1352.94","187.6","127.3","678.57","12.6","89.75","7123.02","286.8","51.92","181.03","6.8","2.4","9.2","0.0","0.4","0.9"
"109","1995","7","Maharashtra","Parbhani","25.5","15.6","611.76","42.9","62.3","1452.21","179.1","257.8","1439.42","172.1","132.1","767.58","351.2","389.9","1110.19","9.1","5.6","615.38","1.1","1.1","1000.0","0.0","0.0","0.0","0.0","0.0","0.0","40.7","20.8","511.06","75.5","35.0","463.58","119.9","35.7","297.75","8.9","8.8","988.76","7.2","2.0","277.78","0.0","0.0","0.0","79.5","44.0","553.46","0.0","0.0","0.0","7.4","1.9","256.76","39.7","22.8","574.31","9.1","10.5","1153.85","156.2","91.0","582.59","16.3","116.47","7145.4","321.4","42.55","132.39","5.8","2.5","8.3","0.0","0.4","0.7"
"109","1996","7","Maharashtra","Parbhani","23.8","15.9","668.07","48.3","87.8","1817.81","201.9","327.1","1620.11","168.2","132.7","788.94","370.1","459.8","1242.37","9.4","6.4","680.85","0.8","0.8","1000.0","0.0","0.0","0.0","0.0","0.0","0.0","44.9","27.3","608.02","76.9","40.7","529.26","115.7","44.1","381.16","15.3","20.0","1307.19","7.6","1.8","236.84","0.0","0.0","0.0","80.5","53.3","662.11","0.0","0.0","0.0","4.7","1.9","404.26","42.3","28.3","669.03","5.2","6.6","1269.23","160.2","113.5","708.49","16.0","103.33","6458.13","326.2","51.82","158.86","6.0","2.7","8.7","0.0","0.4","0.8"
"109","1997","7","Maharashtra","Parbhani","15.2","7.0","460.53","39.0","31.7","812.82","184.4","258.0","1399.13","171.1","57.4","335.48","355.5","315.4","887.2","9.4","4.3","457.45","1.5","2.2","1466.67","0.0","0.0","0.0","0.0","0.0","0.0","43.8","12.6","287.67","73.0","3.6","49.32","104.8","8.3","79.2","15.0","12.1","806.67","7.0","1.4","200.0","0.8","0.0","0.0","79.8","3.9","48.87","0.0","0.0","0.0","4.0","0.6","150.0","25.8","9.8","379.84","12.4","13.4","1080.65","147.1","33.7","229.1","13.4","115.9","8649.25","283.2","27.47","97.0","5.8","2.8","8.6","0.0","0.3","0.7"
"109","1998","7","Maharashtra","Parbhani","22.9","10.3","449.78","74.4","102.9","1383.06","181.6","202.5","1115.09","148.3","72.4","488.2","329.9","274.9","833.28","8.2","4.8","585.37","2.0","3.4","1700.0","0.0","0.0","0.0","0.0","0.0","0.0","68.0","32.7","480.88","73.3","56.2","766.71","114.1","41.7","365.47","12.5","15.7","1256.0","7.1","1.5","211.27","0.7","0.1","142.86","48.2","22.4","464.73","0.1","0.0","0.0","3.1","0.9","290.32","27.5","14.3","520.0","9.0","8.5","944.44","111.2","64.2","577.34","17.3","131.45","7598.27","330.0","47.91","145.18","10.6","3.4","14.0","0.0","0.6","0.9"
"109","1999","7","Maharashtra","Parbhani","24.1","13.2","547.72","86.6","110.6","1277.14","183.3","255.5","1393.89","157.2","116.4","740.46","340.5","371.9","1092.22","7.8","5.4","692.31","2.3","2.8","1217.39","0.0","0.0","0.0","0.0","0.0","0.0","78.8","45.0","571.07","73.9","40.8","552.1","117.6","35.3","300.17","13.3","15.8","1187.97","6.0","1.3","216.67","1.2","0.34","283.33","50.4","26.3","521.83","0.5","0.2","400.0","1.9","0.7","368.42","27.8","17.3","622.3","24.3","43.1","1773.66","128.0","105.49","824.14","30.9","253.37","8199.68","335.8","40.14","119.54","10.7","4.2","14.9","0.1","0.7","1.1"
"109","2000","7","Maharashtra","Parbhani","24.3","12.2","502.06","66.7","96.0","1439.28","188.6","238.6","1265.11","175.3","121.9","695.38","363.9","360.5","990.66","9.6","6.2","645.83","2.6","2.7","1038.46","0.0","0.0","0.0","0.0","0.0","0.0","52.8","25.9","490.53","77.4","35.3","456.07","135.7","31.6","232.87","8.3","7.3","879.52","6.8","1.3","191.18","1.1","0.3","272.73","52.8","22.6","428.03","1.8","0.5","277.78","2.3","0.7","304.35","29.3","18.2","621.16","31.8","36.7","1154.09","136.2","88.0","646.11","28.7","190.88","6650.87","306.7","24.32","79.3","11.9","1.3","13.2","0.1","1.1","1.6"
"109","2001","7","Maharashtra","Parbhani","24.1","15.0","622.41","73.1","113.3","1549.93","181.9","231.8","1274.33","188.9","150.1","794.6","370.8","381.9","1029.94","10.0","4.5","450.0","2.5","4.4","1760.0","0.0","0.0","0.0","0.0","0.0","0.0","60.8","33.4","549.34","77.4","47.7","616.28","137.5","44.7","325.09","8.7","10.1","1160.92","7.1","2.9","408.45","1.0","0.2","200.0","56.2","34.7","617.44","1.1","0.2","181.82","2.5","1.2","480.0","24.2","14.6","603.31","41.3","55.0","1331.72","144.6","119.47","826.21","28.5","234.58","8230.88","296.9","47.11","158.67","12.1","1.0","13.1","0.1","0.8","1.9"
"109","2002","7","Maharashtra","Parbhani","25.3","14.0","553.36","81.5","120.9","1483.44","172.9","256.6","1484.09","195.6","147.8","755.62","368.5","404.4","1097.42","10.4","8.8","846.15","2.9","3.1","1068.97","0.0","0.0","0.0","0.0","0.0","0.0","69.3","43.2","623.38","83.6","51.8","619.62","153.3","84.42","550.68","11.5","14.5","1260.87","7.1","2.7","380.28","0.8","0.2","250.0","65.4","34.4","525.99","0.7","0.11","157.14","2.9","0.7","241.38","27.2","17.1","628.68","58.9","95.3","1618.0","177.6","165.65","932.71","32.1","213.2","6641.74","276.7","47.89","173.08","11.7","0.8","12.5","0.1","0.6","1.9"
"109","2003","7","Maharashtra","Parbhani","19.1","8.4","439.79","78.0","105.4","1351.28","172.7","235.7","1364.79","202.2","124.8","617.21","374.9","360.5","961.59","10.8","7.8","722.22","3.1","2.1","677.42","0.0","0.0","0.0","0.0","0.0","0.0","73.3","38.4","523.87","83.4","49.0","587.53","136.7","75.9","555.23","7.2","7.7","1069.44","8.7","2.6","298.85","0.7","0.16","228.57","66.7","35.6","533.73","0.0","0.0","0.0","2.1","0.4","190.48","26.8","17.1","638.06","159.6","249.4","1562.66","275.6","313.99","1139.3","27.2","166.21","6110.66","257.2","57.58","223.87","13.8","0.7","14.5","0.1","0.5","0.0"
"109","2004","7","Maharashtra","Parbhani","17.7","4.9","276.84","62.4","66.8","1070.51","161.3","123.0","762.55","197.3","86.3","437.4","358.6","209.3","583.66","11.3","6.3","557.52","2.9","3.04","1048.28","0.0","0.0","0.0","0.0","0.0","0.0","67.9","26.5","390.28","88.4","38.8","438.91","131.4","37.83","287.9","3.6","2.4","666.67","8.2","1.5","182.93","0.5","0.2","400.0","67.3","21.7","322.44","0.0","0.0","0.0","2.2","1.0","454.55","26.4","11.8","446.97","177.8","133.8","752.53","290.0","173.21","597.28","15.8","92.12","5830.38","269.3","40.53","150.5","18.4","1.0","19.4","0.1","0.84","0.0"
"109","2005","7","Maharashtra","Parbhani","11.5","4.2","365.22","83.5","112.8","1350.9","148.6","177.2","1192.46","216.3","142.5","658.81","364.9","319.7","876.13","6.8","4.3","632.35","2.9","3.4","1172.41","0.0","0.0","0.0","0.0","0.0","0.0","83.7","51.7","617.68","71.3","46.6","653.58","89.3","35.96","402.69","16.7","16.6","994.01","10.2","2.7","264.71","1.0","0.26","260.0","73.8","38.8","525.75","0.0","0.0","0.0","2.3","0.6","260.87","30.1","16.7","554.82","208.1","250.6","1204.23","340.9","325.69","955.38","18.7","128.93","6894.65","239.3","49.94","208.69","19.4","1.6","21.0","0.1","0.78","0.0"
"109","2006","7","Maharashtra","Parbhani","12.1","5.2","429.75","102.0","156.8","1537.25","140.6","131.1","932.43","203.3","172.2","847.02","343.9","303.3","881.94","7.0","4.0","571.43","4.3","5.86","1362.79","0.0","0.0","0.0","0.0","0.0","0.0","100.1","73.5","734.27","83.9","60.6","722.29","111.6","32.47","290.95","18.3","19.7","1076.5","5.6","0.9","160.71","0.7","0.14","200.0","80.9","48.3","597.03","1.0","1.0","1000.0","2.4","0.7","291.67","29.7","17.27","581.48","209.5","205.6","981.38","350.7","294.11","838.64","35.6","273.66","7687.08","256.6","72.71","283.36","0.0","0.0","0.0","0.0","0.77","0.0"
"109","2007","7","Maharashtra","Parbhani","11.3","4.74","419.47","90.1","173.5","1925.64","129.2","193.64","1498.76","183.6","174.5","950.44","312.8","368.14","1176.92","6.5","4.42","680.0","3.2","4.6","1437.5","0.0","0.0","0.0","0.0","0.0","0.0","85.1","65.3","767.33","90.2","85.5","947.89","138.9","93.27","671.49","6.4","6.85","1070.31","5.4","1.1","203.7","0.5","0.12","240.0","72.1","50.9","705.96","0.7","0.18","257.14","1.9","0.6","315.79","24.8","19.44","783.87","193.6","314.4","1623.97","307.0","393.99","1283.36","36.6","260.51","7117.76","273.0","138.66","507.91","0.0","0.0","0.0","0.0","0.54","0.0"
"109","2008","7","Maharashtra","Parbhani","6.3","2.2","349.21","54.8","83.8","1529.2","94.3","109.2","1158.01","192.3","174.0","904.84","286.6","283.2","988.14","6.4","4.6","718.75","4.1","4.59","1119.51","0.0","0.0","0.0","0.0","0.0","0.0","69.9","41.4","592.27","90.8","57.1","628.85","102.0","32.53","318.92","4.9","5.2","1061.22","4.1","0.7","170.73","0.5","0.12","240.0","59.3","33.6","566.61","0.0","0.0","0.0","1.4","0.3","214.29","16.7","9.8","586.83","203.9","140.9","691.03","293.8","191.16","650.65","20.4","124.24","6090.2","310.1","92.87","299.48","0.0","0.0","0.0","0.0","0.0","0.0"
"109","2009","7","Maharashtra","Parbhani","4.3","1.51","351.16","51.8","68.1","1314.67","107.0","102.23","955.42","195.8","165.34","844.43","302.8","267.57","883.65","6.8","3.56","523.53","3.7","3.49","943.24","0.0","0.0","0.0","0.0","0.0","0.0","80.7","54.19","671.5","84.6","63.12","746.1","77.0","18.8","244.16","2.2","2.6","1181.82","4.8","1.15","239.58","0.6","0.19","316.67","57.5","36.61","636.7","0.3","0.05","166.67","1.8","0.4","222.22","14.8","7.22","487.84","240.9","205.9","854.71","324.4","254.11","783.32","18.9","132.61","7016.4","314.7","85.29","271.02","0.0","0.0","0.0","0.0","0.0","0.0"
"109","2010","7","Maharashtra","Parbhani","5.1","2.47","484.31","80.8","136.68","1691.58","103.1","124.74","1209.89","187.3","84.43","450.77","290.4","209.17","720.28","7.7","5.0","649.35","4.4","5.58","1268.18","0.0","0.0","0.0","0.0","0.0","0.0","103.4","67.75","655.22","96.7","61.85","639.61","96.7","60.26","623.16","10.2","10.95","1073.53","5.2","1.18","226.92","0.0","0.0","0.0","65.0","31.06","477.85","1.1","0.68","618.18","1.9","0.37","194.74","15.2","10.04","660.53","256.2","402.62","1571.51","357.4","457.65","1280.5","20.1","171.88","8551.24","314.3","91.46","291.0","0.0","0.0","0.0","0.0","0.0","0.0"
"109","2011","7","Maharashtra","Parbhani","2.3","0.8","347.83","75.6","126.73","1676.32","102.9","132.65","1289.12","181.9","140.5","772.4","284.8","273.15","959.09","5.6","5.2","928.57","4.0","6.25","1562.5","0.0","0.0","0.0","0.0","0.0","0.0","88.6","70.39","794.47","101.0","68.9","682.18","82.8","40.58","490.1","10.1","9.65","955.45","4.7","1.2","255.32","0.0","0.0","0.0","59.1","35.1","593.91","0.8","0.6","750.0","1.5","0.36","240.0","8.7","5.62","645.98","276.5","358.7","1297.29","364.2","412.19","1131.77","25.6","172.3","6730.47","330.1","94.67","286.79","12.85","7.11","19.96","0.62","1.16","0.0"
"109","2012","7","Maharashtra","Parbhani","2.0","0.33","165.0","51.2","73.63","1438.09","131.0","168.19","1283.89","208.1","164.14","788.76","339.1","332.33","980.04","5.6","4.05","723.21","5.13","4.66","908.38","0.0","0.0","0.0","0.0","0.0","0.0","106.2","69.66","655.93","106.7","91.75","859.89","82.32","45.2","549.08","5.3","3.66","690.57","4.9","1.12","228.57","0.0","0.0","0.0","41.4","26.75","646.14","0.7","0.16","228.57","0.2","0.04","200.0","4.0","2.01","502.5","285.8","473.64","1657.24","344.4","507.83","1474.54","26.0","189.09","7272.69","374.5","134.32","358.66","1.53","2.45","3.98","0.05","0.7","0.0"
"109","2013","7","Maharashtra","Parbhani","0.7","0.3","428.57","98.1","97.5","993.88","126.2","133.6","1058.64","266.0","173.4","651.88","392.2","307.0","782.76","3.2","2.0","625.0","4.9","7.0","1428.57","0.0","0.0","0.0","0.0","0.0","0.0","166.3","153.2","921.23","109.4","86.1","787.02","97.3","48.2","495.38","10.4","10.6","1019.23","6.1","1.47","240.98","0.0","0.0","0.0","55.8","33.8","605.73","1.2","0.2","166.67","0.4","0.1","250.0","3.6","1.9","527.78","309.0","360.5","1166.67","440.4","468.7","1064.26","43.1","306.62","7114.15","361.9","135.25","373.72","0.0","0.0","0.0","0.0","0.0","0.0"
"109","2014","7","Maharashtra","Parbhani","0.3","0.0","0.0","71.8","51.8","721.45","120.3","49.7","413.13","183.9","92.9","505.17","304.2","142.6","468.77","4.2","0.4","95.24","5.3","2.5","471.7","0.0","0.0","0.0","0.0","0.0","0.0","122.9","248.8","2024.41","109.7","32.6","297.17","77.9","12.8","164.31","7.5","6.8","906.67","0.0","0.0","0.0","0.0","0.0","0.0","20.5","7.6","370.73","6.1","1.2","196.72","0.0","0.0","0.0","1.4","0.3","214.29","292.3","87.5","299.35","330.0","103.8","314.55","41.8","243.29","5820.33","368.2","52.23","141.85","0.0","0.0","0.0","0.0","0.0","0.0"
"109","2015","7","Maharashtra","Parbhani","0.0","0.0","0.0","39.6","21.9","553.03","88.8","27.7","311.94","187.7","42.0","223.76","276.5","69.7","252.08","4.7","0.8","170.21","14.6","9.2","630.14","0.0","0.0","0.0","0.0","0.0","0.0","110.1","35.1","318.8","111.8","22.8","203.94","107.4","9.55","88.97","4.6","2.7","586.96","4.56","0.34","74.56","0.0","0.0","0.0","15.8","3.7","234.18","4.8","0.44","91.67","0.02","0.0","0.0","0.52","0.04","76.92","320.8","114.9","358.17","352.2","122.1","346.68","43.7","122.64","2806.41","356.4","27.76","77.89","0.0","0.0","0.0","0.0","0.0","0.0"
"109","2016","7","Maharashtra","Parbhani","0.02","0.0","200.0","61.99","97.8","1577.67","67.76","34.46","508.5","260.48","248.3","953.24","328.24","282.76","861.43","2.84","1.26","442.25","12.33","16.17","1311.44","0.0","0.0","0.0","0.0","0.0","0.0","141.53","138.52","978.77","129.13","149.38","1156.81","96.26","50.85","528.25","6.1","6.7","1098.36","3.54","0.61","173.45","0.12","0.04","375.0","19.4","13.3","685.57","0.97","0.19","191.75","0.04","0.01","250.0","0.22","0.21","945.21","408.83","424.1","1037.34","0.0","0.0","0.0","14.0","89.13","6366.53","242.63","166.64","686.81","0.0","0.0","0.0","0.0","0.0","0.0"
"109","2017","7","Maharashtra","Parbhani","0.0","0.0","0.0","67.0","70.1","1046.27","69.17","39.08","564.94","113.63","83.9","738.37","182.8","122.98","672.74","1.65","0.59","356.97","5.63","4.71","836.09","0.0","0.0","0.0","0.0","0.0","0.0","183.07","151.19","825.88","130.3","142.0","1089.79","107.58","35.31","328.24","6.17","7.6","1232.09","1.6","0.23","142.59","0.0","0.0","0.0","8.0","3.6","450.0","0.84","0.21","250.0","0.09","0.03","352.94","0.01","0.0","333.33","405.47","401.08","989.18","0.0","0.0","0.0","34.5","144.15","4178.26","272.1","90.32","331.95","0.0","0.0","0.0","0.0","0.0","0.0"
"110","1966","7","Maharashtra","Beed","10.0","3.0","300.0","42.0","15.0","357.14","78.9","29.0","367.55","220.7","148.9","674.67","299.6","177.9","593.79","81.0","20.0","246.91","2.0","2.0","1000.0","0.5","0.1","200.0","0.0","0.0","0.0","27.0","11.0","407.41","19.0","4.0","210.53","269.9","12.9","47.8","60.0","15.0","250.0","3.3","1.0","303.03","0.4","0.1","250.0","27.84","-1.0","-1.0","0.1","0.0","0.0","13.5","3.0","222.22","0.0","0.0","0.0","0.0","0.0","0.0","306.4","19.1","62.34","1.5","12.3","8200.0","58.0","3.0","51.72","1.42","1.21","2.63","0.0","0.53","1.66"
"110","1967","7","Maharashtra","Beed","8.0","3.0","375.0","39.0","10.0","256.41","82.5","47.9","580.61","232.3","132.0","568.23","314.8","179.9","571.47","100.0","27.0","270.0","2.0","1.0","500.0","0.9","0.6","666.67","0.0","0.0","0.0","28.0","7.0","250.0","21.0","4.5","214.29","272.2","16.7","61.35","55.0","37.0","672.73","6.2","2.0","322.58","0.4","0.1","250.0","32.17","-1.0","-1.0","0.0","0.0","0.0","20.6","3.9","189.32","0.0","0.0","0.0","0.0","0.0","0.0","305.5","43.0","140.75","2.6","18.2","7000.0","40.0","2.0","50.0","1.58","1.09","2.67","0.0","0.45","1.62"
"110","1968","7","Maharashtra","Beed","7.4","4.0","540.54","41.2","17.0","412.62","76.1","44.2","580.81","231.2","137.9","596.45","307.3","182.1","592.58","120.4","39.0","323.92","2.2","1.0","454.55","0.0","0.0","0.0","0.0","0.0","0.0","29.9","10.0","334.45","22.6","6.0","265.49","83.0","16.8","202.41","42.1","30.0","712.59","5.1","1.5","294.12","0.6","0.1","166.67","43.1","-1.0","-1.0","0.1","0.0","0.0","21.8","4.4","201.83","0.0","0.0","0.0","0.0","0.0","0.0","123.7","36.0","291.03","2.4","19.6","8166.67","39.6","4.0","101.01","1.6","1.2","2.8","0.0","0.5","1.7"
"110","1969","7","Maharashtra","Beed","8.3","4.3","518.07","41.5","18.2","438.55","82.4","20.3","246.36","202.5","140.6","694.32","284.9","160.9","564.76","147.2","64.6","438.86","1.8","0.3","166.67","0.0","0.0","0.0","0.0","0.0","0.0","30.7","9.6","312.7","27.2","6.4","235.29","119.2","23.4","196.31","46.3","29.9","645.79","5.2","1.3","250.0","0.5","0.1","200.0","39.2","-1.0","-1.0","0.1","0.0","0.0","23.8","4.2","176.47","0.0","0.0","0.0","0.0","0.0","0.0","123.2","35.5","288.15","3.0","19.6","6533.33","53.1","4.0","75.33","1.0","1.3","2.3","0.0","0.4","1.6"
"110","1970","7","Maharashtra","Beed","6.9","3.5","507.25","38.9","11.6","298.2","84.2","20.7","245.84","231.2","62.1","268.6","315.4","82.8","262.52","135.9","65.9","484.92","1.2","0.3","250.0","0.9","0.7","777.78","0.0","0.0","0.0","31.2","7.3","233.97","24.8","6.0","241.94","100.8","5.0","49.6","37.8","25.3","669.31","4.3","0.6","139.53","0.6","0.1","166.67","34.4","-1.0","-1.0","0.1","0.0","0.0","19.1","4.4","230.37","0.0","0.0","0.0","0.0","0.0","0.0","100.3","30.4","303.09","2.0","14.5","7250.0","51.2","0.7","13.67","0.9","1.7","2.6","0.0","0.5","0.2"
"110","1971","7","Maharashtra","Beed","2.5","0.7","280.0","72.7","24.1","331.5","52.4","17.3","330.15","321.4","84.6","263.22","373.8","101.9","272.61","18.6","2.8","150.54","0.4","0.2","500.0","0.1","0.1","1000.0","0.0","0.0","0.0","40.9","12.4","303.18","13.2","2.9","219.7","49.8","4.0","80.32","12.7","2.7","212.6","1.0","0.3","300.0","0.6","0.1","166.67","63.6","-1.0","-1.0","0.1","0.0","0.0","43.2","7.9","182.87","0.0","0.0","0.0","0.0","0.0","0.0","118.4","11.0","92.91","2.3","9.3","4043.48","10.9","0.5","45.87","1.3","1.3","2.6","0.0","0.2","0.8"
"110","1972","7","Maharashtra","Beed","8.1","0.1","12.35","29.5","4.4","149.15","81.3","10.5","129.15","132.8","13.0","97.89","214.1","23.5","109.76","108.8","8.2","75.37","0.7","0.2","285.71","0.0","0.0","0.0","0.0","0.0","0.0","19.4","1.0","51.55","17.7","2.9","163.84","64.1","2.3","35.88","32.4","4.3","132.72","2.5","0.3","120.0","0.4","0.1","250.0","35.0","6.7","191.43","0.0","0.0","0.0","16.1","2.7","167.7","0.0","0.0","0.0","0.0","0.0","0.0","71.7","14.1","196.65","2.4","10.9","4541.67","23.9","1.6","66.95","0.9","0.9","1.8","0.0","0.2","0.6"
"110","1973","7","Maharashtra","Beed","5.5","2.8","509.09","47.2","11.8","250.0","90.6","24.5","270.42","227.1","141.3","622.19","317.7","165.8","521.88","185.5","63.5","342.32","1.1","0.7","636.36","0.0","0.0","0.0","0.0","0.0","0.0","22.9","9.7","423.58","26.2","13.6","519.08","78.4","2.4","30.61","33.1","28.2","851.96","3.0","0.7","233.33","0.6","0.1","166.67","43.0","15.1","351.16","0.1","0.0","0.0","29.8","5.9","197.99","0.0","0.0","0.0","0.0","0.0","0.0","111.4","50.0","448.83","2.4","13.6","5666.67","17.7","2.2","124.29","1.0","1.4","2.4","0.0","0.1","0.2"
"110","1974","7","Maharashtra","Beed","5.5","2.3","418.18","45.2","23.7","524.34","84.4","57.8","684.83","242.7","101.0","416.15","327.1","158.8","485.48","145.0","43.7","301.38","2.7","1.6","592.59","0.0","0.0","0.0","0.0","0.0","0.0","32.3","10.0","309.6","28.1","9.0","320.28","71.3","17.8","249.65","27.3","15.8","578.75","5.1","1.3","254.9","0.6","0.1","166.67","43.0","15.0","348.84","0.1","0.0","0.0","34.4","7.7","223.84","0.0","0.0","0.0","0.0","0.0","0.0","120.2","39.9","331.95","2.2","16.0","7272.73","22.1","3.0","135.75","1.0","1.3","2.3","0.0","0.2","1.0"
"110","1975","7","Maharashtra","Beed","10.5","6.2","590.48","52.7","40.7","772.3","89.0","56.5","634.83","238.7","86.4","361.96","327.7","142.9","436.07","131.4","31.8","242.01","1.3","0.9","692.31","0.0","0.0","0.0","0.0","0.0","0.0","32.7","13.5","412.84","28.2","7.3","258.87","61.2","15.1","246.73","29.2","14.5","496.58","4.4","1.1","250.0","0.6","0.1","166.67","43.0","18.4","427.91","0.0","0.0","0.0","28.7","8.8","306.62","0.0","0.0","0.0","0.0","0.0","0.0","102.1","42.9","420.18","4.2","30.0","7142.86","26.4","1.3","49.24","1.0","1.2","2.2","0.0","0.2","0.1"
"110","1976","7","Maharashtra","Beed","12.2","9.6","786.89","50.5","28.2","558.42","123.3","139.7","1133.01","231.4","187.1","808.56","354.7","326.8","921.34","134.7","36.9","273.94","2.6","3.8","1461.54","0.0","0.0","0.0","0.0","0.0","0.0","31.8","9.1","286.16","31.5","13.3","422.22","80.5","22.6","280.75","28.8","7.1","246.53","4.8","0.7","145.83","0.3","0.1","333.33","41.6","14.7","353.37","0.1","0.1","1000.0","31.3","7.8","249.2","0.0","0.0","0.0","0.0","0.0","0.0","114.7","30.5","265.91","6.0","47.1","7850.0","15.4","0.9","58.44","0.9","2.1","3.0","0.0","0.3","0.2"
"110","1977","7","Maharashtra","Beed","11.0","11.9","1081.82","70.6","49.2","696.88","149.4","163.7","1095.72","247.9","139.6","563.13","397.3","303.3","763.4","101.8","48.9","480.35","3.1","4.1","1322.58","0.0","0.0","0.0","0.0","0.0","0.0","32.3","11.1","343.65","33.6","12.5","372.02","52.1","12.4","238.0","26.4","16.3","617.42","6.2","1.8","290.32","0.3","0.1","333.33","44.4","13.1","295.05","0.0","0.0","0.0","38.1","8.6","225.72","0.0","0.0","0.0","0.0","0.0","0.0","123.1","39.9","324.13","5.6","35.1","6267.86","29.5","3.4","115.25","0.5","2.6","3.1","0.2","0.8","0.3"
"110","1978","7","Maharashtra","Beed","10.1","12.0","1188.12","55.0","38.9","707.27","139.8","148.7","1063.66","242.9","153.3","631.12","382.7","302.0","789.13","145.0","53.1","366.21","4.1","6.1","1487.8","0.0","0.0","0.0","0.0","0.0","0.0","32.6","11.0","337.42","34.7","15.4","443.8","53.2","14.1","265.04","22.4","10.4","464.29","4.0","1.1","275.0","0.5","0.1","200.0","43.3","11.5","265.59","0.0","0.0","0.0","34.5","8.8","255.07","0.0","0.0","0.0","0.0","0.0","0.0","117.0","31.9","272.65","5.6","34.3","6125.0","24.4","4.3","176.23","0.3","1.4","1.7","0.0","0.2","0.1"
"110","1979","7","Maharashtra","Beed","7.9","7.2","911.39","48.9","42.0","858.9","136.9","137.0","1000.73","268.3","205.5","765.93","405.2","342.5","845.26","114.7","56.1","489.1","2.0","4.3","2150.0","0.0","0.0","0.0","0.0","0.0","0.0","34.1","12.8","375.37","36.7","16.8","457.77","56.3","11.7","207.82","20.2","18.0","891.09","5.1","1.2","235.29","0.4","0.1","250.0","45.6","14.9","326.75","0.0","0.0","0.0","33.8","8.5","251.48","0.0","0.0","0.0","0.0","0.0","0.0","111.6","42.7","382.62","3.8","22.5","5921.05","26.3","5.2","197.72","0.4","1.6","2.0","0.0","0.6","0.2"
"110","1980","7","Maharashtra","Beed","8.4","10.6","1261.9","46.9","44.8","955.22","136.3","118.9","872.34","247.8","135.2","545.6","384.1","254.1","661.55","115.9","45.2","389.99","1.0","1.9","1900.0","0.0","0.0","0.0","0.0","0.0","0.0","32.3","11.1","343.65","38.8","11.3","291.24","55.8","5.7","102.15","19.9","15.9","798.99","4.8","0.9","187.5","0.4","0.1","250.0","47.0","23.0","489.36","0.0","0.0","0.0","31.7","8.4","264.98","6.2","3.0","483.87","0.0","0.0","0.0","111.8","24.6","220.04","5.0","34.6","6920.0","27.1","3.9","143.91","0.6","1.6","2.2","0.0","0.5","0.0"
"110","1981","7","Maharashtra","Beed","7.7","4.3","558.44","48.2","39.6","821.58","144.5","97.8","676.82","271.0","135.4","499.63","415.5","233.2","561.25","122.7","50.2","409.13","1.0","1.8","1800.0","0.0","0.0","0.0","0.0","0.0","0.0","34.7","13.1","377.52","36.4","17.6","483.52","57.8","7.8","134.95","18.9","12.9","682.54","4.4","0.8","181.82","0.4","0.1","250.0","49.1","49.4","1006.11","0.1","0.0","0.0","32.7","9.3","284.4","16.6","9.0","542.17","0.0","0.0","0.0","111.3","66.0","592.99","6.8","57.0","8382.35","27.5","4.5","163.64","0.3","1.5","1.8","0.0","0.9","0.2"
"110","1982","7","Maharashtra","Beed","7.0","4.9","700.0","45.2","26.7","590.71","129.6","94.7","730.71","294.2","124.7","423.86","423.8","219.4","517.7","125.8","43.3","344.2","0.9","1.5","1666.67","0.0","0.0","0.0","0.0","0.0","0.0","32.9","11.0","334.35","36.8","20.4","554.35","31.4","4.8","152.87","20.0","11.8","590.0","4.9","1.1","224.49","0.6","0.1","166.67","49.8","40.7","817.27","0.4","0.2","500.0","31.6","8.9","281.65","39.9","20.8","521.3","0.0","0.0","0.0","85.7","52.4","611.44","9.4","84.1","8946.81","26.9","5.0","185.87","0.3","1.3","1.6","0.0","0.9","1.2"
"110","1983","7","Maharashtra","Beed","6.4","6.0","937.5","50.0","32.7","654.0","117.5","85.4","726.81","260.4","121.4","466.21","377.9","206.8","547.23","132.4","71.9","543.05","1.0","1.2","1200.0","0.0","0.0","0.0","0.0","0.0","0.0","37.3","15.7","420.91","33.8","19.4","573.96","33.3","6.4","192.19","22.7","17.8","784.14","4.9","1.1","224.49","0.6","0.2","333.33","49.7","47.6","957.75","0.4","0.2","500.0","30.8","8.0","259.74","60.7","19.1","314.66","0.0","0.0","0.0","85.3","53.2","623.68","7.0","51.6","7371.43","27.3","2.5","91.58","0.2","1.5","1.7","0.0","0.9","1.3"
"110","1984","7","Maharashtra","Beed","6.2","4.2","677.42","38.9","26.7","686.38","112.1","104.8","934.88","270.8","128.0","472.67","382.9","232.8","607.99","125.7","47.9","381.07","2.4","3.9","1625.0","0.0","0.0","0.0","0.0","0.0","0.0","29.2","8.5","291.1","34.8","13.8","396.55","69.2","15.0","216.76","12.9","8.5","658.91","5.5","1.4","254.55","0.4","0.1","250.0","52.1","42.4","813.82","0.3","0.1","333.33","30.6","8.8","287.58","44.4","21.4","481.98","0.0","0.0","0.0","93.0","57.3","616.13","7.9","54.8","6936.71","28.4","3.7","130.28","2.2","14.1","16.3","0.3","3.2","24.3"
"110","1985","7","Maharashtra","Beed","6.5","3.5","538.46","33.0","17.8","539.39","114.5","67.4","588.65","277.9","86.2","310.18","392.4","153.6","391.44","129.1","44.6","345.47","1.5","2.2","1466.67","0.0","0.0","0.0","0.0","0.0","0.0","27.3","7.8","285.71","38.0","13.8","363.16","74.1","21.3","287.45","10.6","4.5","424.53","5.7","1.3","228.07","0.5","0.1","200.0","52.3","41.9","801.15","0.2","0.1","500.0","37.8","8.0","211.64","46.3","15.3","330.45","0.0","0.0","0.0","155.5","75.0","482.32","7.5","56.0","7466.67","29.8","3.7","124.16","2.2","14.2","16.4","0.3","3.2","24.3"
"110","1986","7","Maharashtra","Beed","7.0","2.0","285.71","19.0","8.0","421.05","121.3","51.4","423.74","239.5","81.4","339.87","360.8","132.8","368.07","135.0","42.0","311.11","3.0","2.0","666.67","0.0","0.0","0.0","0.0","0.0","0.0","19.0","4.0","210.53","39.0","11.3","289.74","89.8","22.5","250.56","12.0","4.0","333.33","6.0","1.0","166.67","0.3","0.1","333.33","46.4","19.4","418.1","0.3","0.1","333.33","25.9","1.6","61.78","47.8","11.6","242.68","0.0","0.0","0.0","145.7","41.0","281.4","6.0","23.8","3966.67","32.0","4.0","125.0","2.3","14.4","16.7","0.4","3.1","21.6"
"110","1987","7","Maharashtra","Beed","7.0","3.0","428.57","21.0","18.0","857.14","123.4","137.8","1116.69","253.2","169.0","667.46","376.6","306.8","814.66","143.0","67.0","468.53","1.0","2.0","2000.0","0.0","0.0","0.0","0.0","0.0","0.0","21.0","9.0","428.57","42.0","19.0","452.38","90.6","33.7","371.96","14.0","14.0","1000.0","7.0","1.8","257.14","0.5","0.1","200.0","60.5","36.9","609.92","0.2","0.1","500.0","25.5","6.6","258.82","35.7","16.9","473.39","0.3","0.1","333.33","158.4","84.6","534.09","5.8","55.1","9500.0","29.0","4.0","137.93","2.0","20.0","22.0","0.4","3.7","46.3"
"110","1988","7","Maharashtra","Beed","7.1","4.2","591.55","29.0","31.1","1072.41","107.4","46.9","436.69","246.2","136.3","553.61","353.6","183.2","518.1","150.9","48.4","320.74","2.3","1.5","652.17","0.0","0.0","0.0","0.0","0.0","0.0","22.2","11.0","495.5","46.6","23.4","502.15","86.6","26.3","303.7","30.4","26.2","861.84","14.5","1.4","96.55","0.4","0.1","250.0","41.6","30.0","721.15","1.0","0.3","300.0","22.2","5.8","261.26","61.8","16.9","273.46","0.0","0.0","0.0","172.6","77.6","449.59","9.2","88.8","9652.17","33.0","3.5","106.06","2.9","35.6","38.5","0.4","3.7","25.9"
"110","1989","7","Maharashtra","Beed","7.1","6.0","845.07","33.1","29.4","888.22","118.5","108.9","918.99","268.1","181.2","675.87","386.6","290.1","750.39","157.2","76.9","489.19","1.9","1.6","842.11","0.0","0.0","0.0","0.0","0.0","0.0","22.8","11.0","482.46","48.5","27.4","564.95","79.0","27.2","344.3","29.3","28.6","976.11","11.3","1.7","150.44","0.9","0.4","444.44","41.7","28.6","685.85","0.7","0.2","285.71","20.5","4.0","195.12","0.0","0.0","0.0","0.0","0.0","0.0","163.9","95.6","583.28","14.2","103.9","7316.9","28.9","4.6","159.17","3.6","35.8","39.4","0.4","3.2","28.4"
"110","1990","7","Maharashtra","Beed","8.0","6.4","800.0","31.9","32.4","1015.67","111.7","112.8","1009.85","274.2","183.4","668.85","385.9","296.2","767.56","164.4","85.2","518.25","4.5","3.9","866.67","0.0","0.0","0.0","0.0","0.0","0.0","23.1","11.0","476.19","51.5","11.8","229.13","59.7","23.0","385.26","33.9","29.9","882.01","9.6","3.3","343.75","1.3","0.6","461.54","41.7","10.9","261.39","1.2","0.4","333.33","21.0","3.4","161.9","59.9","34.2","570.95","0.5","0.5","1000.0","175.2","84.1","480.02","21.0","149.75","7130.95","23.6","2.94","124.58","4.1","34.0","38.1","0.4","2.8","23.9"
"110","1991","7","Maharashtra","Beed","8.3","2.1","253.01","15.8","9.5","601.27","100.6","38.3","380.72","187.8","57.3","305.11","288.4","95.6","331.48","170.9","51.9","303.69","4.4","2.6","590.91","0.1","0.0","0.0","0.0","0.0","0.0","13.9","3.8","273.38","55.8","8.5","152.33","35.5","8.8","247.89","27.8","8.5","305.76","9.5","1.8","189.47","0.7","0.4","571.43","19.1","4.2","219.9","2.6","1.2","461.54","11.1","0.8","72.07","39.8","13.1","329.15","4.6","3.2","695.65","105.2","26.3","250.0","15.9","139.94","8801.26","33.6","2.64","78.57","4.6","25.2","29.8","0.4","2.5","20.8"
"110","1992","7","Maharashtra","Beed","6.1","4.3","704.92","17.3","16.8","971.1","117.1","167.4","1429.55","199.4","146.3","733.7","316.5","313.7","991.15","187.5","195.3","1041.6","3.7","5.2","1405.41","0.0","0.0","0.0","0.0","0.0","0.0","17.6","6.9","392.05","54.2","24.5","452.03","44.4","19.6","441.44","23.5","17.3","736.17","8.8","3.3","375.0","0.1","0.0","0.0","28.2","18.4","652.48","0.9","0.2","222.22","10.7","1.3","121.5","66.1","37.8","571.86","0.2","0.2","1000.0","144.2","79.8","553.4","12.9","92.25","7151.16","35.0","4.96","141.71","4.9","23.8","28.7","0.4","2.1","12.1"
"110","1993","7","Maharashtra","Beed","5.6","4.2","750.0","27.5","28.0","1018.18","108.6","112.7","1037.75","259.3","196.3","757.04","367.9","309.0","839.9","179.3","146.7","818.18","4.7","6.7","1425.53","0.0","0.0","0.0","0.0","0.0","0.0","20.7","12.8","618.36","46.8","22.5","480.77","47.5","20.5","431.58","27.5","23.9","869.09","13.5","5.6","414.81","0.4","0.2","500.0","35.6","28.7","806.18","1.0","0.3","300.0","13.5","4.0","296.3","60.3","38.5","638.47","1.6","2.1","1312.5","159.3","105.2","660.39","9.5","69.13","7276.84","38.4","6.24","162.5","4.0","15.6","19.6","0.4","2.3","12.7"
"110","1994","7","Maharashtra","Beed","5.4","4.2","777.78","23.0","23.8","1034.78","84.7","71.3","841.79","254.4","147.7","580.58","339.1","219.0","645.83","168.4","81.2","482.19","3.9","3.2","820.51","0.0","0.0","0.0","0.0","0.0","0.0","17.3","10.0","578.03","49.9","12.7","254.51","47.2","9.3","197.03","20.6","12.5","606.8","11.9","2.6","218.49","0.2","0.1","500.0","29.5","16.2","549.15","0.2","0.1","500.0","11.4","1.1","96.49","52.0","30.2","580.77","3.8","2.8","736.84","132.8","66.1","497.74","19.5","149.12","7647.18","61.7","6.55","106.16","3.6","16.0","19.6","0.4","2.7","20.1"
"110","1995","7","Maharashtra","Beed","4.7","2.0","425.53","25.1","26.4","1051.79","84.1","131.2","1560.05","232.5","178.8","769.03","316.6","310.0","979.15","194.4","172.6","887.86","4.6","5.9","1282.61","0.0","0.0","0.0","0.0","0.0","0.0","18.7","9.3","497.33","52.8","22.6","428.03","36.8","14.4","391.3","15.7","13.1","834.39","9.8","2.5","255.1","0.0","0.0","0.0","31.0","21.0","677.42","0.0","0.0","0.0","8.6","2.8","325.58","47.2","29.8","631.36","1.7","2.1","1235.29","122.3","72.9","596.08","22.4","154.08","6878.57","85.4","13.6","159.25","3.6","24.4","28.0","0.4","2.6","20.5"
"110","1996","7","Maharashtra","Beed","4.6","3.5","760.87","34.0","40.6","1194.12","83.2","110.6","1329.33","238.8","171.0","716.08","322.0","281.6","874.53","208.0","191.0","918.27","3.7","4.8","1297.3","0.0","0.0","0.0","0.0","0.0","0.0","20.4","11.7","573.53","56.5","27.4","484.96","38.2","14.2","371.73","20.9","20.6","985.65","9.2","2.5","271.74","0.0","0.0","0.0","33.5","23.3","695.52","0.0","0.0","0.0","2.4","0.7","291.67","57.3","33.8","589.88","0.9","1.0","1111.11","140.6","86.3","613.8","15.1","89.15","5903.97","80.8","12.56","155.45","3.6","21.3","24.9","0.4","2.1","18.3"
"110","1997","7","Maharashtra","Beed","5.2","8.0","1538.46","28.9","20.8","719.72","80.2","61.5","766.83","254.0","174.4","686.61","334.2","235.9","705.86","162.6","83.8","515.38","4.7","7.0","1489.36","0.0","0.0","0.0","0.0","0.0","0.0","18.5","5.3","286.49","47.0","7.7","163.83","40.8","9.2","225.49","20.6","7.7","373.79","7.7","1.4","181.82","0.7","0.1","142.86","34.0","3.2","94.12","1.2","0.9","750.0","3.3","0.4","121.21","41.7","15.7","376.5","2.0","0.5","250.0","118.1","28.0","237.09","9.4","116.18","12359.58","92.3","9.04","97.94","3.9","23.5","27.4","0.3","2.0","19.8"
"110","1998","7","Maharashtra","Beed","3.5","1.4","400.0","40.6","46.3","1140.39","73.6","58.0","788.04","239.8","135.0","562.97","313.4","193.0","615.83","176.8","116.6","659.5","5.6","10.0","1785.71","0.0","0.0","0.0","0.0","0.0","0.0","23.6","11.8","500.0","46.1","28.4","616.05","44.1","18.0","408.16","15.5","10.2","658.06","7.2","1.9","263.89","0.6","0.2","333.33","26.3","12.6","479.09","4.0","1.1","275.0","5.2","1.7","326.92","47.4","19.6","413.5","1.1","1.3","1181.82","109.2","49.0","448.72","20.2","163.54","8096.04","110.3","15.54","140.89","3.9","25.9","29.8","0.6","1.5","18.8"
"110","1999","7","Maharashtra","Beed","3.8","1.73","455.26","38.7","47.5","1227.39","75.2","88.9","1182.18","250.0","156.7","626.8","325.2","245.6","755.23","181.5","124.3","684.85","6.5","10.9","1676.92","0.0","0.0","0.0","0.0","0.0","0.0","25.2","12.7","503.97","47.8","18.1","378.66","43.6","14.7","337.16","18.0","12.5","694.44","9.2","2.9","315.22","1.2","0.4","333.33","27.3","13.6","498.17","3.2","0.7","218.75","5.4","1.8","333.33","44.4","25.9","583.33","2.0","3.3","1650.0","111.6","61.4","550.18","34.1","237.64","6968.92","111.2","14.79","133.0","3.7","23.3","27.0","0.3","1.3","19.3"
"110","2000","7","Maharashtra","Beed","3.4","2.0","588.24","43.0","47.1","1095.35","80.2","104.7","1305.49","265.8","130.6","491.35","346.0","235.3","680.06","213.6","170.5","798.22","7.8","8.0","1025.64","0.0","0.0","0.0","0.0","0.0","0.0","26.9","13.6","505.58","53.4","19.2","359.55","46.1","15.1","327.55","18.0","11.5","638.89","9.9","2.4","242.42","0.6","0.2","333.33","29.4","9.9","336.73","1.4","0.3","214.29","6.0","1.5","250.0","32.3","15.5","479.88","3.3","4.4","1333.33","103.6","46.2","445.95","34.0","255.19","7505.59","82.9","11.71","141.25","1.8","1.6","3.4","0.2","1.2","17.4"
"110","2001","7","Maharashtra","Beed","2.4","1.5","625.0","38.2","37.1","971.2","67.6","43.4","642.01","263.7","134.0","508.15","331.3","177.4","535.47","151.4","74.4","491.41","4.2","5.7","1357.14","0.0","0.0","0.0","0.0","0.0","0.0","25.2","10.8","428.57","44.3","11.2","252.82","35.1","9.8","279.2","12.4","7.1","572.58","6.0","1.3","216.67","0.8","0.2","250.0","30.5","13.7","449.18","1.0","0.3","300.0","6.1","1.5","245.9","23.1","9.5","411.26","6.9","7.4","1072.46","89.0","41.35","464.61","34.7","230.6","6645.53","108.0","13.57","125.65","1.9","1.7","3.6","0.3","1.0","17.5"
"110","2002","7","Maharashtra","Beed","2.4","0.6","250.0","30.9","29.7","961.17","68.9","83.3","1209.0","247.9","145.8","588.14","316.8","229.1","723.17","187.1","156.9","838.59","5.6","5.2","928.57","0.0","0.0","0.0","0.0","0.0","0.0","21.1","10.4","492.89","49.1","17.2","350.31","34.9","20.8","595.99","11.2","6.5","580.36","5.6","1.8","321.43","0.7","0.1","142.86","27.5","12.7","461.82","1.2","0.3","250.0","4.6","1.2","260.87","27.7","12.1","436.82","16.5","22.5","1363.64","97.1","57.67","593.92","34.0","221.5","6514.71","78.8","9.47","120.18","1.9","1.8","3.7","0.4","1.0","17.5"
"110","2003","7","Maharashtra","Beed","2.5","1.0","400.0","26.2","13.8","526.72","68.5","53.5","781.02","253.1","68.3","269.85","321.6","121.8","378.73","180.5","100.2","555.12","5.0","3.2","640.0","0.0","0.0","0.0","0.0","0.0","0.0","24.3","8.4","345.68","44.9","10.1","224.94","28.7","14.5","505.23","9.9","4.4","444.44","6.6","1.7","257.58","0.7","0.12","171.43","23.3","4.5","193.13","0.0","0.0","0.0","4.8","0.8","166.67","31.2","10.6","339.74","25.5","25.9","1015.69","105.0","48.52","462.1","21.6","84.9","3930.56","94.9","10.15","106.95","1.4","1.3","2.7","0.3","0.7","0.0"
"110","2004","7","Maharashtra","Beed","2.3","0.6","260.87","31.9","28.0","877.74","55.9","33.7","602.86","256.7","184.3","717.96","312.6","218.0","697.38","176.2","109.1","619.18","5.3","5.36","1011.32","0.0","0.0","0.0","0.0","0.0","0.0","28.3","15.0","530.04","44.3","23.9","539.5","28.0","15.28","545.71","8.9","5.8","651.69","5.6","1.2","214.29","0.7","0.1","142.86","24.4","12.4","508.2","0.0","0.0","0.0","4.5","0.7","155.56","30.0","14.5","483.33","27.9","24.4","874.55","105.1","59.67","567.74","13.1","87.55","6683.21","101.5","19.82","195.27","6.8","1.7","8.5","0.3","0.99","0.0"
"110","2005","7","Maharashtra","Beed","2.2","0.9","409.09","42.7","45.0","1053.86","53.0","42.8","807.55","255.0","151.1","592.55","308.0","193.9","629.55","191.3","129.3","675.9","6.8","11.4","1676.47","0.0","0.0","0.0","0.0","0.0","0.0","35.2","18.8","534.09","52.1","51.6","990.4","25.0","12.23","489.2","11.7","7.5","641.03","3.5","0.9","257.14","0.9","0.23","255.56","23.3","14.4","618.03","0.0","0.0","0.0","4.3","1.4","325.58","30.4","15.9","523.03","36.1","39.7","1099.72","116.0","82.19","708.53","23.4","161.3","6893.16","138.6","27.44","197.98","4.6","12.1","16.7","0.3","2.37","0.0"
"110","2006","7","Maharashtra","Beed","2.0","1.5","750.0","52.4","66.9","1276.72","50.8","55.2","1086.61","251.1","178.7","711.67","301.9","233.9","774.76","184.1","154.1","837.05","7.7","14.7","1909.09","0.0","0.0","0.0","0.0","0.0","0.0","39.9","26.1","654.14","53.2","44.8","842.11","30.2","14.74","488.08","11.6","8.0","689.66","5.4","1.1","203.7","0.8","0.24","300.0","23.6","13.5","572.03","1.8","0.27","150.0","4.3","1.3","302.33","27.7","13.9","501.81","42.1","34.5","819.48","119.3","73.21","613.66","46.7","312.14","6683.94","155.4","35.94","231.27","0.0","0.0","0.0","0.0","1.22","0.0"
"110","2007","7","Maharashtra","Beed","1.5","0.7","466.67","61.8","89.7","1451.46","41.0","36.01","878.29","242.6","196.3","809.15","283.6","232.31","819.15","162.5","116.72","718.28","8.2","11.96","1458.54","0.0","0.0","0.0","0.0","0.0","0.0","46.0","33.4","726.09","51.1","31.8","622.31","35.1","17.61","501.71","9.6","6.46","672.92","5.5","1.0","181.82","0.7","0.25","357.14","20.5","7.6","370.73","1.3","0.52","400.0","3.8","1.1","289.47","23.9","13.4","560.67","46.5","21.0","451.61","113.4","51.62","455.2","74.0","649.79","8780.95","188.2","49.1","260.89","0.0","0.0","0.0","0.0","2.53","0.0"
"110","2008","7","Maharashtra","Beed","1.0","0.4","400.0","65.2","80.3","1231.6","34.8","23.5","675.29","276.3","227.6","823.74","311.1","251.1","807.14","135.0","98.1","726.67","11.2","12.43","1109.82","0.0","0.0","0.0","0.0","0.0","0.0","45.1","28.7","636.36","47.8","22.6","472.8","14.6","4.81","329.45","9.4","6.3","670.21","3.9","0.6","153.85","0.8","0.2","250.0","10.5","5.9","561.9","0.0","0.0","0.0","2.4","0.5","208.33","16.6","8.5","512.05","71.4","14.5","203.08","117.4","36.76","313.12","44.4","406.54","9156.31","205.2","35.43","172.66","0.0","0.0","0.0","0.0","0.0","0.0"
"110","2009","7","Maharashtra","Beed","0.6","0.17","283.33","67.0","91.9","1371.64","32.4","23.4","722.22","207.0","172.41","832.9","239.4","195.81","817.92","131.7","103.34","784.66","12.1","11.41","942.98","0.0","0.0","0.0","0.0","0.0","0.0","67.3","40.68","604.46","56.1","25.57","455.79","19.14","7.42","387.67","9.8","7.17","731.63","2.6","0.34","130.77","0.7","0.21","300.0","7.6","3.95","519.74","1.2","0.23","191.67","1.4","0.33","235.71","11.0","6.37","579.09","68.8","35.44","515.12","104.6","54.38","519.89","43.2","319.53","7396.53","222.8","50.93","228.59","0.0","0.0","0.0","0.0","0.0","0.0"
"110","2010","7","Maharashtra","Beed","0.8","0.34","425.0","63.6","82.54","1297.8","33.6","43.55","1296.13","194.4","140.44","722.43","228.0","183.99","806.97","122.5","112.8","920.82","9.5","14.01","1474.74","0.0","0.0","0.0","0.0","0.0","0.0","57.8","40.61","702.6","62.4","34.05","545.67","31.1","23.0","739.55","7.0","5.06","722.86","2.4","0.65","270.83","0.0","0.0","0.0","6.1","2.51","411.48","0.9","0.36","400.0","1.4","0.31","221.43","7.9","4.13","522.78","70.4","96.62","1372.44","97.3","109.99","1130.42","58.8","387.49","6589.97","276.8","71.77","259.28","0.0","0.0","0.0","0.0","0.0","0.0"
"110","2011","7","Maharashtra","Beed","0.6","0.28","466.67","39.8","52.77","1325.88","28.8","32.77","1137.85","170.4","117.69","690.67","199.2","150.46","755.32","107.1","108.9","1016.81","8.6","9.92","1153.49","0.0","0.0","0.0","0.0","0.0","0.0","39.6","24.18","610.61","50.2","28.85","574.7","15.2","12.11","796.71","7.9","7.36","931.65","1.9","0.55","289.47","0.0","0.0","0.0","3.8","1.16","305.26","1.0","0.26","260.0","0.8","0.17","212.5","3.6","1.9","527.78","76.4","118.08","1545.55","96.3","129.72","1347.04","53.6","348.75","6506.53","329.0","71.22","216.47","8.03","11.07","19.1","0.42","0.69","0.0"
"110","2012","7","Maharashtra","Beed","0.6","0.27","450.0","27.7","27.04","976.17","28.8","30.32","1052.78","186.5","48.17","258.28","215.3","78.49","364.56","107.1","68.97","643.98","10.56","7.52","712.12","0.0","0.0","0.0","0.0","0.0","0.0","39.9","19.87","497.99","50.2","20.25","403.39","16.0","3.27","204.37","5.1","2.95","578.43","1.9","0.46","242.11","0.0","0.0","0.0","2.6","0.94","361.54","1.2","0.27","225.0","0.7","0.09","128.57","2.6","1.07","411.54","76.4","126.98","1662.04","91.5","133.01","1453.66","51.4","281.7","5480.54","329.0","57.97","176.2","10.09","3.4","13.5","0.21","1.16","0.0"
"110","2013","7","Maharashtra","Beed","0.5","0.3","600.0","57.8","57.1","987.89","18.1","23.1","1276.24","262.3","170.2","648.88","280.4","193.3","689.37","122.1","130.3","1067.16","15.2","19.2","1263.16","0.0","0.0","0.0","0.0","0.0","0.0","63.4","47.26","745.43","56.4","37.7","668.44","25.0","13.84","553.6","7.7","7.0","909.09","2.4","0.8","333.33","0.0","0.0","0.0","3.5","5.14","1468.57","1.0","0.6","600.0","0.8","0.25","312.5","2.5","1.32","528.0","93.5","174.2","1863.1","149.3","235.0","1574.01","46.0","256.73","5581.09","338.6","98.35","290.46","0.0","0.0","0.0","0.0","0.0","0.0"
"110","2014","7","Maharashtra","Beed","0.4","0.1","250.0","59.1","40.0","676.82","19.4","10.3","530.93","250.4","134.8","538.34","269.8","145.1","537.81","127.1","56.2","442.17","16.0","11.2","700.0","0.0","0.0","0.0","0.0","0.0","0.0","64.4","24.0","372.67","60.6","10.2","168.32","22.1","5.6","253.39","12.4","3.6","290.32","2.9","0.5","172.41","0.0","0.0","0.0","1.9","0.3","157.89","3.3","0.7","212.12","0.7","0.1","142.86","2.2","0.7","318.18","113.4","39.9","351.85","137.6","45.8","332.85","37.6","172.35","4583.78","373.3","30.17","80.82","0.0","0.0","0.0","0.0","0.0","0.0"
"110","2015","7","Maharashtra","Beed","0.3","0.0","0.0","48.0","13.2","275.0","19.2","5.6","291.67","282.0","80.6","285.82","301.2","86.2","286.19","127.6","32.8","257.05","17.2","5.4","313.95","0.0","0.0","0.0","0.0","0.0","0.0","70.6","18.6","263.46","72.3","11.7","161.83","27.9","1.2","43.01","18.4","0.9","48.91","3.3","0.25","75.76","0.0","0.0","0.0","2.1","0.39","185.71","0.0","0.0","0.0","0.7","0.05","71.43","2.11","0.18","85.31","145.1","23.8","164.02","172.5","25.6","148.41","36.1","79.76","2209.42","334.1","18.18","54.41","0.0","0.0","0.0","0.0","0.0","0.0"
"110","2016","7","Maharashtra","Beed","0.1","0.07","700.0","47.2","79.43","1682.84","19.0","5.64","296.84","449.8","237.47","527.95","468.8","243.11","518.58","144.7","93.09","643.33","42.2","82.43","1953.32","0.0","0.0","0.0","0.0","0.0","0.0","118.2","100.9","853.64","89.19","81.62","915.17","32.97","16.68","506.11","28.5","11.14","390.88","5.67","1.04","183.6","0.1","0.04","400.0","3.8","2.58","678.95","0.1","0.04","400.0","0.76","0.39","513.16","0.88","0.15","167.8","169.2","132.35","782.21","0.0","0.0","0.0","12.29","49.59","4034.33","341.4","85.85","251.46","0.0","0.0","0.0","0.0","0.0","0.0"
"110","2017","7","Maharashtra","Beed","0.06","0.03","461.54","53.9","57.59","1068.46","21.0","14.61","695.71","500.3","232.64","465.0","521.3","247.25","474.3","152.7","90.24","590.96","48.83","36.32","743.82","0.0","0.0","0.0","0.0","0.0","0.0","138.4","83.5","603.32","92.6","52.2","563.71","41.34","16.9","408.83","31.66","17.45","551.17","6.6","1.0","151.84","0.02","0.01","500.0","2.96","1.28","432.43","0.1","0.01","100.0","1.14","0.38","333.33","1.11","0.89","806.33","181.3","128.3","707.67","0.0","0.0","0.0","36.05","207.29","5749.93","348.51","50.0","143.48","0.0","0.0","0.0","0.0","0.0","0.0"
"111","1966","7","Maharashtra","Nanded","32.0","10.0","312.5","29.0","11.0","379.31","245.8","134.3","546.38","55.6","25.9","465.83","301.4","160.2","531.52","2.2","0.4","181.82","0.5","0.8","1600.0","0.0","0.0","0.0","0.0","0.0","0.0","23.0","5.0","217.39","32.0","13.0","406.25","146.3","18.1","123.72","34.0","9.0","264.71","4.2","0.6","142.86","0.2","0.0","0.0","4.05","-1.0","-1.0","0.9","0.0","0.0","7.3","1.6","219.18","0.0","0.0","0.0","0.0","0.0","0.0","137.4","11.2","81.51","4.0","21.3","5325.0","182.0","14.0","76.92","2.55","1.74","4.29","0.04","0.45","0.24"
"111","1967","7","Maharashtra","Nanded","26.0","12.0","461.54","25.0","8.0","320.0","250.8","217.2","866.03","61.8","38.1","616.5","312.6","255.3","816.7","2.3","0.6","260.87","0.6","0.6","1000.0","0.0","0.0","0.0","0.0","0.0","0.0","18.0","5.0","277.78","37.0","19.0","513.51","232.4","16.9","72.72","31.0","23.0","741.94","10.4","1.5","144.23","0.2","0.0","0.0","4.49","-1.0","-1.0","0.8","0.1","125.0","8.4","1.8","214.29","0.0","0.0","0.0","0.0","0.0","0.0","147.0","26.4","179.59","4.2","29.7","7071.43","182.0","17.0","93.41","2.51","1.98","4.49","0.04","0.49","0.77"
"111","1968","7","Maharashtra","Nanded","25.9","14.0","540.54","22.5","13.0","577.78","227.5","175.2","770.11","41.9","25.8","615.75","269.4","201.0","746.1","2.8","1.0","357.14","0.3","0.2","666.67","0.0","0.0","0.0","0.0","0.0","0.0","18.2","7.0","384.62","37.9","20.0","527.7","60.4","17.8","294.7","30.8","22.0","714.29","9.7","1.4","144.33","0.2","0.0","0.0","3.5","-1.0","-1.0","0.5","0.1","200.0","7.4","1.7","229.73","0.0","0.0","0.0","0.0","0.0","0.0","55.8","25.2","451.61","4.5","39.6","8800.0","211.8","23.0","108.59","2.5","2.1","4.6","0.1","0.5","1.2"
"111","1969","7","Maharashtra","Nanded","26.2","15.1","576.34","22.7","11.8","519.82","226.2","156.6","692.31","40.9","11.4","278.73","267.1","168.0","628.98","2.0","0.7","350.0","0.3","0.2","666.67","0.0","0.0","0.0","0.0","0.0","0.0","19.3","5.4","279.79","39.1","18.7","478.26","62.8","18.0","286.62","29.9","20.6","688.96","8.8","1.3","147.73","0.2","0.0","0.0","3.3","-1.0","-1.0","0.5","0.1","200.0","7.1","1.4","197.18","0.0","0.0","0.0","0.0","0.0","0.0","52.9","23.4","442.34","5.2","35.0","6730.77","210.2","12.6","59.94","2.8","2.2","5.0","0.1","0.5","0.5"
"111","1970","7","Maharashtra","Nanded","25.5","13.9","545.1","17.9","5.6","312.85","228.4","56.2","246.06","50.5","14.1","279.21","278.9","70.3","252.06","1.4","0.6","428.57","0.2","0.1","500.0","0.0","0.0","0.0","0.0","0.0","0.0","18.2","2.3","126.37","39.1","18.3","468.03","70.5","0.6","8.51","29.0","13.4","462.07","9.7","1.8","185.57","0.2","0.0","0.0","3.7","-1.0","-1.0","0.3","0.0","0.0","6.6","0.7","106.06","0.0","0.0","0.0","0.0","0.0","0.0","49.6","15.9","320.56","3.2","22.5","7031.25","198.6","4.6","23.16","2.5","1.4","3.9","0.1","0.4","2.1"
"111","1971","7","Maharashtra","Nanded","25.2","7.8","309.52","29.3","10.3","351.54","226.2","88.1","389.48","60.0","12.1","201.67","286.2","100.2","350.1","1.8","0.3","166.67","0.2","0.1","500.0","0.0","0.0","0.0","0.0","0.0","0.0","23.7","5.4","227.85","37.8","15.5","410.05","60.9","1.6","26.27","31.0","17.4","561.29","5.1","0.9","176.47","0.2","0.0","0.0","3.6","-1.0","-1.0","0.9","0.1","111.11","8.9","0.9","101.12","0.0","0.0","0.0","0.0","0.0","0.0","58.0","19.3","332.76","3.4","18.4","5411.76","181.7","10.8","59.44","2.3","1.3","3.6","0.0","0.3","0.8"
"111","1972","7","Maharashtra","Nanded","29.2","0.7","23.97","14.6","1.7","116.44","241.8","59.7","246.9","40.1","9.6","239.4","281.9","69.3","245.83","1.6","0.1","62.5","0.3","0.1","333.33","0.0","0.0","0.0","0.0","0.0","0.0","17.5","2.1","120.0","40.8","13.1","321.08","66.7","3.2","47.98","37.1","7.6","204.85","6.3","1.0","158.73","0.2","0.0","0.0","3.0","0.6","200.0","0.8","0.1","125.0","8.5","0.9","105.88","0.0","0.0","0.0","0.0","0.0","0.0","62.6","10.2","162.94","2.6","11.7","4500.0","181.5","7.7","42.42","2.1","1.3","3.4","0.0","0.3","0.5"
"111","1973","7","Maharashtra","Nanded","22.5","10.7","475.56","29.6","10.5","354.73","270.9","94.4","348.47","39.0","17.8","456.41","309.9","112.2","362.05","2.5","0.7","280.0","0.6","0.4","666.67","0.0","0.0","0.0","0.0","0.0","0.0","24.4","7.2","295.08","44.3","27.3","616.25","70.5","6.7","95.04","29.8","14.8","496.64","7.2","0.8","111.11","0.2","0.0","0.0","4.0","1.4","350.0","1.0","0.1","100.0","9.1","1.7","186.81","0.0","0.0","0.0","0.0","0.0","0.0","56.9","18.8","330.4","2.6","13.6","5230.77","165.7","12.7","76.64","2.2","1.5","3.7","0.0","0.3","0.5"
"111","1974","7","Maharashtra","Nanded","25.0","12.7","508.0","28.5","21.7","761.4","217.2","139.3","641.34","42.3","33.3","787.23","259.5","172.6","665.13","2.4","0.6","250.0","0.3","0.2","666.67","0.0","0.0","0.0","0.0","0.0","0.0","18.8","4.7","250.0","40.0","26.9","672.5","77.2","32.0","414.51","31.7","13.9","438.49","7.7","1.1","142.86","0.7","0.2","285.71","4.0","1.4","350.0","1.3","0.3","230.77","8.9","2.0","224.72","0.0","0.0","0.0","0.0","0.0","0.0","62.2","18.9","303.86","3.4","25.7","7558.82","192.3","23.5","122.2","2.9","1.9","4.8","0.0","0.3","1.4"
"111","1975","7","Maharashtra","Nanded","24.7","29.3","1186.23","42.6","38.2","896.71","238.0","94.7","397.9","48.9","22.3","456.03","286.9","117.0","407.81","2.4","0.6","250.0","0.5","0.5","1000.0","0.0","0.0","0.0","0.0","0.0","0.0","22.1","6.3","285.07","42.1","27.6","655.58","66.9","7.9","118.09","34.2","11.3","330.41","8.8","1.2","136.36","0.7","0.2","285.71","3.9","1.7","435.9","0.9","0.2","222.22","8.9","1.8","202.25","0.0","0.0","0.0","0.0","0.0","0.0","67.3","16.4","243.68","4.9","30.7","6265.31","196.6","5.9","30.01","3.0","1.7","4.7","0.0","0.4","1.4"
"111","1976","7","Maharashtra","Nanded","37.7","38.4","1018.57","35.1","26.9","766.38","253.4","220.6","870.56","46.8","33.5","715.81","300.2","254.1","846.44","2.2","0.6","272.73","0.3","0.4","1333.33","0.0","0.0","0.0","0.0","0.0","0.0","18.1","5.0","276.24","39.9","15.3","383.46","64.8","24.7","381.17","31.9","8.3","260.19","7.1","0.8","112.68","0.5","0.1","200.0","3.2","1.1","343.75","0.9","0.7","777.78","7.9","2.2","278.48","0.0","0.0","0.0","0.0","0.0","0.0","57.6","13.2","229.17","5.9","36.2","6135.59","173.6","11.4","65.67","2.6","1.8","4.4","0.0","0.3","1.8"
"111","1977","7","Maharashtra","Nanded","37.4","56.9","1521.39","50.8","36.3","714.57","279.6","342.1","1223.53","49.0","31.5","642.86","328.6","373.6","1136.94","1.9","0.8","421.05","0.2","0.4","2000.0","0.0","0.0","0.0","0.0","0.0","0.0","17.2","6.0","348.84","41.5","17.0","409.64","62.8","23.7","377.39","28.1","16.2","576.51","7.9","2.3","291.14","0.6","0.1","166.67","3.7","1.1","297.3","0.9","0.2","222.22","7.9","2.0","253.16","0.0","0.0","0.0","0.0","0.0","0.0","56.0","21.9","391.07","6.9","49.8","7217.39","181.9","19.8","108.85","2.5","1.7","4.2","0.0","0.3","2.3"
"111","1978","7","Maharashtra","Nanded","38.0","39.4","1036.84","40.0","31.9","797.5","241.6","218.0","902.32","40.5","31.3","772.84","282.1","249.3","883.73","3.0","1.4","466.67","0.2","0.3","1500.0","0.0","0.0","0.0","0.0","0.0","0.0","15.5","3.3","212.9","37.1","15.7","423.18","64.6","24.7","382.35","19.5","6.0","307.69","7.6","2.2","289.47","0.4","0.1","250.0","3.8","1.0","263.16","0.7","0.1","142.86","8.3","1.9","228.92","0.0","0.0","0.0","0.0","0.0","0.0","47.3","11.3","238.9","5.9","40.4","6847.46","201.6","16.4","81.35","2.4","1.7","4.1","0.0","0.3","2.3"
"111","1979","7","Maharashtra","Nanded","34.6","39.0","1127.17","37.4","35.0","935.83","247.9","309.9","1250.1","37.1","26.0","700.81","285.0","335.9","1178.6","1.6","0.8","500.0","0.5","1.0","2000.0","0.0","0.0","0.0","0.0","0.0","0.0","16.2","3.9","240.74","38.2","16.1","421.47","60.0","24.6","410.0","17.6","10.4","590.91","9.7","2.3","237.11","0.5","0.1","200.0","3.6","1.2","333.33","0.9","0.2","222.22","7.5","1.8","240.0","0.0","0.0","0.0","0.0","0.0","0.0","44.0","16.0","363.64","4.2","31.0","7380.95","217.2","20.0","92.08","2.9","1.6","4.5","0.0","0.3","2.5"
"111","1980","7","Maharashtra","Nanded","33.5","44.0","1313.43","34.7","23.5","677.23","242.6","182.6","752.68","38.0","17.9","471.05","280.6","200.5","714.54","1.5","0.7","466.67","0.5","0.9","1800.0","0.0","0.0","0.0","0.0","0.0","0.0","15.4","3.3","214.29","39.5","13.3","336.71","54.1","14.8","273.57","17.3","9.2","531.79","9.1","1.7","186.81","0.4","0.1","250.0","2.8","1.4","500.0","1.0","0.2","200.0","7.7","1.7","220.78","0.7","0.3","428.57","0.0","0.0","0.0","41.1","22.5","547.45","4.8","36.9","7687.5","223.8","15.0","67.02","3.1","1.6","4.7","0.0","0.3","1.8"
"111","1981","7","Maharashtra","Nanded","34.1","54.4","1595.31","41.1","28.8","700.73","255.4","187.6","734.53","37.4","20.7","553.48","292.8","208.3","711.41","1.3","0.8","615.38","0.4","0.6","1500.0","0.0","0.0","0.0","0.0","0.0","0.0","16.5","3.9","236.36","40.5","18.0","444.44","54.5","15.8","289.91","16.4","7.5","457.32","8.5","1.5","176.47","0.3","0.1","333.33","3.0","2.2","733.33","0.8","0.1","125.0","7.6","2.2","289.47","1.7","0.7","411.76","0.0","0.0","0.0","39.5","12.3","311.39","6.6","48.6","7363.64","227.4","17.3","76.08","3.0","1.7","4.7","0.0","0.3","2.2"
"111","1982","7","Maharashtra","Nanded","34.6","25.4","734.1","39.9","28.7","719.3","250.9","370.8","1477.88","38.0","23.2","610.53","288.9","394.0","1363.79","1.2","0.5","416.67","0.5","0.8","1600.0","0.0","0.0","0.0","0.0","0.0","0.0","15.6","3.3","211.54","40.6","21.6","532.02","43.6","13.4","307.34","17.4","6.8","390.8","9.3","2.2","236.56","0.4","0.1","250.0","2.7","1.6","592.59","0.8","0.3","375.0","7.7","2.2","285.71","3.2","1.2","375.0","0.0","0.0","0.0","30.2","11.7","387.42","8.9","79.6","8943.82","222.2","18.9","85.06","2.6","1.7","4.3","0.0","0.3","1.2"
"111","1983","7","Maharashtra","Nanded","36.3","39.8","1096.42","48.1","31.6","656.96","251.3","86.1","342.62","40.2","19.2","477.61","291.5","105.3","361.23","1.2","0.7","583.33","0.6","0.8","1333.33","0.0","0.0","0.0","0.0","0.0","0.0","17.7","4.7","265.54","39.2","19.0","484.69","47.2","15.3","324.15","19.7","10.3","522.84","9.3","2.2","236.56","0.4","0.1","250.0","3.4","2.5","735.29","0.7","0.3","428.57","8.7","2.3","264.37","5.6","0.7","125.0","0.0","0.0","0.0","29.9","13.7","458.19","7.0","41.5","5928.57","225.3","9.6","42.61","2.6","1.6","4.2","0.0","0.2","1.3"
"111","1984","7","Maharashtra","Nanded","42.7","25.9","606.56","36.9","27.0","731.71","250.7","293.8","1171.92","42.9","28.8","671.33","293.6","322.6","1098.77","1.0","0.3","300.0","0.3","0.4","1333.33","0.0","0.0","0.0","0.0","0.0","0.0","17.0","5.1","300.0","42.8","22.0","514.02","45.3","12.6","278.15","10.5","6.7","638.1","8.1","2.1","259.26","0.3","0.1","333.33","4.3","2.8","651.16","0.8","0.2","250.0","8.6","2.6","302.33","8.8","3.7","420.45","0.0","0.0","0.0","33.6","13.6","404.76","7.1","41.5","5845.07","208.7","25.7","123.14","2.8","1.5","4.3","0.0","0.2","0.3"
"111","1985","7","Maharashtra","Nanded","38.1","26.5","695.54","26.2","17.3","660.31","261.7","211.1","806.65","42.9","22.7","529.14","304.6","233.8","767.56","0.9","0.2","222.22","0.4","0.5","1250.0","0.0","0.0","0.0","0.0","0.0","0.0","19.0","5.5","289.47","42.6","27.2","638.5","59.2","23.7","400.34","8.3","3.0","361.45","7.9","1.7","215.19","0.4","0.1","250.0","5.2","2.6","500.0","0.8","0.2","250.0","7.7","1.6","207.79","12.9","7.6","589.15","0.0","0.0","0.0","52.4","23.0","438.93","5.3","32.0","6037.74","214.3","26.2","122.26","2.8","1.7","4.5","0.0","0.4","0.3"
"111","1986","7","Maharashtra","Nanded","31.0","13.0","419.35","18.0","9.0","500.0","262.9","132.9","505.52","35.8","15.2","424.58","298.7","148.1","495.82","0.0","0.0","0.0","0.4","0.2","500.0","0.0","0.0","0.0","0.0","0.0","0.0","12.0","3.0","250.0","42.0","14.0","333.33","73.5","22.8","310.2","7.0","3.0","428.57","7.9","1.2","151.9","0.4","0.1","250.0","5.2","2.2","423.08","0.8","0.2","250.0","4.4","1.3","295.45","10.8","4.4","407.41","0.0","0.0","0.0","45.7","13.5","295.4","4.1","18.3","4463.41","215.0","8.0","37.21","3.0","1.8","4.8","0.0","0.2","0.5"
"111","1987","7","Maharashtra","Nanded","26.0","10.0","384.62","20.0","15.0","750.0","273.2","338.8","1240.12","35.1","17.9","509.97","308.3","356.7","1156.99","0.7","0.2","285.71","1.0","1.0","1000.0","0.0","0.0","0.0","0.0","0.0","0.0","16.0","5.0","312.5","42.0","37.0","880.95","60.2","28.0","465.12","15.0","13.0","866.67","8.1","1.8","222.22","0.4","0.1","250.0","10.9","10.7","981.65","0.8","0.2","250.0","3.1","1.0","322.58","32.1","14.5","451.71","0.1","0.0","0.0","73.6","41.3","561.14","5.1","24.1","4725.49","209.0","25.0","119.62","4.2","1.2","5.4","0.0","0.2","0.5"
"111","1988","7","Maharashtra","Nanded","34.0","20.8","611.76","27.4","29.6","1080.29","242.2","70.7","291.91","35.6","14.5","407.3","277.8","85.2","306.7","1.1","1.0","909.09","1.0","0.6","600.0","0.0","0.0","0.0","0.0","0.0","0.0","19.1","6.5","340.31","42.3","25.8","609.93","65.0","8.6","132.31","33.1","36.4","1099.7","19.7","1.1","55.84","0.1","0.1","1000.0","7.2","2.6","361.11","1.0","0.1","100.0","3.1","1.0","322.58","15.2","23.0","1513.16","0.0","0.0","0.0","85.3","44.5","521.69","7.3","32.9","4506.85","218.3","13.7","62.76","4.5","2.0","6.5","0.0","0.5","1.0"
"111","1989","7","Maharashtra","Nanded","30.8","32.8","1064.94","25.2","26.9","1067.46","247.7","386.9","1561.97","37.1","25.8","695.42","284.8","412.7","1449.09","0.8","0.5","625.0","0.9","0.7","777.78","0.0","0.0","0.0","0.0","0.0","0.0","15.5","6.9","445.16","45.7","41.5","908.1","61.2","20.9","341.5","26.1","36.7","1406.13","14.9","2.8","187.92","0.1","0.0","0.0","8.9","5.7","640.45","1.1","0.4","363.64","3.0","0.6","200.0","0.0","0.0","0.0","0.0","0.0","0.0","86.1","68.3","793.26","10.7","81.2","7588.79","221.3","38.0","171.71","5.2","2.6","7.8","0.0","0.6","0.4"
"111","1990","7","Maharashtra","Nanded","29.9","29.3","979.93","24.9","21.5","863.45","232.2","284.4","1224.81","37.8","25.1","664.02","270.0","309.5","1146.3","1.7","1.0","588.24","0.5","0.5","1000.0","0.0","0.0","0.0","0.1","0.1","1000.0","15.1","6.2","410.6","43.3","12.2","281.76","47.0","13.5","287.23","24.5","19.0","775.51","12.3","3.2","260.16","0.0","0.0","0.0","10.2","4.3","421.57","0.3","0.2","666.67","3.4","0.8","235.29","34.4","21.9","636.63","0.0","0.0","0.0","90.1","50.2","557.16","13.0","96.23","7402.31","234.9","21.06","89.66","9.0","2.2","11.2","0.0","0.4","0.9"
"111","1991","7","Maharashtra","Nanded","34.2","10.0","292.4","17.9","15.3","854.75","233.2","158.8","680.96","26.5","16.4","618.87","259.7","175.2","674.62","1.3","0.2","153.85","0.8","0.7","875.0","0.0","0.0","0.0","0.0","0.0","0.0","9.7","3.5","360.82","41.6","17.1","411.06","60.2","11.5","191.03","12.7","8.0","629.92","12.0","1.3","108.33","0.0","0.0","0.0","8.0","3.0","375.0","0.3","0.1","333.33","5.3","0.7","132.08","20.2","8.5","420.79","0.3","0.2","666.67","56.8","19.6","345.07","13.2","61.51","4659.85","264.0","12.65","47.92","8.6","1.1","9.7","0.0","0.4","0.3"
"111","1992","7","Maharashtra","Nanded","31.6","23.2","734.18","21.1","27.9","1322.27","255.0","484.6","1900.39","28.4","21.2","746.48","283.4","505.8","1784.76","1.1","0.7","636.36","0.7","1.4","2000.0","0.0","0.0","0.0","0.0","0.0","0.0","17.1","8.5","497.08","46.8","24.5","523.5","49.2","27.4","556.91","11.5","9.6","834.78","11.0","3.1","281.82","0.1","0.0","0.0","8.1","3.6","444.44","1.1","0.2","181.82","1.4","0.2","142.86","25.9","13.2","509.65","0.2","0.2","1000.0","63.4","30.9","487.38","9.6","62.09","6467.71","236.9","22.73","95.95","9.4","1.0","10.4","0.0","0.5","0.3"
"111","1993","7","Maharashtra","Nanded","31.3","31.3","1000.0","24.2","29.2","1206.61","237.4","369.4","1556.02","29.9","28.6","956.52","267.3","398.0","1488.96","0.7","0.6","857.14","1.7","2.1","1235.29","0.0","0.0","0.0","0.0","0.0","0.0","19.5","12.4","635.9","47.9","33.3","695.2","80.4","64.7","804.73","10.5","12.4","1180.95","11.4","3.6","315.79","0.3","0.1","333.33","10.9","7.4","678.9","1.4","0.3","214.29","1.5","0.4","266.67","36.0","22.7","630.56","1.3","1.7","1307.69","76.5","49.4","645.75","9.3","67.0","7204.3","226.1","27.73","122.64","9.8","1.0","10.8","0.0","0.3","0.4"
"111","1994","7","Maharashtra","Nanded","31.5","27.1","860.32","20.1","24.8","1233.83","219.6","343.1","1562.39","31.4","30.6","974.52","251.0","373.7","1488.84","1.3","0.7","538.46","1.7","2.2","1294.12","0.0","0.0","0.0","0.0","0.0","0.0","24.9","12.2","489.96","48.1","25.6","532.22","71.7","21.4","298.47","6.2","6.0","967.74","10.9","3.2","293.58","0.8","0.2","250.0","11.7","6.0","512.82","0.9","0.2","222.22","1.5","0.7","466.67","35.6","21.3","598.31","3.1","3.2","1032.26","73.6","41.3","561.14","13.2","101.83","7714.39","245.4","27.01","110.07","10.9","0.9","11.8","0.0","0.3","0.4"
"111","1995","7","Maharashtra","Nanded","31.4","18.1","576.43","21.2","22.0","1037.74","214.1","502.7","2347.97","33.1","29.1","879.15","247.2","531.8","2151.29","1.8","1.3","722.22","0.9","1.4","1555.56","0.0","0.0","0.0","0.0","0.0","0.0","24.5","8.4","342.86","46.6","12.0","257.51","60.2","37.4","621.26","7.9","7.5","949.37","8.0","1.7","212.5","0.0","0.0","0.0","11.6","6.1","525.86","0.0","0.0","0.0","1.5","0.6","400.0","31.6","20.7","655.06","2.1","2.7","1285.71","67.6","40.2","594.67","15.5","93.1","6006.45","270.4","30.77","113.79","7.3","1.9","9.2","0.0","0.1","0.5"
"111","1996","7","Maharashtra","Nanded","28.2","21.4","758.87","24.8","31.9","1286.29","212.9","370.6","1740.72","32.4","31.6","975.31","245.3","402.2","1639.62","0.7","0.5","714.29","0.8","0.9","1125.0","0.0","0.0","0.0","0.0","0.0","0.0","26.0","12.9","496.15","47.1","33.7","715.5","75.7","51.9","685.6","14.3","11.6","811.19","10.6","2.8","264.15","0.0","0.0","0.0","12.1","7.4","611.57","0.0","0.0","0.0","2.0","1.1","550.0","34.1","19.8","580.65","1.8","3.0","1666.67","78.7","46.4","589.58","14.3","101.14","7072.73","298.4","31.23","104.66","6.8","1.2","8.0","0.0","0.2","0.7"
"111","1997","7","Maharashtra","Nanded","34.5","20.3","588.41","22.3","13.8","618.83","208.2","229.1","1100.38","34.6","19.7","569.36","242.8","248.8","1024.71","0.9","0.4","444.44","0.6","0.9","1500.0","0.0","0.0","0.0","0.0","0.0","0.0","20.7","5.8","280.19","43.7","5.7","130.43","88.5","17.0","192.09","6.7","4.0","597.01","8.1","1.9","234.57","0.0","0.0","0.0","11.9","2.5","210.08","0.0","0.0","0.0","2.0","0.3","150.0","26.1","11.1","425.29","10.8","11.7","1083.33","67.7","27.2","401.77","9.9","176.95","17873.74","278.9","14.79","53.03","6.7","1.5","8.2","0.0","0.2","1.5"
"111","1998","7","Maharashtra","Nanded","25.3","15.8","624.51","29.5","35.9","1216.95","201.7","234.4","1162.12","26.6","20.6","774.44","228.3","255.0","1116.95","0.3","0.2","666.67","0.1","0.1","1000.0","0.6","0.6","1000.0","0.0","0.0","0.0","32.4","13.9","429.01","48.1","49.9","1037.42","90.1","54.0","599.33","11.2","8.2","732.14","9.3","2.0","215.05","0.6","0.1","166.67","7.9","3.5","443.04","0.7","0.2","285.71","0.8","0.2","250.0","26.8","10.0","373.13","6.1","5.8","950.82","65.7","30.5","464.23","11.0","84.9","7718.18","278.1","35.46","127.51","9.4","1.5","10.9","0.0","0.2","2.2"
"111","1999","7","Maharashtra","Nanded","26.1","15.6","597.7","33.4","39.1","1170.66","202.2","265.5","1313.06","26.5","27.0","1018.87","228.7","292.5","1278.97","0.3","0.15","500.0","0.1","0.1","1000.0","0.0","0.0","0.0","0.2","0.1","500.0","33.8","20.8","615.38","48.6","56.0","1152.26","90.0","46.7","518.89","10.4","8.6","826.92","8.2","1.9","231.71","0.0","0.0","0.0","7.6","4.6","605.26","0.6","0.1","166.67","0.6","0.2","333.33","15.7","8.2","522.29","5.2","8.4","1615.38","50.5","32.52","643.96","14.8","112.72","7616.22","274.3","30.18","110.03","8.2","1.0","9.2","0.0","0.3","1.9"
"111","2000","7","Maharashtra","Nanded","26.7","20.1","752.81","26.1","28.2","1080.46","209.0","256.6","1227.75","30.1","21.5","714.29","239.1","278.1","1163.11","0.2","0.1","500.0","0.1","0.1","1000.0","0.0","0.0","0.0","0.0","0.0","0.0","21.8","7.5","344.04","53.2","25.4","477.44","105.1","43.2","411.04","7.3","4.3","589.04","8.7","1.7","195.4","1.2","0.2","166.67","7.5","2.6","346.67","0.6","0.1","166.67","0.4","0.1","250.0","13.8","6.0","434.78","10.1","9.1","900.99","51.8","24.6","474.9","14.7","95.36","6487.07","270.0","14.18","52.52","6.0","0.3","6.3","0.0","0.2","2.0"
"111","2001","7","Maharashtra","Nanded","23.9","24.4","1020.92","26.7","34.7","1299.63","181.2","210.7","1162.8","30.2","31.1","1029.8","211.4","241.8","1143.8","0.5","0.2","400.0","1.2","2.2","1833.33","0.0","0.0","0.0","0.0","0.0","0.0","26.0","15.8","607.69","52.3","39.9","762.91","102.3","29.4","287.39","10.3","11.3","1097.09","7.9","2.8","354.43","1.2","0.2","166.67","7.5","5.5","733.33","0.8","0.2","250.0","0.5","0.1","200.0","14.3","7.2","503.5","21.3","34.3","1610.33","65.3","61.93","948.39","14.7","92.0","6258.5","245.7","28.07","114.25","9.7","0.6","10.3","0.0","0.5","2.2"
"111","2002","7","Maharashtra","Nanded","24.1","15.3","634.85","30.4","40.8","1342.11","171.9","279.5","1625.95","31.9","32.1","1006.27","203.8","311.6","1528.95","0.7","0.5","714.29","1.5","1.4","933.33","0.0","0.0","0.0","0.0","0.0","0.0","33.2","22.7","683.73","54.9","55.4","1009.11","114.1","83.86","734.97","7.6","10.6","1394.74","7.8","2.2","282.05","0.9","0.2","222.22","8.3","5.6","674.7","3.5","0.8","228.57","0.4","0.1","250.0","16.7","12.2","730.54","39.7","54.7","1377.83","87.1","86.69","995.29","14.5","106.0","7310.34","214.6","21.44","99.91","9.3","0.5","9.8","0.1","0.3","2.3"
"111","2003","7","Maharashtra","Nanded","23.3","13.4","575.11","31.5","43.5","1380.95","164.2","214.4","1305.72","30.9","31.0","1003.24","195.1","245.4","1257.82","0.6","0.3","500.0","1.6","2.0","1250.0","0.0","0.0","0.0","0.0","0.0","0.0","37.5","25.8","688.0","55.8","44.6","799.28","109.4","81.2","742.23","7.0","10.1","1442.86","8.0","2.5","312.5","0.3","0.09","300.0","8.4","6.5","773.81","0.0","0.0","0.0","0.4","0.1","250.0","17.4","13.1","752.87","68.5","87.3","1274.45","114.0","120.72","1058.95","14.2","100.73","7093.66","215.5","34.49","160.05","10.5","0.2","10.7","0.1","0.0","0.0"
"111","2004","7","Maharashtra","Nanded","16.4","8.2","500.0","31.6","38.5","1218.35","165.3","212.7","1286.75","32.6","27.8","852.76","197.9","240.5","1215.26","0.2","0.1","500.0","1.5","1.79","1193.33","0.0","0.0","0.0","0.0","0.0","0.0","40.7","20.4","501.23","52.8","47.8","905.3","79.2","39.39","497.35","5.0","5.5","1100.0","6.3","1.1","174.6","0.2","0.1","500.0","9.4","4.4","468.09","0.0","0.0","0.0","0.4","0.2","500.0","21.8","9.8","449.54","110.3","103.5","938.35","155.8","125.1","802.95","9.6","47.17","4913.54","233.2","33.13","142.07","17.1","0.5","17.6","0.0","0.36","0.0"
"111","2005","7","Maharashtra","Nanded","15.6","6.7","429.49","37.7","38.3","1015.92","170.7","133.4","781.49","32.6","24.4","748.47","203.3","157.8","776.19","0.1","0.1","1000.0","1.4","2.1","1500.0","0.0","0.0","0.0","0.0","0.0","0.0","52.3","31.6","604.21","53.3","27.8","521.58","84.6","32.6","385.34","9.5","12.7","1336.84","5.6","1.6","285.71","0.8","0.24","300.0","10.9","7.4","678.9","0.0","0.0","0.0","0.4","0.1","250.0","26.1","13.2","505.75","156.4","144.4","923.27","212.9","180.34","847.06","9.9","66.12","6678.79","227.8","21.96","96.4","20.6","1.8","22.4","0.0","1.67","0.0"
"111","2006","7","Maharashtra","Nanded","15.6","9.4","602.56","40.1","49.9","1244.39","170.1","162.1","952.97","31.7","27.3","861.2","201.8","189.4","938.55","0.0","0.0","0.0","1.2","2.26","1883.33","0.0","0.0","0.0","0.0","0.0","0.0","58.6","34.0","580.2","54.9","38.6","703.1","90.6","23.9","263.8","9.5","11.2","1178.95","6.1","1.1","180.33","1.5","0.3","200.0","10.2","5.5","539.22","1.1","0.17","154.55","0.4","0.1","250.0","26.2","15.8","603.05","169.1","118.7","701.95","226.0","153.17","677.74","27.2","170.12","6254.41","215.7","22.0","101.99","0.0","0.0","0.0","0.0","0.74","0.0"
"111","2007","7","Maharashtra","Nanded","14.5","10.45","720.69","22.7","34.5","1519.82","167.8","195.17","1163.11","27.1","23.6","870.85","194.9","218.77","1122.47","0.6","0.32","533.33","1.3","2.42","1861.54","0.0","0.0","0.0","0.0","0.0","0.0","42.6","40.5","950.7","61.1","47.5","777.41","101.8","34.55","339.39","3.5","3.9","1114.29","5.6","1.38","246.43","0.2","0.12","600.0","7.8","6.1","782.05","1.7","0.6","352.94","0.3","0.1","333.33","14.9","12.92","867.11","159.1","172.27","1082.78","195.1","197.89","1014.3","33.8","229.85","6800.3","207.8","46.41","223.34","0.0","0.0","0.0","0.0","1.72","0.0"
"111","2008","7","Maharashtra","Nanded","8.0","4.2","525.0","19.8","27.0","1363.64","111.3","105.4","946.99","27.4","22.1","806.57","138.7","127.5","919.25","0.2","0.1","500.0","1.0","1.12","1120.0","0.0","0.0","0.0","0.0","0.0","0.0","44.3","31.5","711.06","58.1","27.7","476.76","70.7","25.1","355.02","4.6","4.5","978.26","2.7","0.6","222.22","0.2","0.12","600.0","7.1","3.8","535.21","0.0","0.0","0.0","0.1","0.1","1000.0","11.6","7.0","603.45","163.2","129.9","795.96","191.8","146.42","763.4","19.2","111.39","5801.56","269.3","32.52","120.76","0.0","0.0","0.0","0.0","0.0","0.0"
"111","2009","7","Maharashtra","Nanded","5.6","1.49","266.07","19.1","19.77","1035.08","125.1","91.64","732.53","29.6","21.92","740.54","154.7","113.56","734.07","0.0","0.0","0.0","1.2","1.02","850.0","0.0","0.0","0.0","0.0","0.0","0.0","48.4","34.76","718.18","60.2","43.03","714.78","84.7","12.03","142.03","2.5","2.47","988.0","2.3","0.3","130.43","0.0","0.0","0.0","7.5","3.71","494.67","0.8","0.16","200.0","0.1","0.02","200.0","9.3","5.14","552.69","188.3","86.13","457.41","211.8","98.1","463.17","12.9","62.13","4816.28","257.4","33.53","130.26","0.0","0.0","0.0","0.0","0.0","0.0"
"111","2010","7","Maharashtra","Nanded","5.2","2.71","521.15","49.0","82.68","1687.35","126.5","133.47","1055.1","29.2","27.86","954.11","155.7","161.33","1036.16","0.0","0.0","0.0","1.14","1.48","1298.25","0.0","0.0","0.0","0.0","0.0","0.0","52.9","53.84","1017.77","68.3","40.35","590.78","93.81","67.71","721.78","6.8","7.82","1150.0","3.1","0.89","287.1","0.0","0.0","0.0","5.6","3.02","539.29","0.6","0.21","350.0","0.0","0.0","0.0","8.1","5.3","654.32","181.2","268.39","1481.18","206.6","285.94","1384.03","13.7","82.75","6040.15","302.1","78.58","260.11","0.0","0.0","0.0","0.0","0.0","0.0"
"111","2011","7","Maharashtra","Nanded","4.0","1.5","375.0","31.1","54.05","1737.94","129.3","167.38","1294.51","28.2","26.51","940.07","157.5","193.89","1231.05","0.0","0.0","0.0","1.1","1.8","1636.36","0.0","0.0","0.0","0.0","0.0","0.0","54.5","42.58","781.28","66.5","42.72","642.41","76.4","42.96","562.3","7.8","7.74","992.31","2.8","0.61","217.86","0.0","0.0","0.0","4.2","2.41","573.81","0.5","0.1","200.0","0.0","0.0","0.0","4.9","2.97","606.12","183.0","233.76","1277.38","204.2","247.88","1213.91","23.9","175.2","7330.54","326.6","88.56","271.16","12.82","2.07","14.88","0.03","0.39","0.0"
"111","2012","7","Maharashtra","Nanded","4.0","2.09","522.5","30.4","43.48","1430.26","129.4","157.61","1218.01","22.6","19.26","852.21","152.0","176.87","1163.62","0.0","0.0","0.0","0.8","1.15","1437.5","0.0","0.0","0.0","0.0","0.0","0.0","54.7","66.01","1206.76","64.5","36.89","571.94","82.19","58.91","716.75","5.3","5.82","1098.11","2.6","0.72","276.92","0.0","0.0","0.0","6.7","5.02","749.25","2.8","0.84","300.0","0.0","0.0","0.0","1.4","0.9","642.86","185.0","283.38","1531.78","204.64","296.87","1450.69","12.8","104.79","8186.72","326.6","89.62","274.4","16.25","1.34","17.59","0.02","0.38","0.0"
"111","2013","7","Maharashtra","Nanded","0.8","0.4","500.0","38.9","43.8","1125.96","88.3","71.3","807.47","28.8","21.1","732.64","117.1","92.4","789.07","0.0","0.0","0.0","2.7","2.7","1000.0","0.0","0.0","0.0","0.0","0.0","0.0","65.3","59.6","912.71","71.6","46.1","643.85","81.2","55.5","683.5","7.3","9.0","1232.88","1.9","0.3","157.89","0.0","0.0","0.0","7.4","4.6","621.62","1.0","0.2","200.0","0.0","0.0","0.0","1.7","1.3","764.71","213.2","274.4","1287.05","299.4","379.8","1268.54","12.2","102.07","8366.39","321.1","64.96","202.3","0.0","0.0","0.0","0.0","0.0","0.0"
"111","2014","7","Maharashtra","Nanded","0.8","0.1","125.0","39.5","29.2","739.24","88.3","28.6","323.9","25.6","13.0","507.81","113.9","41.6","365.23","0.0","0.0","0.0","3.9","3.9","1000.0","0.0","0.0","0.0","0.0","0.0","0.0","51.2","25.7","501.95","71.6","14.7","205.31","63.6","11.2","176.1","5.1","4.3","843.14","1.4","0.1","71.43","0.0","0.0","0.0","3.1","0.9","290.32","0.3","0.1","333.33","0.0","0.0","0.0","1.3","0.3","230.77","218.9","64.5","294.66","230.6","70.3","304.86","18.8","111.32","5921.28","342.3","31.82","92.96","0.0","0.0","0.0","0.0","0.0","0.0"
"111","2015","7","Maharashtra","Nanded","0.4","0.1","250.0","22.3","10.1","452.91","87.1","32.3","370.84","24.4","9.2","377.05","111.5","41.5","372.2","0.0","0.0","0.0","9.1","8.6","945.05","0.0","0.0","0.0","0.0","0.0","0.0","46.6","15.4","330.47","76.9","14.4","187.26","67.6","12.52","185.2","4.8","2.6","541.67","1.5","0.2","133.33","0.0","0.0","0.0","2.4","0.3","125.0","0.01","0.0","0.0","0.01","0.0","0.0","1.26","0.22","174.6","276.1","87.2","315.83","286.5","90.5","315.88","18.8","52.95","2816.49","352.7","43.31","122.8","0.0","0.0","0.0","0.0","0.0","0.0"
"111","2016","7","Maharashtra","Nanded","0.7","1.3","1857.14","60.6","75.7","1249.17","95.0","35.3","371.58","33.6","32.4","964.29","128.6","67.7","526.44","0.0","0.0","0.0","10.3","19.4","1883.5","0.0","0.0","0.0","0.0","0.0","0.0","93.9","149.6","1593.18","86.63","104.82","1209.98","80.82","24.7","305.67","11.7","10.22","873.5","2.54","0.42","166.14","1.3","0.3","230.77","4.3","4.1","953.49","0.1","0.04","400.0","0.01","0.0","375.0","9.48","4.81","507.7","304.3","101.6","333.88","0.0","0.0","0.0","14.5","86.04","5933.38","364.3","114.37","313.95","0.0","0.0","0.0","0.0","0.0","0.0"
"111","2017","7","Maharashtra","Nanded","0.81","1.2","1485.15","46.1","46.0","997.83","88.4","57.8","653.87","35.71","37.6","1053.01","124.1","95.4","768.71","0.0","0.0","0.0","6.15","10.3","1675.89","0.0","0.0","0.0","0.0","0.0","0.0","123.59","155.4","1257.42","77.2","67.9","879.53","69.37","20.91","301.43","3.94","2.7","686.82","3.21","1.02","319.71","0.01","0.0","222.22","4.9","3.7","755.1","0.0","0.0","0.0","0.0","0.0","400.0","0.06","0.03","500.0","273.5","190.4","696.16","0.0","0.0","0.0","23.0","149.5","6500.0","299.54","56.11","187.31","0.0","0.0","0.0","0.0","0.0","0.0"
"112","1966","7","Maharashtra","Osmanabad","31.0","10.0","322.58","77.0","21.0","272.73","219.1","121.3","553.63","203.5","125.2","615.23","422.6","246.5","583.29","17.0","4.0","235.29","2.0","2.0","1000.0","1.0","0.0","0.0","0.0","0.0","0.0","50.0","15.0","300.0","61.0","21.0","344.26","433.3","23.2","53.54","130.0","45.0","346.15","6.1","1.8","295.08","0.4","0.1","250.0","26.06","-1.0","-1.0","0.6","0.0","0.0","23.4","5.3","226.5","0.0","0.0","0.0","0.0","0.0","0.0","575.2","52.2","90.75","6.2","49.3","7951.61","62.0","3.0","48.39","2.67","2.35","5.02","0.04","1.01","2.23"
"112","1967","7","Maharashtra","Osmanabad","36.0","12.0","333.33","54.0","15.0","277.78","220.0","105.8","480.91","216.2","124.6","576.32","436.2","230.4","528.2","24.0","6.0","250.0","5.0","3.0","600.0","1.0","0.0","0.0","0.0","0.0","0.0","53.0","10.0","188.68","82.0","35.0","426.83","447.1","22.2","49.65","138.0","86.0","623.19","7.6","2.0","263.16","0.4","0.1","250.0","25.62","-1.0","-1.0","0.6","0.1","166.67","21.3","4.0","187.79","0.0","0.0","0.0","0.0","0.0","0.0","547.6","92.2","168.37","6.6","46.4","7030.3","45.0","3.0","66.67","2.59","2.67","5.26","0.04","1.17","2.23"
"112","1968","7","Maharashtra","Osmanabad","34.0","13.0","382.35","50.9","22.0","432.22","213.9","102.9","481.07","193.6","168.1","868.29","407.5","271.0","665.03","26.6","9.0","338.35","6.1","6.0","983.61","0.8","0.0","0.0","0.0","0.0","0.0","54.1","16.0","295.75","79.2","31.0","391.41","109.2","18.4","168.5","129.7","94.0","724.75","7.5","2.3","306.67","0.6","0.1","166.67","34.4","-1.0","-1.0","0.5","0.1","200.0","22.6","4.5","199.12","0.0","0.0","0.0","0.0","0.0","0.0","223.6","101.0","451.7","8.4","69.0","8214.29","47.8","5.0","104.6","2.5","3.0","5.5","0.0","1.11","2.6"
"112","1969","7","Maharashtra","Osmanabad","32.3","13.1","405.57","60.3","21.0","348.26","217.0","36.7","169.12","180.0","203.5","1130.56","397.0","240.2","605.04","37.1","13.0","350.4","6.2","2.9","467.74","0.2","0.1","500.0","0.0","0.0","0.0","53.6","12.6","235.07","80.1","23.8","297.13","128.5","25.7","200.0","121.0","81.6","674.38","7.5","1.9","253.33","0.6","0.1","166.67","31.6","-1.0","-1.0","1.0","0.1","100.0","20.5","4.3","209.76","0.0","0.0","0.0","0.0","0.0","0.0","214.9","88.0","409.49","10.3","68.1","6611.65","46.8","4.0","85.47","2.8","3.6","6.4","0.0","1.4","3.6"
"112","1970","7","Maharashtra","Osmanabad","33.5","15.5","462.69","51.4","15.6","303.5","229.7","38.8","168.92","179.5","55.6","309.75","409.2","94.4","230.69","31.6","13.1","414.56","3.7","1.4","378.38","1.2","1.0","833.33","0.0","0.0","0.0","47.4","11.8","248.95","86.1","26.6","308.94","118.8","15.9","133.84","122.8","67.1","546.42","7.3","1.4","191.78","0.6","0.1","166.67","35.8","-1.0","-1.0","0.5","0.1","200.0","19.7","3.7","187.82","0.0","0.0","0.0","0.0","0.0","0.0","225.5","72.4","321.06","7.5","56.0","7466.67","46.4","0.3","6.47","2.4","2.8","5.2","0.0","1.2","6.1"
"112","1971","7","Maharashtra","Osmanabad","31.5","9.0","285.71","77.4","24.8","320.41","172.5","61.7","357.68","253.9","65.5","257.98","426.4","127.2","298.31","22.8","3.4","149.12","4.0","1.2","300.0","0.3","0.2","666.67","0.0","0.0","0.0","72.5","19.6","270.34","56.9","14.9","261.86","101.7","7.7","75.71","107.0","49.0","457.94","1.4","0.4","285.71","0.6","0.1","166.67","45.1","-1.0","-1.0","0.9","0.1","111.11","28.6","5.3","185.31","0.0","0.0","0.0","0.0","0.0","0.0","213.5","54.9","257.14","5.6","22.0","3928.57","29.1","0.6","20.62","1.9","3.7","5.6","0.0","1.4","20.4"
"112","1972","7","Maharashtra","Osmanabad","32.9","0.3","9.12","45.3","6.7","147.9","213.7","67.3","314.93","136.6","26.2","191.8","350.3","93.5","266.91","23.7","1.3","54.85","2.5","0.9","360.0","0.2","0.1","500.0","0.0","0.0","0.0","43.8","6.8","155.25","68.9","9.4","136.43","101.1","10.2","100.89","105.0","15.1","143.81","6.8","0.7","102.94","0.3","0.1","333.33","25.0","4.8","192.0","0.4","0.0","0.0","16.9","4.0","236.69","0.0","0.0","0.0","0.0","0.0","0.0","178.5","24.7","138.38","5.5","28.1","5109.09","26.5","0.9","33.96","1.4","2.6","4.0","0.0","0.9","16.0"
"112","1973","7","Maharashtra","Osmanabad","33.4","22.6","676.65","63.3","20.6","325.43","256.9","73.9","287.66","195.6","107.8","551.12","452.5","181.7","401.55","42.8","11.9","278.04","6.3","2.9","460.32","0.7","0.5","714.29","0.0","0.0","0.0","56.7","17.9","315.7","90.5","29.3","323.76","142.3","40.3","283.2","87.1","53.6","615.38","7.6","1.6","210.53","0.6","0.1","166.67","34.0","11.9","350.0","0.6","0.1","166.67","19.7","2.7","137.06","0.0","0.0","0.0","0.0","0.0","0.0","181.7","70.0","385.25","7.7","44.9","5831.17","24.9","3.0","120.48","1.5","5.0","6.5","0.0","1.6","14.9"
"112","1974","7","Maharashtra","Osmanabad","36.8","15.0","407.61","63.3","40.4","638.23","210.8","170.7","809.77","214.0","145.2","678.5","424.8","315.9","743.64","45.1","10.2","226.16","5.9","2.5","423.73","0.6","0.5","833.33","0.0","0.0","0.0","62.0","22.2","358.06","90.2","28.3","313.75","143.2","39.8","277.93","85.1","66.5","781.43","8.8","2.1","238.64","0.7","0.2","285.71","31.0","12.4","400.0","1.9","0.3","157.89","25.1","6.4","254.98","0.0","0.0","0.0","0.0","0.0","0.0","207.9","87.9","422.8","8.4","63.3","7535.71","29.8","3.8","127.52","1.8","5.3","7.1","0.1","1.6","12.9"
"112","1975","7","Maharashtra","Osmanabad","33.0","40.3","1221.21","72.6","79.3","1092.29","263.0","203.4","773.38","195.5","89.6","458.31","458.5","293.0","639.04","39.5","9.3","235.44","7.2","5.5","763.89","0.5","0.4","800.0","0.0","0.0","0.0","63.7","25.7","403.45","106.7","42.1","394.56","124.1","38.0","306.2","84.0","37.2","442.86","11.9","2.8","235.29","0.6","0.1","166.67","45.1","18.0","399.11","0.8","0.1","125.0","27.1","5.9","217.71","0.0","0.0","0.0","0.0","0.0","0.0","207.9","64.1","308.32","10.6","79.3","7481.13","32.4","1.1","33.95","2.0","5.1","7.1","0.1","1.2","9.8"
"112","1976","7","Maharashtra","Osmanabad","38.0","26.2","689.47","65.3","48.3","739.66","290.2","207.7","715.71","200.8","146.2","728.09","491.0","353.9","720.77","29.7","8.1","272.73","7.1","5.3","746.48","0.2","0.2","1000.0","0.0","0.0","0.0","64.0","18.5","289.06","92.7","30.7","331.18","129.3","44.2","341.84","83.9","35.4","421.93","10.5","2.4","228.57","1.7","0.3","176.47","40.4","14.1","349.01","1.1","0.8","727.27","26.5","5.0","188.68","0.0","0.0","0.0","0.0","0.0","0.0","197.6","58.0","293.52","21.9","140.0","6392.69","20.3","1.0","49.26","2.0","3.4","5.4","0.0","1.3","13.2"
"112","1977","7","Maharashtra","Osmanabad","36.7","34.0","926.43","67.5","51.7","765.93","297.7","253.6","851.86","207.8","135.5","652.07","505.5","389.1","769.73","26.3","10.0","380.23","7.0","5.6","800.0","0.2","0.2","1000.0","0.0","0.0","0.0","64.1","20.2","315.13","95.0","28.8","303.16","127.7","44.2","346.12","82.1","38.8","472.59","11.4","3.2","280.7","1.6","0.3","187.5","42.5","12.5","294.12","0.9","0.2","222.22","27.0","7.4","274.07","0.0","0.0","0.0","0.0","0.0","0.0","202.8","62.4","307.69","15.7","92.4","5885.35","25.0","2.1","84.0","2.0","2.7","4.7","0.0","1.1","13.4"
"112","1978","7","Maharashtra","Osmanabad","34.6","40.2","1161.85","68.0","59.6","876.47","309.8","394.5","1273.4","230.2","165.7","719.81","540.0","560.2","1037.41","26.0","11.3","434.62","7.0","6.6","942.86","0.3","0.3","1000.0","0.0","0.0","0.0","60.6","24.9","410.89","95.1","40.8","429.02","114.7","37.4","326.07","54.3","31.5","580.11","10.6","3.0","283.02","1.1","0.2","181.82","46.1","12.2","264.64","0.7","0.2","285.71","25.4","5.7","224.41","0.0","0.0","0.0","0.0","0.0","0.0","182.4","52.8","289.47","19.9","135.7","6819.1","32.7","4.7","143.73","2.2","3.1","5.3","0.0","1.0","3.3"
"112","1979","7","Maharashtra","Osmanabad","37.8","35.0","925.93","61.9","51.0","823.91","317.1","424.9","1339.96","245.8","201.0","817.74","562.9","625.9","1111.92","23.0","9.7","421.74","5.0","10.7","2140.0","0.2","0.2","1000.0","0.0","0.0","0.0","63.4","29.1","458.99","100.8","43.7","433.53","125.5","31.7","252.59","49.0","54.4","1110.2","13.6","3.1","227.94","1.0","0.2","200.0","47.3","15.4","325.58","1.2","0.3","250.0","27.0","6.1","225.93","0.0","0.0","0.0","0.0","0.0","0.0","191.3","79.5","415.58","14.2","104.3","7345.07","35.2","5.7","161.93","1.6","2.9","4.5","0.0","1.2","21.0"
"112","1980","7","Maharashtra","Osmanabad","37.8","34.4","910.05","59.7","37.9","634.84","315.9","236.5","748.65","214.5","125.6","585.55","530.4","362.1","682.69","23.8","5.4","226.89","6.0","8.4","1400.0","0.2","0.2","1000.0","0.0","0.0","0.0","60.0","25.2","420.0","104.1","34.6","332.37","97.3","9.8","100.72","48.2","48.2","1000.0","12.7","2.4","188.98","1.1","0.2","181.82","47.4","23.2","489.45","1.1","0.2","181.82","26.2","4.6","175.57","40.1","28.3","705.74","0.0","0.0","0.0","175.9","35.7","202.96","16.3","124.1","7613.5","36.3","4.3","118.46","1.4","3.0","4.4","0.0","1.1","7.8"
"112","1981","7","Maharashtra","Osmanabad","39.4","51.7","1312.18","60.6","47.3","780.53","325.1","341.8","1051.37","217.4","135.9","625.11","542.5","477.7","880.55","22.1","10.4","470.59","6.0","10.3","1716.67","0.2","0.2","1000.0","0.0","0.0","0.0","64.5","29.7","460.47","103.3","50.6","489.84","138.2","28.0","202.6","45.8","39.2","855.9","11.8","2.1","177.97","1.1","0.2","181.82","50.4","37.2","738.1","0.9","0.2","222.22","26.0","7.1","273.08","93.1","65.7","705.69","0.0","0.0","0.0","190.8","81.8","428.72","15.8","119.5","7563.29","36.9","5.0","135.5","1.6","3.0","4.6","0.0","0.7","3.0"
"112","1982","7","Maharashtra","Osmanabad","39.4","24.7","626.9","56.3","40.6","721.14","312.0","335.1","1074.04","216.6","104.7","483.38","528.6","439.8","832.01","22.6","8.6","380.53","7.0","10.5","1500.0","0.3","0.3","1000.0","0.0","0.0","0.0","61.1","24.8","405.89","100.1","39.1","390.61","116.9","28.2","241.23","48.5","35.6","734.02","12.9","3.1","240.31","1.2","0.2","166.67","55.8","32.5","582.44","0.9","0.3","333.33","27.2","8.3","305.15","113.0","69.2","612.39","0.0","0.0","0.0","191.2","91.9","480.65","19.9","178.0","8944.72","36.0","5.4","150.0","1.5","3.0","4.5","0.1","0.8","3.2"
"112","1983","7","Maharashtra","Osmanabad","40.4","34.3","849.01","74.2","67.0","902.96","334.8","229.7","686.08","222.3","133.7","601.44","557.1","363.4","652.31","25.8","9.6","372.09","6.0","4.6","766.67","0.3","0.3","1000.0","0.0","0.0","0.0","69.3","35.6","513.71","106.0","64.7","610.38","105.1","25.1","238.82","55.0","54.0","981.82","12.9","3.1","240.31","1.1","0.2","181.82","79.9","55.4","693.37","1.1","0.3","272.73","31.2","7.9","253.21","126.8","38.7","305.21","0.0","0.0","0.0","191.6","81.1","423.28","13.4","95.6","7134.33","36.5","2.7","73.97","1.2","3.0","4.2","0.2","0.9","2.7"
"112","1984","7","Maharashtra","Osmanabad","41.6","22.9","550.48","52.7","38.9","738.14","325.2","343.0","1054.74","231.2","143.2","619.38","556.4","486.2","873.83","22.5","7.1","315.56","5.9","6.1","1033.9","0.0","0.0","0.0","0.0","0.0","0.0","71.5","27.7","387.41","109.4","59.8","546.62","89.4","19.0","212.53","54.7","36.2","661.79","15.2","3.9","256.58","1.2","0.3","250.0","65.7","46.4","706.24","1.0","0.3","300.0","30.2","8.4","278.15","147.7","75.1","508.46","0.0","0.0","0.0","205.4","111.0","540.41","16.9","94.3","5579.88","24.1","2.9","120.33","1.2","4.0","5.2","0.1","1.0","4.9"
"112","1985","7","Maharashtra","Osmanabad","41.0","15.7","382.93","45.1","26.8","594.24","326.8","214.9","657.59","231.6","93.1","401.99","558.4","308.0","551.58","20.8","4.1","197.12","6.5","6.4","984.62","0.0","0.0","0.0","0.0","0.0","0.0","68.6","21.2","309.04","107.0","36.0","336.45","111.2","33.1","297.66","51.9","21.3","410.4","14.7","3.1","210.88","1.2","0.3","250.0","64.1","26.2","408.74","1.1","0.4","363.64","27.1","4.5","166.05","134.8","53.1","393.92","0.0","0.0","0.0","320.9","119.0","370.83","14.6","74.7","5116.44","26.0","2.8","107.69","1.3","4.1","5.4","0.1","0.8","4.9"
"112","1986","7","Maharashtra","Osmanabad","34.1","2.4","70.38","26.0","9.0","346.15","314.5","66.7","212.08","195.2","46.7","239.24","509.7","113.4","222.48","20.0","4.0","200.0","4.0","2.0","500.0","0.0","0.0","0.0","0.0","0.0","0.0","51.0","6.0","117.65","101.0","16.0","158.42","119.1","12.9","108.31","49.0","8.0","163.27","13.4","0.8","59.7","2.4","0.5","208.33","55.5","19.9","358.56","1.0","0.8","800.0","23.4","1.8","76.92","140.5","17.1","121.71","0.0","0.0","0.0","315.1","60.5","192.0","10.1","51.8","5128.71","25.0","0.5","20.0","1.5","4.1","5.6","0.1","1.1","4.9"
"112","1987","7","Maharashtra","Osmanabad","32.0","13.0","406.25","29.0","26.0","896.55","317.3","385.6","1215.25","257.2","152.5","592.92","574.5","538.1","936.64","19.0","10.0","526.32","2.0","2.0","1000.0","0.0","0.0","0.0","0.0","0.0","0.0","55.0","22.0","400.0","110.0","66.0","600.0","124.9","68.9","551.64","46.0","37.0","804.35","16.3","4.9","300.61","0.8","0.2","250.0","99.1","38.2","385.47","1.1","0.7","636.36","33.2","8.1","243.98","127.2","63.6","500.0","0.0","0.0","0.0","364.2","166.9","458.26","11.1","81.1","7306.31","23.0","3.0","130.43","0.8","6.4","7.2","0.1","0.7","36.5"
"112","1988","7","Maharashtra","Osmanabad","34.0","19.0","558.82","46.8","51.4","1098.29","265.0","121.1","456.98","202.5","116.4","574.81","467.5","237.5","508.02","25.7","7.2","280.16","9.4","0.8","85.11","0.0","0.0","0.0","0.0","0.0","0.0","66.6","34.2","513.51","140.1","38.9","277.66","144.7","38.0","262.61","59.7","28.0","469.01","31.6","2.1","66.46","1.4","0.3","214.29","57.3","31.2","544.5","0.0","0.0","0.0","30.9","7.3","236.25","178.5","42.8","239.78","0.0","0.0","0.0","419.0","118.7","283.29","17.4","103.5","5948.28","37.0","2.4","64.86","3.1","13.4","16.5","0.2","2.9","4.9"
"112","1989","7","Maharashtra","Osmanabad","36.9","33.1","897.02","48.5","54.2","1117.53","306.8","384.9","1254.56","224.8","160.8","715.3","531.6","545.7","1026.52","22.8","12.3","539.47","11.2","7.6","678.57","0.0","0.0","0.0","0.0","0.0","0.0","65.7","32.1","488.58","150.6","88.7","588.98","117.6","37.6","319.73","57.6","48.5","842.01","24.4","2.5","102.46","0.2","0.2","1000.0","59.8","33.5","560.2","0.9","0.3","333.33","29.1","6.9","237.11","0.0","0.0","0.0","0.0","0.0","0.0","396.4","195.6","493.44","27.6","181.8","6586.96","20.7","3.0","144.93","3.3","12.5","15.8","0.2","3.2","5.0"
"112","1990","7","Maharashtra","Osmanabad","39.9","42.7","1070.18","49.4","48.1","973.68","305.9","344.3","1125.53","219.0","168.5","769.41","524.9","512.8","976.95","21.5","8.8","409.3","9.4","15.1","1606.38","0.0","0.0","0.0","0.6","0.5","833.33","69.3","31.9","460.32","153.0","36.9","241.18","92.9","35.5","382.13","58.2","28.9","496.56","28.2","3.6","127.66","1.5","0.7","466.67","58.0","19.6","337.93","0.8","0.3","375.0","29.0","6.0","206.9","170.8","105.7","618.85","0.3","0.3","1000.0","383.5","172.1","448.76","32.5","240.56","7401.85","23.5","1.75","74.47","3.2","11.6","14.8","0.2","1.8","7.5"
"112","1991","7","Maharashtra","Osmanabad","36.8","9.3","252.72","29.5","12.8","433.9","303.4","140.3","462.43","154.5","59.7","386.41","457.9","200.0","436.78","21.6","4.3","199.07","8.0","2.3","287.5","0.0","0.0","0.0","0.1","0.1","1000.0","32.2","9.8","304.35","149.8","21.6","144.19","114.5","30.8","269.0","53.0","14.4","271.7","28.1","2.3","81.85","1.1","0.3","272.73","30.1","7.6","252.49","0.3","0.1","333.33","14.5","1.4","96.55","111.0","36.0","324.32","0.0","0.0","0.0","261.1","64.1","245.5","31.6","178.08","5635.44","27.1","1.41","52.03","3.0","7.0","10.0","0.2","1.5","4.0"
"112","1992","7","Maharashtra","Osmanabad","36.2","26.5","732.04","34.6","25.9","748.55","333.9","565.6","1693.92","211.7","126.6","598.02","545.6","692.2","1268.7","17.8","13.0","730.34","4.6","8.5","1847.83","0.0","0.0","0.0","0.0","0.0","0.0","58.8","24.6","418.37","142.0","34.8","245.07","123.3","55.8","452.55","42.7","24.9","583.14","17.2","6.6","383.72","0.2","0.1","500.0","52.2","21.2","406.13","0.9","0.2","222.22","14.3","2.4","167.83","127.8","63.7","498.44","0.2","0.2","1000.0","286.6","125.1","436.5","22.3","131.49","5896.41","24.7","2.36","95.55","3.1","7.1","10.2","0.2","1.8","6.2"
"112","1993","7","Maharashtra","Osmanabad","34.3","27.7","807.58","50.4","58.2","1154.76","270.7","368.2","1360.18","249.5","203.9","817.23","520.2","572.1","1099.77","20.6","17.1","830.1","14.5","16.0","1103.45","0.0","0.0","0.0","0.0","0.0","0.0","68.2","48.2","706.74","125.3","48.6","387.87","129.5","70.3","542.86","34.6","25.5","736.99","20.9","6.5","311.0","0.6","0.3","500.0","65.2","40.9","627.3","0.8","0.2","250.0","17.1","5.0","292.4","185.1","123.2","665.59","3.0","4.0","1333.33","360.0","213.3","592.5","19.4","135.46","6982.47","24.6","3.93","159.76","2.8","8.4","11.2","0.1","1.5","6.4"
"112","1994","7","Maharashtra","Osmanabad","34.6","21.9","632.95","37.0","31.8","859.46","240.6","264.1","1097.67","240.1","146.3","609.33","480.7","410.4","853.75","18.7","10.5","561.5","10.9","14.4","1321.1","0.0","0.0","0.0","0.0","0.0","0.0","69.5","33.2","477.7","139.5","35.2","252.33","158.8","46.9","295.34","37.2","21.3","572.58","23.4","5.1","217.95","0.3","0.1","333.33","60.0","26.0","433.33","0.8","0.2","250.0","16.2","2.9","179.01","168.0","95.8","570.24","16.5","11.9","721.21","345.4","167.5","484.94","37.6","251.05","6676.86","29.8","4.25","142.62","3.0","8.7","11.7","0.1","1.5","6.3"
"112","1995","7","Maharashtra","Osmanabad","33.1","17.6","531.72","40.9","40.6","992.67","253.9","409.0","1610.87","246.8","163.8","663.7","500.7","572.8","1144.0","24.5","15.8","644.9","5.4","4.9","907.41","0.0","0.0","0.0","0.0","0.0","0.0","71.6","37.8","527.93","134.6","63.2","469.54","133.0","74.6","560.9","32.8","19.5","594.51","23.5","7.1","302.13","0.0","0.0","0.0","62.5","29.7","475.2","0.0","0.0","0.0","16.3","4.3","263.8","177.6","105.0","591.22","8.1","7.0","864.2","343.8","176.7","513.96","33.9","205.4","6059.0","38.5","4.66","121.04","7.7","9.0","16.7","0.1","1.3","5.3"
"112","1996","7","Maharashtra","Osmanabad","37.0","28.3","764.86","57.7","62.1","1076.26","269.0","453.0","1684.01","242.9","212.7","875.67","511.9","665.7","1300.45","27.6","20.6","746.38","5.3","4.9","924.53","0.0","0.0","0.0","0.0","0.0","0.0","80.5","49.0","608.7","137.2","85.6","623.91","139.5","63.2","453.05","35.6","26.4","741.57","26.4","5.9","223.48","0.0","0.0","0.0","64.3","37.5","583.2","0.0","0.0","0.0","14.5","6.5","448.28","194.8","117.9","605.24","5.6","6.1","1089.29","369.2","207.2","561.21","36.6","236.87","6471.86","38.4","5.3","138.02","8.1","10.6","18.7","0.3","1.5","20.9"
"112","1997","7","Maharashtra","Osmanabad","37.5","10.2","272.0","69.7","28.4","407.46","266.1","241.8","908.68","235.4","39.3","166.95","501.5","281.1","560.52","27.1","8.9","328.41","7.2","5.6","777.78","0.1","0.1","1000.0","0.0","0.2","0.0","70.6","10.8","152.97","145.5","6.2","42.61","168.9","30.1","178.21","37.5","13.0","346.67","22.6","4.3","190.27","1.3","0.0","0.0","67.5","4.0","59.26","5.8","0.3","51.72","13.3","2.0","150.38","155.0","41.8","269.68","25.2","13.6","539.68","353.2","69.2","195.92","14.4","158.02","10973.61","33.7","2.59","76.85","7.6","11.0","18.6","0.3","1.6","20.8"
"112","1998","7","Maharashtra","Osmanabad","35.1","13.4","381.77","69.7","75.2","1078.91","275.2","348.7","1267.08","210.2","163.2","776.4","485.4","511.9","1054.59","27.5","13.3","483.64","13.4","11.5","858.21","0.1","0.1","1000.0","0.1","0.1","1000.0","78.9","42.3","536.12","140.9","116.1","823.99","155.5","89.0","572.35","33.1","17.3","522.66","18.5","4.0","216.22","0.8","0.2","250.0","55.1","29.3","531.76","0.7","0.2","285.71","15.3","4.4","287.58","162.6","70.8","435.42","6.8","6.5","955.88","315.1","137.3","435.73","40.0","290.13","7253.25","35.6","4.86","136.52","4.4","10.7","15.1","0.3","1.7","17.7"
"112","1999","7","Maharashtra","Osmanabad","34.9","20.2","578.8","64.5","55.4","858.91","266.4","324.4","1217.72","239.0","201.8","844.35","505.4","526.2","1041.16","29.2","13.7","469.18","15.4","18.3","1188.31","0.0","0.0","0.0","0.5","0.4","800.0","80.6","46.6","578.16","150.3","138.5","921.49","175.1","45.0","257.0","33.0","19.3","584.85","16.9","3.4","201.18","0.8","0.19","237.5","55.8","29.7","532.26","0.9","0.2","222.22","14.6","5.1","349.32","139.3","68.8","493.9","8.8","10.5","1193.18","293.3","142.33","485.27","54.4","382.87","7038.05","30.5","3.47","113.77","4.3","10.5","14.8","0.2","1.9","17.9"
"112","2000","7","Maharashtra","Osmanabad","38.0","21.4","563.16","59.9","60.2","1005.01","269.3","338.3","1256.22","252.6","198.8","787.01","521.9","537.1","1029.12","29.8","18.3","614.09","18.1","17.6","972.38","0.0","0.0","0.0","0.0","0.0","0.0","85.8","46.1","537.3","160.0","85.0","531.25","181.9","50.5","277.63","31.2","17.2","551.28","18.1","3.6","198.9","0.6","0.1","166.67","54.6","24.3","445.05","0.1","0.01","100.0","13.7","3.9","284.67","130.1","68.3","524.98","9.1","10.1","1109.89","275.4","131.7","478.21","54.6","386.05","7070.51","24.8","3.54","142.74","0.9","4.9","5.8","0.2","4.5","18.7"
"112","2001","7","Maharashtra","Osmanabad","36.5","15.8","432.88","54.3","49.7","915.29","245.2","257.2","1048.94","282.3","188.4","667.38","527.5","445.6","844.74","28.0","8.6","307.14","15.0","16.0","1066.67","0.0","0.0","0.0","0.0","0.0","0.0","95.3","47.7","500.52","140.9","84.0","596.17","192.4","18.2","94.59","23.9","8.9","372.38","15.4","2.9","188.31","1.5","0.4","266.67","55.6","17.2","309.35","0.6","0.02","33.33","14.9","7.4","496.64","116.2","50.9","438.04","17.7","11.0","621.47","260.0","101.1","388.85","63.2","377.01","5965.35","19.6","2.6","132.65","0.9","8.7","9.6","0.4","8.0","18.9"
"112","2002","7","Maharashtra","Osmanabad","37.4","14.4","385.03","50.6","54.4","1075.1","243.4","326.3","1340.59","280.5","166.5","593.58","523.9","492.8","940.64","29.8","14.0","469.8","15.6","10.6","679.49","0.0","0.0","0.0","0.0","0.0","0.0","94.9","39.2","413.07","152.5","88.2","578.36","197.8","85.0","429.73","22.4","9.6","428.57","14.8","3.2","216.22","0.3","0.1","333.33","51.9","19.6","377.65","0.0","0.0","0.0","15.2","3.6","236.84","118.6","56.9","479.76","26.3","30.1","1144.49","264.1","126.5","478.99","55.9","281.7","5039.36","11.7","1.2","102.56","0.9","1.9","2.8","0.3","1.3","19.0"
"112","2003","7","Maharashtra","Osmanabad","38.5","9.3","241.56","48.4","22.9","473.14","233.9","268.2","1146.64","311.1","52.1","167.47","545.0","320.3","587.71","27.8","9.1","327.34","16.3","7.2","441.72","0.0","0.0","0.0","0.0","0.0","0.0","100.1","28.6","285.71","145.8","59.7","409.47","191.3","68.5","358.08","20.5","4.7","229.27","14.5","3.2","220.69","1.4","0.23","164.29","58.0","14.6","251.72","0.0","0.0","0.0","7.9","1.7","215.19","127.7","40.4","316.37","135.5","131.4","969.74","380.8","200.21","525.76","31.8","136.74","4300.0","7.4","1.04","140.54","0.9","1.1","2.0","0.3","0.6","0.0"
"112","2004","7","Maharashtra","Osmanabad","38.4","12.9","335.94","52.7","47.4","899.43","217.5","195.6","899.31","287.1","163.8","570.53","504.6","359.4","712.25","26.6","10.5","394.74","19.2","17.36","904.17","0.0","0.0","0.0","0.0","0.0","0.0","95.6","46.1","482.22","153.7","100.2","651.92","180.6","49.83","275.91","22.6","10.7","473.45","14.0","2.4","171.43","1.2","0.4","333.33","58.0","27.6","475.86","0.0","0.0","0.0","7.3","3.3","452.05","133.9","71.5","533.98","180.0","122.2","678.89","432.4","241.52","558.56","4.2","22.46","5347.62","12.7","2.11","165.83","10.3","3.6","13.9","0.4","2.82","0.0"
"112","2005","7","Maharashtra","Osmanabad","35.2","14.7","417.61","69.4","75.7","1090.78","210.2","290.3","1381.07","290.5","239.0","822.72","500.7","529.3","1057.12","26.1","11.8","452.11","16.6","15.2","915.66","0.0","0.0","0.0","0.0","0.0","0.0","118.3","83.4","704.99","158.1","135.0","853.89","149.6","66.59","445.12","26.2","20.5","782.44","12.1","2.8","231.4","1.0","0.25","250.0","61.8","38.9","629.45","0.0","0.0","0.0","5.3","1.6","301.89","147.2","95.5","648.78","206.6","286.1","1384.8","477.0","449.43","942.2","29.2","213.86","7323.97","7.9","1.53","193.67","10.5","3.4","13.9","0.3","2.02","0.0"
"112","2006","7","Maharashtra","Osmanabad","33.4","13.3","398.2","74.2","71.3","960.92","211.3","234.3","1108.85","269.4","197.3","732.37","480.7","431.6","897.86","25.9","12.6","486.49","20.0","21.15","1057.5","0.0","0.0","0.0","0.0","0.0","0.0","123.1","75.6","614.13","162.2","81.3","501.23","157.6","20.39","129.38","27.1","19.5","719.56","11.9","1.8","151.26","1.0","0.23","230.0","60.7","34.2","563.43","1.0","0.1","100.0","6.0","1.7","283.33","153.2","83.8","547.0","187.8","62.8","334.4","463.6","206.73","445.92","85.4","634.41","7428.69","7.7","1.26","163.64","0.0","0.0","0.0","0.0","1.84","0.0"
"112","2007","7","Maharashtra","Osmanabad","29.2","12.8","438.36","67.2","91.0","1354.17","201.1","252.6","1256.09","281.3","248.5","883.4","482.4","501.1","1038.76","26.2","13.23","504.96","20.0","19.44","972.0","0.0","0.0","0.0","0.0","0.0","0.0","120.7","86.5","716.65","173.8","203.4","1170.31","179.8","69.15","384.59","18.6","12.98","697.85","11.4","2.3","201.75","0.5","0.13","260.0","57.3","39.4","687.61","0.3","0.0","0.0","6.9","2.1","304.35","122.8","80.43","654.97","219.2","260.9","1190.24","447.2","400.83","896.31","121.7","785.59","6455.14","5.6","1.41","251.79","0.0","0.0","0.0","0.0","1.62","0.0"
"112","2008","7","Maharashtra","Osmanabad","8.9","3.2","359.55","68.4","76.0","1111.11","177.8","157.2","884.14","313.9","256.8","818.09","491.7","414.0","841.98","22.1","10.0","452.49","20.5","19.51","951.71","0.0","0.0","0.0","0.0","0.0","0.0","158.6","111.3","701.77","154.3","107.2","694.75","63.4","9.62","151.74","15.3","9.3","607.84","10.0","1.7","170.0","1.0","0.27","270.0","50.9","25.8","506.88","0.0","0.0","0.0","7.3","1.4","191.78","106.4","63.9","600.56","237.3","98.0","412.98","436.2","201.91","462.88","74.1","442.91","5977.19","5.1","1.26","247.06","0.0","0.0","0.0","0.0","0.0","0.0"
"112","2009","7","Maharashtra","Osmanabad","9.3","4.97","534.41","64.4","67.13","1042.39","200.2","134.27","670.68","294.0","240.16","816.87","494.2","374.43","757.65","21.6","9.5","439.81","24.0","25.78","1074.17","0.0","0.0","0.0","0.0","0.0","0.0","132.9","93.78","705.64","154.3","169.72","1099.94","77.4","13.1","169.25","14.4","7.43","515.97","7.9","1.45","183.54","0.2","0.07","350.0","52.9","25.3","478.26","0.8","0.12","150.0","6.5","1.45","223.08","90.7","48.31","532.64","263.8","165.01","625.51","439.6","249.61","567.81","78.1","622.36","7968.76","7.4","2.0","270.27","0.0","0.0","0.0","0.0","0.0","0.0"
"112","2010","7","Maharashtra","Osmanabad","17.5","6.19","353.71","75.3","89.27","1185.52","175.0","217.93","1245.31","300.5","224.53","747.19","475.5","442.46","930.52","20.9","8.9","425.84","26.87","28.38","1056.2","0.0","0.0","0.0","0.0","0.0","0.0","153.5","128.25","835.5","182.88","176.06","962.71","167.01","98.65","590.68","16.3","12.31","755.21","7.9","1.64","207.59","0.0","0.0","0.0","47.1","29.34","622.93","0.5","0.14","280.0","7.4","1.46","197.3","93.1","60.13","645.86","259.7","543.22","2091.72","439.7","650.21","1478.76","76.2","543.9","7137.8","21.6","7.94","367.59","0.0","0.0","0.0","0.0","0.0","0.0"
"112","2011","7","Maharashtra","Osmanabad","17.4","7.3","419.54","59.4","80.85","1361.11","161.3","197.65","1225.36","275.6","206.81","750.4","436.9","404.46","925.75","20.6","11.5","558.25","28.4","39.5","1390.85","0.0","0.0","0.0","0.0","0.0","0.0","119.6","95.35","797.24","204.1","160.01","783.98","82.8","49.32","595.65","15.6","11.05","708.33","8.2","2.13","259.76","0.0","0.0","0.0","44.1","24.36","552.38","0.3","0.06","200.0","5.5","1.34","243.64","45.5","28.76","632.09","356.2","574.62","1613.19","482.6","644.37","1335.21","97.4","677.63","6957.19","25.4","8.71","342.91","21.38","14.79","36.17","0.76","10.19","0.0"
"112","2012","7","Maharashtra","Osmanabad","19.8","7.77","392.42","55.2","58.63","1062.14","150.9","189.13","1253.35","275.4","123.51","448.47","426.3","312.64","733.38","21.0","7.87","374.76","30.43","31.16","1023.99","0.0","0.0","0.0","0.0","0.0","0.0","127.2","85.21","669.89","199.5","177.94","891.93","87.25","37.6","430.95","13.9","8.3","597.12","8.6","1.93","224.42","0.0","0.0","0.0","44.2","21.46","485.52","3.56","0.77","216.29","5.0","1.03","206.0","44.4","19.65","442.57","377.1","726.62","1926.86","504.48","781.45","1549.02","98.6","528.46","5359.63","31.5","8.19","260.0","8.83","7.79","16.62","0.55","3.44","0.0"
"112","2013","7","Maharashtra","Osmanabad","20.7","11.5","555.56","61.9","86.1","1390.95","141.3","192.8","1364.47","229.2","197.3","860.82","370.5","390.1","1052.9","20.4","13.3","651.96","35.8","57.2","1597.77","0.0","0.0","0.0","0.0","0.0","0.0","174.1","206.2","1184.38","213.4","271.9","1274.13","160.6","172.7","1075.34","15.3","15.9","1039.22","8.4","2.2","261.9","0.0","0.0","0.0","48.0","30.7","639.58","1.6","0.3","187.5","5.2","1.3","250.0","42.8","27.1","633.18","441.9","940.8","2128.99","571.8","1045.7","1828.79","110.4","607.8","5505.43","33.7","12.87","381.9","0.0","0.0","0.0","0.0","0.0","0.0"
"112","2014","7","Maharashtra","Osmanabad","18.9","3.6","190.48","71.3","17.9","251.05","133.6","106.6","797.9","238.1","82.6","346.91","371.7","189.2","509.01","20.2","4.8","237.62","33.9","15.6","460.18","0.0","0.0","0.0","0.0","0.0","0.0","179.9","68.7","381.88","214.2","56.9","265.64","81.7","23.2","283.97","12.2","4.2","344.26","7.5","0.9","120.0","0.0","0.0","0.0","41.2","11.8","286.41","2.0","0.4","200.0","5.4","1.1","203.7","38.0","10.6","278.95","470.3","275.6","586.01","582.7","305.6","524.46","86.2","394.68","4578.65","33.1","4.63","139.88","0.0","0.0","0.0","0.0","0.0","0.0"
"112","2015","7","Maharashtra","Osmanabad","10.0","0.9","90.0","44.1","13.3","301.59","97.5","42.4","434.87","153.7","47.8","311.0","251.2","90.2","359.08","12.5","2.0","160.0","26.0","6.95","267.31","0.0","0.0","0.0","0.0","0.0","0.0","146.1","34.4","235.46","176.7","39.6","224.11","55.4","6.7","120.94","7.01","1.4","199.71","5.4","0.5","92.59","0.0","0.0","0.0","29.2","6.3","215.75","1.3","0.2","153.85","2.4","0.4","166.67","22.1","4.43","200.45","431.7","123.9","287.0","503.8","137.3","272.53","64.2","186.16","2899.69","18.7","1.51","80.75","0.0","0.0","0.0","0.0","0.0","0.0"
"112","2016","7","Maharashtra","Osmanabad","9.6","2.1","218.75","83.2","108.5","1304.09","101.9","83.9","823.36","186.7","165.6","886.98","288.6","249.5","864.52","12.6","3.6","285.71","30.6","20.1","656.86","0.0","0.0","0.0","0.0","0.0","0.0","238.8","219.8","920.44","192.9","491.08","2545.78","61.89","28.87","466.42","9.7","6.8","701.03","6.56","1.24","188.45","1.7","0.6","352.94","42.1","29.1","691.21","2.3","0.6","260.87","4.0","1.2","300.0","19.5","12.59","645.86","472.3","326.1","690.45","0.0","0.0","0.0","21.0","93.72","4462.86","16.0","5.92","370.13","0.0","0.0","0.0","0.0","0.0","0.0"
"112","2017","7","Maharashtra","Osmanabad","10.3","3.0","291.26","47.1","31.0","658.17","91.34","76.2","834.21","195.07","142.1","728.47","286.41","218.3","762.19","11.4","4.9","429.82","40.34","31.3","775.89","0.0","0.0","0.0","0.0","0.0","0.0","362.83","265.4","731.47","181.6","189.5","1043.5","61.7","16.97","275.05","8.84","6.2","701.12","6.5","0.83","127.15","1.4","0.3","214.29","19.5","10.8","553.85","1.0","0.2","200.0","2.02","0.7","346.71","14.15","6.14","433.6","508.2","544.4","1071.23","0.0","0.0","0.0","75.0","401.5","5353.33","16.56","3.55","214.14","0.0","0.0","0.0","0.0","0.0","0.0"
"113","1966","7","Maharashtra","Buldhana","2.0","1.0","500.0","31.0","15.0","483.87","257.4","120.1","466.59","1.3","0.7","538.46","258.7","120.8","466.95","5.0","1.0","200.0","1.3","1.5","1153.85","0.0","0.0","0.0","0.0","0.0","0.0","7.0","2.0","285.71","26.0","22.0","846.15","195.8","8.2","41.88","18.0","4.0","222.22","1.5","0.3","200.0","0.2","0.1","500.0","19.22","-1.0","-1.0","0.0","0.0","0.0","0.9","0.3","333.33","0.0","0.0","0.0","0.0","0.0","0.0","103.6","4.7","45.37","1.3","6.1","4692.31","246.0","17.0","69.11","0.93","1.13","2.06","0.0","0.32","0.12"
"113","1967","7","Maharashtra","Buldhana","3.0","1.0","333.33","31.0","13.0","419.35","259.1","171.1","660.36","1.4","0.6","428.57","260.5","171.7","659.12","7.0","3.0","428.57","0.8","1.7","2125.0","0.0","0.0","0.0","0.0","0.0","0.0","4.0","1.0","250.0","29.0","12.0","413.79","235.5","16.7","70.91","18.0","6.0","333.33","1.5","0.4","266.67","0.3","0.1","333.33","16.23","-1.0","-1.0","0.0","0.0","0.0","1.3","0.4","307.69","0.0","0.0","0.0","0.0","0.0","0.0","90.9","6.9","75.91","1.4","6.5","4642.86","253.0","20.0","79.05","1.05","1.21","2.27","0.0","0.41","0.04"
"113","1968","7","Maharashtra","Buldhana","2.6","2.0","769.23","32.9","16.0","486.32","271.2","228.7","843.29","0.8","0.3","375.0","272.0","229.0","841.91","9.2","1.0","108.7","0.6","0.5","833.33","0.0","0.0","0.0","0.0","0.0","0.0","4.2","1.0","238.1","25.4","13.0","511.81","72.3","13.3","183.96","16.5","10.0","606.06","1.6","0.3","187.5","0.2","0.1","500.0","17.1","-1.0","-1.0","0.0","0.0","0.0","1.0","0.2","200.0","0.0","0.0","0.0","0.0","0.0","0.0","36.8","10.6","288.04","1.6","11.9","7437.5","245.3","22.0","89.69","1.2","1.1","2.3","0.0","0.4","0.0"
"113","1969","7","Maharashtra","Buldhana","3.1","3.1","1000.0","31.8","13.0","408.81","258.7","202.3","781.99","0.9","0.1","111.11","259.6","202.4","779.66","10.1","3.3","326.73","0.8","0.4","500.0","0.0","0.0","0.0","0.0","0.0","0.0","4.0","0.9","225.0","25.7","14.4","560.31","73.5","15.0","204.08","19.0","9.4","494.74","2.1","0.5","238.1","0.3","0.1","333.33","18.5","-1.0","-1.0","0.1","0.1","1000.0","1.0","0.3","300.0","0.0","0.0","0.0","0.0","0.0","0.0","41.3","10.4","251.82","2.0","14.8","7400.0","260.1","23.6","90.73","1.3","1.3","2.6","0.0","0.5","0.0"
"113","1970","7","Maharashtra","Buldhana","3.2","3.4","1062.5","29.3","13.8","470.99","264.2","112.4","425.44","0.8","0.1","125.0","265.0","112.5","424.53","10.4","2.3","221.15","0.6","0.2","333.33","0.0","0.0","0.0","0.0","0.0","0.0","4.2","1.4","333.33","25.0","13.9","556.0","76.8","11.0","143.23","25.3","13.4","529.64","3.0","0.3","100.0","0.2","0.1","500.0","26.7","-1.0","-1.0","0.0","0.0","0.0","1.1","0.3","272.73","0.0","0.0","0.0","0.0","0.0","0.0","56.7","14.1","248.68","1.1","7.1","6454.55","256.5","7.8","30.41","1.2","1.7","2.9","0.0","0.5","0.1"
"113","1971","7","Maharashtra","Buldhana","2.5","2.3","920.0","40.0","16.4","410.0","258.7","136.6","528.02","0.9","0.2","222.22","259.6","136.8","526.96","8.0","0.6","75.0","0.6","0.1","166.67","0.1","0.1","1000.0","0.0","0.0","0.0","4.4","1.2","272.73","24.1","13.1","543.57","70.6","8.7","123.23","22.1","12.5","565.61","2.1","0.2","95.24","0.3","0.1","333.33","38.7","-1.0","-1.0","0.1","0.0","0.0","0.8","0.2","250.0","0.0","0.0","0.0","0.0","0.0","0.0","64.7","13.0","200.93","1.8","11.1","6166.67","258.3","17.1","66.2","1.1","1.7","2.8","0.0","0.8","0.0"
"113","1972","7","Maharashtra","Buldhana","2.9","1.2","413.79","31.2","12.3","394.23","266.6","106.2","398.35","0.4","0.1","250.0","267.0","106.3","398.13","11.5","2.1","182.61","0.6","0.2","333.33","0.0","0.0","0.0","0.0","0.0","0.0","4.5","0.8","177.78","23.5","8.1","344.68","77.2","8.2","106.22","29.7","9.1","306.4","2.3","0.2","86.96","0.3","0.1","333.33","20.0","5.4","270.0","0.1","0.0","0.0","1.1","0.2","181.82","0.0","0.0","0.0","0.0","0.0","0.0","65.7","15.0","228.31","1.4","7.8","5571.43","250.1","16.9","67.57","1.1","1.7","2.8","0.0","0.9","0.1"
"113","1973","7","Maharashtra","Buldhana","2.9","2.5","862.07","34.3","19.9","580.17","293.8","143.8","489.45","2.7","1.1","407.41","296.5","144.9","488.7","12.9","3.5","271.32","0.5","0.3","600.0","0.0","0.0","0.0","0.0","0.0","0.0","5.5","1.9","345.45","24.4","17.4","713.11","82.9","14.6","176.12","25.7","13.8","536.96","2.5","0.4","160.0","0.3","0.1","333.33","42.4","12.7","299.53","0.1","0.0","0.0","1.4","0.4","285.71","0.0","0.0","0.0","0.0","0.0","0.0","67.9","27.4","403.53","1.6","11.0","6875.0","229.3","15.1","65.85","1.2","1.9","3.1","0.0","1.1","0.0"
"113","1974","7","Maharashtra","Buldhana","2.8","1.3","464.29","36.6","30.2","825.14","264.1","207.0","783.79","0.8","0.5","625.0","264.9","207.5","783.31","14.2","6.2","436.62","0.6","0.5","833.33","0.0","0.0","0.0","0.0","0.0","0.0","7.2","2.7","375.0","26.6","21.6","812.03","89.1","21.3","239.06","27.8","18.5","665.47","2.4","0.5","208.33","0.4","0.1","250.0","36.1","12.6","349.03","0.0","0.0","0.0","1.9","0.7","368.42","0.0","0.0","0.0","0.0","0.0","0.0","82.6","32.4","392.25","1.7","12.4","7294.12","222.5","22.6","101.57","1.3","1.7","3.0","0.0","0.9","0.1"
"113","1975","7","Maharashtra","Buldhana","3.3","2.8","848.48","45.5","46.8","1028.57","287.2","235.4","819.64","1.3","0.6","461.54","288.5","236.0","818.02","14.0","4.2","300.0","0.5","0.8","1600.0","0.0","0.0","0.0","0.0","0.0","0.0","8.5","3.7","435.29","26.4","25.4","962.12","90.3","25.8","285.71","29.8","27.2","912.75","3.1","0.6","193.55","0.2","0.1","500.0","55.1","19.3","350.27","0.0","0.0","0.0","1.5","0.5","333.33","0.0","0.0","0.0","0.0","0.0","0.0","79.4","47.7","600.76","1.7","12.7","7470.59","204.5","13.6","66.5","1.2","2.1","3.3","0.0","1.1","0.2"
"113","1976","7","Maharashtra","Buldhana","2.7","2.4","888.89","44.6","27.4","614.35","301.9","277.5","919.18","1.5","1.5","1000.0","303.4","279.0","919.58","13.2","4.2","318.18","0.5","0.7","1400.0","0.0","0.0","0.0","0.0","0.0","0.0","7.2","1.7","236.11","26.3","15.7","596.96","95.7","27.1","283.18","33.7","8.5","252.23","2.3","0.3","130.43","0.2","0.1","500.0","47.0","16.9","359.57","0.1","0.0","0.0","1.4","0.6","428.57","0.0","0.0","0.0","0.0","0.0","0.0","84.1","26.4","313.91","1.7","10.4","6117.65","188.7","11.4","60.41","1.1","2.2","3.3","0.0","1.2","0.2"
"113","1977","7","Maharashtra","Buldhana","2.9","3.9","1344.83","45.9","41.3","899.78","309.0","275.0","889.97","1.6","0.2","125.0","310.6","275.2","886.03","13.9","5.1","366.91","0.7","1.4","2000.0","0.0","0.0","0.0","0.0","0.0","0.0","7.3","2.1","287.67","28.2","21.5","762.41","94.3","26.4","279.96","27.4","11.7","427.01","4.3","0.7","162.79","0.3","0.1","333.33","48.8","12.9","264.34","0.1","0.0","0.0","1.7","0.5","294.12","0.0","0.0","0.0","0.0","0.0","0.0","77.9","25.9","332.48","1.8","11.6","6444.44","195.7","20.4","104.24","1.0","2.4","3.4","0.0","1.4","0.3"
"113","1978","7","Maharashtra","Buldhana","3.0","4.1","1366.67","49.0","37.5","765.31","262.4","321.8","1226.37","1.4","0.7","500.0","263.8","322.5","1222.52","10.7","4.9","457.94","0.4","0.7","1750.0","0.0","0.0","0.0","0.0","0.0","0.0","13.1","3.3","251.91","34.3","28.1","819.24","82.9","20.7","249.7","27.6","7.7","278.99","2.5","0.7","280.0","0.4","0.1","250.0","52.4","10.5","200.38","0.1","0.0","0.0","1.5","0.6","400.0","0.0","0.0","0.0","0.0","0.0","0.0","80.0","19.6","245.0","1.7","11.1","6529.41","213.5","16.2","75.88","1.5","2.8","4.3","0.1","1.3","0.2"
"113","1979","7","Maharashtra","Buldhana","4.2","3.6","857.14","51.8","49.0","945.95","265.4","351.4","1324.04","1.5","0.7","466.67","266.9","352.1","1319.22","9.7","4.4","453.61","1.0","2.3","2300.0","0.0","0.0","0.0","0.0","0.0","0.0","13.7","3.9","284.67","35.7","29.6","829.13","79.8","34.1","427.32","24.9","13.3","534.14","3.2","0.7","218.75","0.4","0.2","500.0","52.2","17.0","325.67","0.1","0.0","0.0","1.5","0.6","400.0","0.0","0.0","0.0","0.0","0.0","0.0","82.0","31.8","387.8","1.2","8.5","7083.33","230.0","19.7","85.65","1.4","3.7","5.1","0.0","1.9","0.1"
"113","1980","7","Maharashtra","Buldhana","4.0","4.4","1100.0","45.3","37.5","827.81","261.3","314.2","1202.45","1.5","0.6","400.0","262.8","314.8","1197.87","9.6","4.1","427.08","1.0","2.4","2400.0","0.0","0.0","0.0","0.0","0.0","0.0","13.0","3.3","253.85","38.3","28.3","738.9","82.5","8.6","104.24","24.5","11.8","481.63","3.0","0.6","200.0","0.3","0.2","666.67","50.4","24.7","490.08","0.1","0.0","0.0","1.4","0.5","357.14","0.7","0.3","428.57","0.0","0.0","0.0","82.8","28.8","347.83","1.4","10.2","7285.71","237.0","14.8","62.45","1.6","3.3","4.9","0.0","2.1","0.2"
"113","1981","7","Maharashtra","Buldhana","4.0","5.6","1400.0","44.6","42.8","959.64","257.8","376.8","1461.6","1.6","0.6","375.0","259.4","377.4","1454.9","10.2","5.2","509.8","1.0","2.1","2100.0","0.0","0.0","0.0","0.0","0.0","0.0","13.9","3.9","280.58","41.2","33.1","803.4","85.2","18.1","212.44","23.3","9.6","412.02","2.8","0.5","178.57","0.3","0.2","666.67","50.3","18.3","363.82","0.1","0.0","0.0","1.5","0.3","200.0","1.6","0.7","437.5","0.0","0.0","0.0","81.3","32.5","399.75","1.0","8.6","8600.0","240.8","17.1","71.01","1.6","3.2","4.8","0.0","2.0","0.2"
"113","1982","7","Maharashtra","Buldhana","3.2","2.1","656.25","27.5","18.0","654.55","243.7","304.8","1250.72","1.2","0.5","416.67","244.9","305.3","1246.63","9.6","3.8","395.83","1.0","2.2","2200.0","0.0","0.0","0.0","0.0","0.0","0.0","13.2","3.3","250.0","44.4","23.3","524.77","83.2","20.8","250.0","24.6","8.7","353.66","3.1","0.7","225.81","0.3","0.2","666.67","42.9","13.4","312.35","0.1","0.1","1000.0","1.2","0.2","166.67","3.3","1.5","454.55","0.0","0.0","0.0","52.4","16.1","307.25","1.3","8.6","6615.38","235.3","18.7","79.47","1.4","2.5","3.9","0.0","1.6","0.1"
"113","1983","7","Maharashtra","Buldhana","3.0","2.6","866.67","46.7","45.0","963.6","237.3","364.1","1534.34","1.6","0.7","437.5","238.9","364.8","1527.0","8.8","5.1","579.55","1.0","2.4","2400.0","0.0","0.0","0.0","0.0","0.0","0.0","15.0","4.7","313.33","45.8","24.3","530.57","73.4","14.6","198.91","27.9","13.2","473.12","3.1","0.7","225.81","0.3","0.2","666.67","41.6","13.4","322.12","0.1","0.1","1000.0","1.2","0.3","250.0","10.6","4.8","452.83","0.0","0.0","0.0","66.7","29.3","439.28","1.1","8.4","7636.36","238.6","16.8","70.41","1.7","2.4","4.1","0.0","1.5","0.0"
"113","1984","7","Maharashtra","Buldhana","2.7","1.4","518.52","21.2","17.5","825.47","201.7","170.7","846.31","1.2","0.4","333.33","202.9","171.1","843.27","7.8","2.4","307.69","1.8","3.2","1777.78","0.0","0.0","0.0","0.0","0.0","0.0","11.9","5.4","453.78","49.0","30.7","626.53","98.5","16.1","163.45","17.6","7.0","397.73","7.8","1.2","153.85","0.3","0.1","333.33","47.1","17.8","377.92","0.1","0.1","1000.0","1.0","0.4","400.0","1.8","0.9","500.0","0.0","0.0","0.0","69.6","26.9","386.49","1.1","11.2","10181.82","283.8","13.8","48.63","1.3","2.7","4.0","0.1","1.7","0.0"
"113","1985","7","Maharashtra","Buldhana","2.7","1.0","370.37","12.2","7.7","631.15","215.6","248.5","1152.6","0.9","0.5","555.56","216.5","249.0","1150.12","9.2","3.1","336.96","1.8","3.0","1666.67","0.0","0.0","0.0","0.0","0.0","0.0","11.2","4.6","410.71","43.7","34.9","798.63","95.2","50.1","526.26","17.4","5.8","333.33","8.2","2.3","280.49","0.3","0.1","333.33","49.2","16.8","341.46","0.2","0.1","500.0","0.8","0.3","375.0","11.3","4.7","415.93","0.0","0.0","0.0","81.8","28.1","343.52","1.0","5.2","5200.0","265.5","29.0","109.23","1.3","2.7","4.0","0.1","1.7","0.0"
"113","1986","7","Maharashtra","Buldhana","3.0","1.0","333.33","8.0","5.0","625.0","210.9","221.8","1051.68","1.3","0.6","461.54","212.2","222.4","1048.07","11.0","4.0","363.64","2.0","1.0","500.0","0.0","0.0","0.0","0.0","0.0","0.0","14.0","3.0","214.29","46.0","23.0","500.0","82.5","25.9","313.94","16.0","6.0","375.0","8.8","3.1","352.27","0.1","0.0","0.0","54.5","12.3","225.69","0.1","0.0","0.0","0.0","0.0","0.0","14.7","7.3","496.6","0.0","0.0","0.0","92.6","26.3","284.02","0.8","6.0","7500.0","260.0","9.0","34.62","1.3","2.8","4.1","0.1","1.8","0.0"
"113","1987","7","Maharashtra","Buldhana","3.0","1.0","333.33","74.0","5.5","74.32","227.2","362.7","1596.39","1.4","0.7","500.0","228.6","363.4","1589.68","13.0","7.0","538.46","2.0","1.0","500.0","0.0","0.0","0.0","0.0","0.0","0.0","17.0","6.0","352.94","47.0","38.0","808.51","115.1","34.7","301.48","13.0","9.0","692.31","12.8","3.7","289.06","0.2","0.1","500.0","58.6","22.6","385.67","0.1","0.0","0.0","0.0","0.0","0.0","27.6","18.0","652.17","0.0","0.0","0.0","109.1","50.8","465.63","0.9","6.6","7333.33","239.0","20.0","83.68","1.6","3.1","4.7","0.0","2.8","0.0"
"113","1988","7","Maharashtra","Buldhana","3.3","3.8","1151.52","28.1","35.8","1274.02","202.6","213.8","1055.28","2.3","0.8","347.83","204.9","214.6","1047.34","16.0","5.6","350.0","1.9","1.9","1000.0","0.0","0.0","0.0","0.0","0.0","0.0","27.0","16.9","625.93","47.6","51.4","1079.83","116.0","45.0","387.93","17.5","11.5","657.14","22.2","8.4","378.38","0.3","0.1","333.33","48.3","18.8","389.23","0.0","0.0","0.0","0.6","0.3","500.0","18.3","10.2","557.38","0.0","0.0","0.0","113.2","52.2","461.13","1.2","8.1","6750.0","246.8","19.9","80.63","1.8","5.2","7.0","0.0","4.0","0.0"
"113","1989","7","Maharashtra","Buldhana","4.0","1.9","475.0","27.5","32.9","1196.36","209.9","435.5","2074.8","1.1","0.5","454.55","211.0","436.0","2066.35","13.5","6.8","503.7","2.1","1.6","761.9","0.0","0.0","0.0","0.0","0.0","0.0","20.8","11.4","548.08","51.5","52.1","1011.65","121.7","66.7","548.07","16.0","12.6","787.5","21.6","5.6","259.26","0.3","0.1","333.33","54.7","31.9","583.18","0.2","0.1","500.0","0.6","0.2","333.33","0.0","0.0","0.0","0.3","0.2","666.67","106.0","58.3","550.0","1.8","13.2","7333.33","255.8","34.6","135.26","2.1","6.8","8.9","0.0","4.3","0.0"
"113","1990","7","Maharashtra","Buldhana","3.5","2.6","742.86","30.3","40.4","1333.33","203.1","405.8","1998.03","1.1","0.6","545.45","204.2","406.4","1990.21","12.8","7.7","601.56","2.3","1.9","826.09","0.0","0.0","0.0","0.0","0.0","0.0","22.4","12.5","558.04","52.3","19.7","376.67","121.2","73.3","604.79","13.1","12.1","923.66","21.1","4.7","222.75","0.0","0.0","0.0","69.2","35.4","511.56","0.0","0.0","0.0","0.7","0.2","285.71","14.6","8.4","575.34","0.1","0.1","1000.0","123.7","62.2","502.83","2.7","20.97","7766.67","266.7","28.88","108.29","2.0","5.6","7.6","0.0","3.1","0.0"
"113","1991","7","Maharashtra","Buldhana","3.5","1.8","514.29","12.3","12.9","1048.78","198.5","144.7","728.97","0.2","0.1","500.0","198.7","144.8","728.74","14.5","2.9","200.0","2.4","2.9","1208.33","0.0","0.0","0.0","0.0","0.0","0.0","8.8","4.6","522.73","46.2","22.5","487.01","135.1","30.9","228.72","14.0","3.5","250.0","20.4","4.4","215.69","0.0","0.0","0.0","9.9","4.5","454.55","0.0","0.0","0.0","0.2","0.1","500.0","12.5","3.9","312.0","0.3","0.2","666.67","67.2","20.3","302.08","3.4","26.82","7888.23","257.7","12.19","47.3","2.0","5.3","7.3","0.1","3.0","0.0"
"113","1992","7","Maharashtra","Buldhana","3.3","2.6","787.88","22.9","34.3","1497.82","202.3","525.6","2598.12","1.0","0.4","400.0","203.3","526.0","2587.31","16.8","10.4","619.05","11.9","24.2","2033.61","0.0","0.0","0.0","0.0","0.0","0.0","23.5","12.1","514.89","61.2","49.2","803.92","150.1","91.7","610.93","16.5","15.8","957.58","25.6","7.8","304.69","0.2","0.1","500.0","70.8","35.1","495.76","0.3","0.1","333.33","0.4","0.1","250.0","16.5","8.1","490.91","1.0","1.0","1000.0","131.3","68.1","518.66","1.7","10.1","5941.18","216.9","21.2","97.74","1.9","4.9","6.8","0.0","2.6","0.0"
"113","1993","7","Maharashtra","Buldhana","2.7","2.8","1037.04","21.2","36.6","1726.41","194.0","292.7","1508.76","1.2","1.2","1000.0","195.2","293.9","1505.64","13.3","7.3","548.87","19.9","35.0","1758.79","0.0","0.0","0.0","0.0","0.0","0.0","30.6","31.3","1022.88","66.1","68.8","1040.85","145.1","81.5","561.68","15.5","14.2","916.13","26.8","6.2","231.34","0.1","0.1","1000.0","75.2","70.3","934.84","0.0","0.0","0.0","0.3","0.1","333.33","23.4","15.2","649.57","12.4","16.6","1338.71","153.8","122.7","797.79","0.4","2.96","7400.0","216.1","36.07","166.91","2.1","3.8","5.9","0.0","1.6","0.3"
"113","1994","7","Maharashtra","Buldhana","1.3","1.1","846.15","26.6","56.0","2105.26","161.5","318.9","1974.61","3.5","2.4","685.71","165.0","321.3","1947.27","11.8","8.3","703.39","15.6","29.7","1903.85","0.0","0.0","0.0","0.0","0.0","0.0","42.6","26.7","626.76","65.1","46.9","720.43","152.3","53.3","349.97","12.8","9.7","757.81","24.0","3.3","137.5","0.2","0.1","500.0","50.8","32.6","641.73","0.0","0.0","0.0","0.4","0.1","250.0","24.6","13.6","552.85","20.7","24.7","1193.24","134.2","84.2","627.42","2.6","20.39","7842.31","243.6","28.76","118.06","2.4","4.5","6.9","0.0","2.1","0.3"
"113","1995","7","Maharashtra","Buldhana","1.1","0.6","545.45","21.8","32.9","1509.17","118.8","175.0","1473.06","4.3","2.6","604.65","123.1","177.6","1442.73","13.3","9.9","744.36","11.6","10.9","939.66","0.0","0.0","0.0","0.0","0.0","0.0","33.4","18.0","538.92","70.3","55.5","789.47","148.1","52.8","356.52","12.0","8.3","691.67","20.3","4.9","241.38","0.0","0.0","0.0","43.6","25.3","580.28","0.0","0.0","0.0","0.2","0.1","500.0","32.0","19.6","612.5","33.2","27.6","831.33","141.6","85.7","605.23","2.0","14.13","7065.0","254.7","31.64","124.22","2.5","3.4","5.9","0.0","2.0","0.3"
"113","1996","7","Maharashtra","Buldhana","1.0","0.8","800.0","20.2","38.4","1900.99","166.2","416.8","2507.82","7.1","2.8","394.37","173.3","419.6","2421.23","7.0","5.3","757.14","19.1","24.1","1261.78","0.0","0.0","0.0","0.0","0.0","0.0","27.4","24.6","897.81","63.9","49.0","766.82","143.4","95.1","663.18","6.9","7.7","1115.94","2.6","0.9","346.15","0.0","0.0","0.0","43.0","30.3","704.65","0.0","0.0","0.0","0.2","0.1","500.0","15.8","10.6","670.89","24.4","28.8","1180.33","105.7","82.7","782.4","1.3","9.6","7384.62","252.4","41.23","163.35","1.9","2.8","4.7","0.0","2.3","0.0"
"113","1997","7","Maharashtra","Buldhana","0.7","0.3","428.57","17.4","14.7","844.83","164.0","197.9","1206.71","7.0","1.9","271.43","171.0","199.8","1168.42","10.9","4.6","422.02","13.9","20.8","1496.4","0.0","0.0","0.0","0.0","0.0","0.0","28.2","13.9","492.91","60.0","28.2","470.0","139.3","39.7","285.0","5.2","3.6","692.31","8.5","2.6","305.88","1.1","0.0","0.0","37.7","4.7","124.67","0.0","0.0","0.0","0.2","0.1","500.0","12.3","3.7","300.81","38.3","31.0","809.4","104.0","44.0","423.08","0.5","6.87","13740.0","267.9","20.62","76.97","2.3","3.5","5.8","0.0","2.0","0.0"
"113","1998","7","Maharashtra","Buldhana","0.5","0.4","800.0","35.5","60.5","1704.23","130.5","232.5","1781.61","21.2","7.6","358.49","151.7","240.1","1582.73","5.5","2.9","527.27","23.1","41.4","1792.21","0.0","0.0","0.0","0.0","0.0","0.0","45.5","36.7","806.59","61.6","59.2","961.04","132.3","84.0","634.92","10.2","8.4","823.53","12.6","4.6","365.08","0.1","0.1","1000.0","11.2","5.8","517.86","0.0","0.0","0.0","0.3","0.1","333.33","12.6","6.7","531.75","37.3","41.0","1099.2","85.7","67.0","781.8","0.8","6.51","8137.5","265.8","34.43","129.53","5.1","2.6","7.7","0.0","1.2","0.1"
"113","1999","7","Maharashtra","Buldhana","0.2","0.1","500.0","35.5","67.0","1887.32","130.9","244.5","1867.84","21.1","13.3","630.33","152.0","257.8","1696.05","7.5","3.8","506.67","19.4","29.6","1525.77","0.0","0.0","0.0","0.0","0.0","0.0","47.2","33.5","709.75","55.7","42.3","759.43","138.8","75.1","541.07","9.5","7.3","768.42","6.8","2.33","342.65","0.1","0.1","1000.0","8.9","5.6","629.21","0.1","0.1","1000.0","0.0","0.0","0.0","11.8","6.7","567.8","69.5","99.9","1437.41","107.6","122.24","1136.06","0.8","7.56","9450.0","258.1","44.95","174.16","5.5","2.7","8.2","0.0","1.2","0.2"
"113","2000","7","Maharashtra","Buldhana","0.2","0.2","1000.0","21.6","32.3","1495.37","128.4","193.7","1508.57","16.0","10.3","643.75","144.4","204.0","1412.74","7.9","4.9","620.25","21.1","20.1","952.61","0.0","0.0","0.0","0.0","0.0","0.0","18.3","9.5","519.13","59.1","23.9","404.4","169.7","44.8","264.0","6.9","3.5","507.25","7.0","1.7","242.86","0.0","0.0","0.0","5.5","1.9","345.45","0.5","0.1","200.0","0.0","0.0","0.0","8.3","4.6","554.22","68.1","51.4","754.77","96.3","63.2","656.28","1.2","10.36","8633.33","219.8","15.16","68.97","4.6","2.5","7.1","0.0","2.5","0.2"
"113","2001","7","Maharashtra","Buldhana","0.2","0.2","1000.0","23.7","42.3","1784.81","129.7","171.2","1319.97","16.6","17.3","1042.17","146.3","188.5","1288.45","7.8","2.9","371.79","21.6","52.9","2449.07","0.0","0.0","0.0","0.0","0.0","0.0","23.8","14.4","605.04","58.3","39.2","672.38","161.2","90.3","560.17","3.3","2.2","666.67","6.4","2.5","390.62","0.3","0.1","333.33","3.3","1.6","484.85","1.0","0.2","200.0","0.0","0.0","0.0","2.9","1.6","551.72","70.5","102.0","1446.81","87.7","110.23","1256.9","1.1","8.94","8127.27","220.1","33.63","152.79","4.6","2.1","6.7","0.1","2.0","0.2"
"113","2002","7","Maharashtra","Buldhana","0.1","0.1","1000.0","28.9","52.4","1813.15","116.8","185.1","1584.76","20.9","17.4","832.54","137.7","202.5","1470.59","5.7","3.6","631.58","25.7","52.3","2035.02","0.0","0.0","0.0","0.0","0.0","0.0","29.3","16.0","546.08","57.4","40.9","712.54","176.6","68.8","389.58","2.1","1.7","809.52","6.2","1.5","241.94","0.3","0.1","333.33","1.9","0.9","473.68","0.5","0.1","200.0","0.0","0.0","0.0","1.4","0.8","571.43","78.6","98.4","1251.91","91.0","103.5","1137.36","1.3","8.4","6461.54","168.3","33.1","196.67","4.4","1.6","6.0","0.0","1.6","0.2"
"113","2003","7","Maharashtra","Buldhana","0.0","0.0","0.0","30.5","47.8","1567.21","108.0","178.8","1655.56","21.7","16.2","746.54","129.7","195.0","1503.47","4.2","1.9","452.38","27.1","57.7","2129.15","0.0","0.0","0.0","0.0","0.0","0.0","33.1","14.0","422.96","59.5","41.4","695.8","181.4","114.6","631.75","1.1","1.0","909.09","5.9","1.9","322.03","0.0","0.0","0.0","1.8","0.9","500.0","0.0","0.0","0.0","0.0","0.0","0.0","1.3","0.6","461.54","87.9","149.9","1705.35","98.3","154.39","1570.6","1.0","6.92","6920.0","183.1","43.33","236.65","4.3","0.8","5.1","0.0","0.8","0.0"
"113","2004","7","Maharashtra","Buldhana","0.0","0.0","0.0","26.5","18.3","690.57","101.9","114.9","1127.58","19.7","8.2","416.24","121.6","123.1","1012.34","4.2","1.9","452.38","34.9","42.86","1228.08","0.0","0.0","0.0","0.0","0.0","0.0","30.1","11.4","378.74","61.6","37.9","615.26","163.5","59.15","361.77","0.6","0.3","500.0","5.8","1.1","189.66","0.0","0.0","0.0","1.9","0.6","315.79","0.0","0.0","0.0","0.0","0.0","0.0","2.6","1.3","500.0","141.2","132.1","935.55","152.5","135.48","888.39","0.7","5.71","8157.14","198.7","25.38","127.73","3.6","3.0","6.6","0.0","3.0","0.0"
"113","2005","7","Maharashtra","Buldhana","0.0","0.0","0.0","26.1","27.0","1034.48","93.5","98.1","1049.2","19.4","10.7","551.55","112.9","108.8","963.68","4.2","2.1","500.0","33.9","56.84","1676.7","0.0","0.0","0.0","0.0","0.0","0.0","36.6","23.8","650.27","60.8","31.2","513.16","122.0","20.76","170.16","0.4","0.3","750.0","1.6","0.4","250.0","0.2","0.06","300.0","2.9","1.4","482.76","0.0","0.0","0.0","0.0","0.0","0.0","3.6","1.2","333.33","162.5","85.5","526.15","175.3","90.01","513.46","0.3","1.16","3866.67","197.5","38.66","195.75","4.2","3.8","8.0","0.0","3.37","0.0"
"113","2006","7","Maharashtra","Buldhana","0.0","0.0","0.0","58.2","82.5","1417.53","71.5","101.3","1416.78","17.5","15.4","880.0","89.0","116.7","1311.24","3.7","1.8","486.49","43.6","72.87","1671.33","0.0","0.0","0.0","0.0","0.0","0.0","80.9","57.3","708.28","60.3","48.6","805.97","117.1","56.25","480.36","1.7","1.7","1000.0","5.9","1.3","220.34","0.4","0.2","500.0","5.3","3.4","641.51","0.1","0.03","300.0","0.0","0.0","0.0","5.0","3.2","640.0","172.7","216.9","1255.94","191.1","226.73","1186.45","1.4","9.52","6800.0","234.4","50.05","213.52","0.0","0.0","0.0","0.0","3.4","0.0"
"113","2007","7","Maharashtra","Buldhana","0.0","0.0","0.0","59.3","118.5","1998.31","60.6","112.91","1863.2","15.3","16.9","1104.58","75.9","129.81","1710.28","3.0","1.62","540.0","64.6","204.06","3158.82","0.0","0.0","0.0","0.0","0.0","0.0","75.6","72.6","960.32","66.3","65.9","993.97","125.3","84.0","670.39","1.6","1.44","900.0","5.5","1.9","345.45","0.3","0.15","500.0","4.2","2.9","690.48","0.1","0.04","400.0","0.0","0.0","0.0","5.6","3.87","691.07","190.5","382.39","2007.3","207.8","392.69","1889.75","2.8","16.53","5903.57","249.2","94.33","378.53","0.0","0.0","0.0","0.0","1.45","0.0"
"113","2008","7","Maharashtra","Buldhana","0.0","0.0","0.0","47.4","70.0","1476.79","49.7","88.9","1788.73","13.7","14.6","1065.69","63.4","103.5","1632.49","3.7","2.0","540.54","56.4","168.84","2993.62","0.0","0.0","0.0","0.0","0.0","0.0","63.5","47.9","754.33","59.6","30.3","508.39","80.1","10.27","128.21","2.0","1.5","750.0","3.0","0.7","233.33","0.0","0.0","0.0","1.7","0.8","470.59","0.0","0.0","0.0","0.0","0.0","0.0","8.2","4.5","548.78","240.0","68.7","286.25","255.0","76.24","298.98","2.2","12.29","5586.36","247.6","71.81","290.02","0.0","0.0","0.0","0.0","0.0","0.0"
"113","2009","7","Maharashtra","Buldhana","0.0","0.0","0.0","46.0","93.87","2040.65","50.0","87.59","1751.8","14.3","17.62","1232.17","64.3","105.2","1636.08","3.5","2.56","731.43","84.94","185.53","2184.25","0.0","0.0","0.0","0.0","0.0","0.0","75.3","93.52","1241.97","62.1","71.74","1155.23","82.02","33.81","412.22","0.5","0.6","1200.0","2.1","0.67","319.05","0.0","0.0","0.0","2.5","2.38","952.0","0.1","0.04","400.0","0.0","0.0","0.0","1.8","1.09","605.56","212.8","156.49","735.39","220.5","161.35","731.75","1.4","9.74","6957.14","239.4","63.68","266.0","0.0","0.0","0.0","0.0","0.0","0.0"
"113","2010","7","Maharashtra","Buldhana","0.0","0.0","0.0","53.8","92.74","1723.79","49.4","61.36","1242.11","20.4","20.35","997.55","69.8","81.71","1170.63","3.6","1.9","527.78","75.1","182.47","2429.69","0.0","0.0","0.0","0.0","0.0","0.0","74.2","78.68","1060.38","76.8","42.46","552.86","103.12","68.94","668.54","0.8","0.83","1037.5","3.0","1.06","353.33","0.0","0.0","0.0","2.2","1.35","613.64","0.4","0.22","550.0","0.0","0.0","0.0","3.3","2.22","672.73","225.5","416.07","1845.1","235.2","421.74","1793.11","1.0","6.1","6100.0","251.5","74.14","294.79","0.0","0.0","0.0","0.0","0.0","0.0"
"113","2011","7","Maharashtra","Buldhana","0.0","0.0","0.0","41.1","67.85","1650.85","48.2","85.49","1773.65","10.7","8.94","835.51","58.9","94.43","1603.23","3.3","2.1","636.36","65.0","179.15","2756.15","0.0","0.0","0.0","0.0","0.0","0.0","48.1","40.28","837.42","79.5","44.06","554.21","89.9","66.66","741.49","1.5","2.31","1540.0","3.1","0.76","245.16","0.0","0.0","0.0","0.7","0.49","700.0","0.0","0.0","0.0","0.0","0.0","0.0","1.3","0.82","630.77","258.8","374.17","1445.79","268.2","379.39","1414.58","0.3","1.75","5833.33","256.9","54.69","212.88","7.66","8.2","15.86","0.15","5.7","0.0"
"113","2012","7","Maharashtra","Buldhana","0.0","0.0","0.0","36.1","53.62","1485.32","41.6","70.74","1700.48","9.5","7.7","810.53","51.1","78.44","1535.03","1.9","2.1","1105.26","22.5","40.12","1783.11","0.0","0.0","0.0","0.0","0.0","0.0","44.3","33.02","745.37","84.1","43.89","521.88","84.2","54.05","641.92","1.2","1.64","1366.67","0.9","0.15","166.67","0.0","0.0","0.0","0.8","1.28","1600.0","0.5","0.25","500.0","0.0","0.0","0.0","1.4","0.61","435.71","279.5","430.32","1539.61","284.3","434.25","1527.44","0.1","0.44","4400.0","253.9","58.83","231.71","1.02","3.29","4.32","0.13","0.51","0.0"
"113","2013","7","Maharashtra","Buldhana","0.0","0.0","0.0","59.0","73.9","1252.54","44.6","38.2","856.5","13.3","10.7","804.51","57.9","48.9","844.56","3.5","2.3","657.14","33.4","87.4","2616.77","0.0","0.0","0.0","0.0","0.0","0.0","79.0","63.1","798.73","21.1","14.8","701.42","168.0","114.0","678.57","2.6","4.1","1576.92","0.8","0.2","250.0","0.0","0.0","0.0","0.0","0.0","0.0","1.0","0.5","500.0","0.0","0.0","0.0","0.7","0.4","571.43","323.2","479.0","1482.05","364.3","548.4","1505.35","0.1","0.81","8100.0","227.9","115.13","505.18","0.0","0.0","0.0","0.0","0.0","0.0"
"113","2014","7","Maharashtra","Buldhana","0.0","0.0","0.0","73.5","95.5","1299.32","20.6","22.1","1072.82","10.8","8.9","824.07","31.4","31.0","987.26","1.7","0.3","176.47","48.9","60.1","1229.04","0.0","0.0","0.0","0.0","0.0","0.0","57.2","36.6","639.86","69.6","18.5","265.8","26.3","8.5","323.19","3.8","4.1","1078.95","0.8","0.2","250.0","0.0","0.0","0.0","0.4","0.2","500.0","0.6","0.2","333.33","0.0","0.0","0.0","0.1","0.0","0.0","352.5","189.1","536.45","358.5","193.9","540.86","0.3","1.87","6233.33","174.3","23.85","136.83","0.0","0.0","0.0","0.0","0.0","0.0"
"113","2015","7","Maharashtra","Buldhana","0.0","0.0","0.0","60.1","48.8","811.98","20.4","12.7","622.55","10.3","5.8","563.11","30.7","18.5","602.61","1.9","0.2","105.26","42.7","49.1","1149.88","0.0","0.0","0.0","0.0","0.0","0.0","55.7","31.0","556.55","72.6","24.2","333.33","25.43","6.84","269.18","3.8","3.1","815.79","2.1","0.43","204.76","0.0","0.0","0.0","0.2","0.08","400.0","0.7","0.4","571.43","0.02","0.0","0.0","0.15","0.03","200.0","352.4","160.4","455.16","359.4","164.5","457.71","0.3","1.5","5000.0","170.7","29.84","174.81","0.0","0.0","0.0","0.0","0.0","0.0"
"113","2016","7","Maharashtra","Buldhana","0.01","0.0","400.0","103.88","162.4","1563.34","22.46","32.1","1429.21","13.35","15.5","1161.05","35.81","47.6","1329.24","2.09","0.7","334.93","60.36","133.3","2208.42","0.0","0.0","600.0","0.0","0.0","0.0","70.1","78.4","1118.4","77.86","64.48","828.16","28.96","22.99","794.0","5.07","5.7","1124.26","1.94","0.58","297.01","0.1","0.04","400.0","0.2","0.1","500.0","0.1","0.1","1000.0","0.0","0.0","0.0","0.05","0.02","420.0","365.01","703.6","1927.62","0.0","0.0","0.0","0.54","3.57","6672.9","169.55","92.99","548.44","0.0","0.0","0.0","0.0","0.0","0.0"
"113","2017","7","Maharashtra","Buldhana","0.0","0.0","0.0","35.92","56.3","1567.37","20.2","18.6","920.7","13.23","9.1","687.78","33.43","27.7","828.52","2.18","1.0","458.72","39.6","88.8","2242.37","0.0","0.0","0.0","0.0","0.0","0.0","132.2","107.7","814.67","76.19","47.79","627.18","30.64","17.44","569.25","2.22","3.0","1348.92","1.82","0.39","213.11","0.7","0.3","428.57","0.1","0.1","1000.0","0.12","0.06","500.0","0.0","0.0","0.0","0.04","0.02","538.46","370.29","439.6","1187.18","0.0","0.0","0.0","0.26","1.29","5019.46","174.54","32.56","186.56","0.0","0.0","0.0","0.0","0.0","0.0"
"114","1966","7","Maharashtra","Akola","7.0","1.0","142.86","49.0","27.0","551.02","255.3","125.2","490.4","0.0","0.0","0.0","255.3","125.2","490.4","5.0","1.0","200.0","0.2","0.2","1000.0","0.0","0.0","0.0","0.0","0.0","0.0","11.0","4.0","363.64","36.0","15.0","416.67","200.3","11.6","57.91","29.0","5.3","182.76","2.8","0.6","214.29","0.3","0.1","333.33","1.05","-1.0","-1.0","0.0","0.0","0.0","4.9","1.1","224.49","0.0","0.0","0.0","0.0","0.0","0.0","93.2","7.1","76.18","0.4","2.2","5500.0","330.0","22.0","66.67","1.09","1.17","2.27","0.0","0.36","0.08"
"114","1967","7","Maharashtra","Akola","8.0","3.0","375.0","51.0","20.0","392.16","255.4","142.9","559.51","0.0","0.0","0.0","255.4","142.9","559.51","6.0","2.0","333.33","0.3","0.3","1000.0","0.0","0.0","0.0","0.0","0.0","0.0","11.0","2.0","181.82","36.0","17.0","472.22","204.2","10.5","51.42","26.0","12.0","461.54","2.1","0.6","285.71","0.3","0.1","333.33","1.34","-1.0","-1.0","0.0","0.0","0.0","4.7","0.9","191.49","0.0","0.0","0.0","0.0","0.0","0.0","87.1","13.6","156.14","0.3","1.6","5333.33","334.0","22.0","65.87","1.05","1.42","2.47","0.0","0.4","0.24"
"114","1968","7","Maharashtra","Akola","7.8","4.0","512.82","49.9","19.0","380.76","261.1","216.0","827.27","0.0","0.0","0.0","261.1","216.0","827.27","6.4","1.0","156.25","0.2","0.2","1000.0","0.0","0.0","0.0","0.0","0.0","0.0","10.4","4.0","384.62","35.7","20.0","560.22","57.9","11.6","200.35","22.7","18.0","792.95","3.2","0.7","218.75","0.3","0.1","333.33","1.3","-1.0","-1.0","0.0","0.0","0.0","4.1","1.1","268.29","0.0","0.0","0.0","0.0","0.0","0.0","32.4","19.9","614.2","0.6","4.2","7000.0","331.4","24.0","72.42","1.1","1.3","2.4","0.0","0.4","0.1"
"114","1969","7","Maharashtra","Akola","7.7","3.3","428.57","45.4","12.8","281.94","253.0","199.2","787.35","0.0","0.0","0.0","253.0","199.2","787.35","6.4","2.1","328.13","0.1","0.0","0.0","0.0","0.0","0.0","0.0","0.0","0.0","9.1","1.8","197.8","36.3","23.0","633.61","65.8","10.1","153.5","22.5","15.1","671.11","3.5","0.9","257.14","0.4","0.1","250.0","1.6","-1.0","-1.0","0.0","0.0","0.0","3.5","0.8","228.57","0.0","0.0","0.0","0.0","0.0","0.0","32.0","16.9","528.13","0.8","5.6","7000.0","341.9","21.3","62.3","1.2","1.4","2.6","0.0","0.3","0.1"
"114","1970","7","Maharashtra","Akola","8.1","4.1","506.17","49.9","23.0","460.92","252.5","64.8","256.63","0.0","0.0","0.0","252.5","64.8","256.63","6.4","1.4","218.75","0.1","0.1","1000.0","0.0","0.0","0.0","0.0","0.0","0.0","13.3","4.6","345.86","36.5","22.3","610.96","65.4","8.2","125.38","26.0","13.5","519.23","3.6","0.4","111.11","0.4","0.2","500.0","2.5","-1.0","-1.0","0.0","0.0","0.0","5.1","1.0","196.08","0.0","0.0","0.0","0.0","0.0","0.0","38.4","15.1","393.23","0.5","3.2","6400.0","337.5","6.5","19.26","0.8","1.2","2.0","0.0","0.4","0.0"
"114","1971","7","Maharashtra","Akola","7.4","3.6","486.49","43.9","19.0","432.8","250.9","113.6","452.77","0.0","0.0","0.0","250.9","113.6","452.77","6.8","0.7","102.94","0.1","0.0","0.0","0.0","0.0","0.0","0.0","0.0","0.0","10.8","2.1","194.44","35.8","16.8","469.27","64.6","9.6","148.61","28.5","16.1","564.91","3.1","0.6","193.55","0.4","0.1","250.0","4.5","-1.0","-1.0","0.0","0.0","0.0","5.1","1.0","196.08","0.0","0.0","0.0","0.0","0.0","0.0","42.2","17.8","421.8","0.5","2.9","5800.0","339.2","27.0","79.6","0.8","1.1","1.9","0.0","0.3","0.1"
"114","1972","7","Maharashtra","Akola","8.0","1.5","187.5","42.4","16.2","382.08","248.8","86.4","347.27","0.0","0.0","0.0","248.8","86.4","347.27","7.3","1.3","178.08","0.1","0.0","0.0","0.0","0.0","0.0","0.0","0.0","0.0","9.7","1.7","175.26","34.5","13.4","388.41","67.0","9.5","141.79","30.7","8.2","267.1","3.6","0.6","166.67","0.4","0.1","250.0","1.0","0.3","300.0","0.0","0.0","0.0","6.1","0.8","131.15","0.0","0.0","0.0","0.0","0.0","0.0","43.4","10.0","230.41","0.7","3.9","5571.43","347.2","22.7","65.38","1.0","1.5","2.5","0.0","0.5","0.1"
"114","1973","7","Maharashtra","Akola","7.9","3.6","455.7","29.2","27.0","924.66","271.9","103.7","381.39","0.0","0.0","0.0","271.9","103.7","381.39","10.2","2.7","264.71","0.2","0.1","500.0","0.0","0.0","0.0","0.0","0.0","0.0","13.0","5.7","438.46","36.8","24.7","671.2","73.6","10.3","139.95","26.5","15.7","592.45","3.8","0.8","210.53","0.4","0.2","500.0","2.0","0.6","300.0","0.1","0.0","0.0","6.0","1.0","166.67","0.0","0.0","0.0","0.0","0.0","0.0","43.3","18.3","422.63","0.4","2.7","6750.0","314.3","21.0","66.82","1.0","1.3","2.3","0.0","0.5","0.1"
"114","1974","7","Maharashtra","Akola","7.5","3.7","493.33","54.7","34.8","636.2","253.2","193.5","764.22","0.0","0.0","0.0","253.2","193.5","764.22","11.6","4.5","387.93","0.4","0.2","500.0","0.0","0.0","0.0","0.0","0.0","0.0","12.7","3.5","275.59","39.5","32.2","815.19","74.0","18.1","244.59","28.0","18.7","667.86","3.8","1.1","289.47","0.4","0.1","250.0","2.0","0.8","400.0","0.1","0.0","0.0","6.9","1.6","231.88","0.0","0.0","0.0","0.0","0.0","0.0","46.7","22.3","477.52","0.5","3.6","7200.0","341.5","33.5","98.1","1.1","1.8","2.9","0.0","0.5","0.1"
"114","1975","7","Maharashtra","Akola","8.0","5.7","712.5","63.4","66.2","1044.16","273.2","164.8","603.22","0.0","0.0","0.0","273.2","164.8","603.22","8.6","2.6","302.33","0.2","0.2","1000.0","0.0","0.0","0.0","0.0","0.0","0.0","13.8","5.1","369.57","39.8","34.6","869.35","79.2","19.2","242.42","28.5","26.5","929.82","5.3","0.8","150.94","0.4","0.2","500.0","5.2","2.0","384.62","0.1","0.0","0.0","6.1","1.0","163.93","0.0","0.0","0.0","0.0","0.0","0.0","47.6","30.5","640.76","0.7","5.2","7428.57","325.9","16.3","50.02","0.9","1.6","2.5","0.0","0.7","0.1"
"114","1976","7","Maharashtra","Akola","8.4","7.1","845.24","67.4","49.8","738.87","292.4","266.0","909.71","0.4","0.3","750.0","292.8","266.3","909.49","7.1","2.2","309.86","0.3","0.5","1666.67","0.0","0.0","0.0","0.0","0.0","0.0","15.0","4.8","320.0","39.7","20.5","516.37","79.8","19.1","239.35","28.4","8.6","302.82","5.3","1.2","226.42","0.3","0.1","333.33","7.3","2.6","356.16","0.1","0.0","0.0","6.1","1.5","245.9","0.0","0.0","0.0","0.0","0.0","0.0","49.1","14.0","285.13","0.4","2.4","6000.0","319.1","22.5","70.51","0.8","1.6","2.4","0.0","0.5","0.1"
"114","1977","7","Maharashtra","Akola","8.4","8.3","988.1","69.3","49.5","714.29","208.7","223.0","1068.52","0.0","0.0","0.0","208.7","223.0","1068.52","7.1","2.5","352.11","0.3","0.7","2333.33","0.0","0.0","0.0","0.0","0.0","0.0","15.4","3.3","214.29","40.3","29.5","732.01","75.8","18.1","238.79","31.4","24.8","789.81","5.5","1.7","309.09","0.3","0.1","333.33","7.6","2.0","263.16","0.0","0.0","0.0","7.0","1.7","242.86","0.0","0.0","0.0","0.0","0.0","0.0","52.6","30.3","576.05","0.5","3.3","6600.0","314.9","31.0","98.44","0.9","1.6","2.5","0.0","0.6","0.1"
"114","1978","7","Maharashtra","Akola","8.1","10.7","1320.99","54.0","35.6","659.26","284.0","191.4","673.94","0.4","0.2","500.0","284.4","191.6","673.7","6.0","2.8","466.67","0.2","0.4","2000.0","0.0","0.0","0.0","0.0","0.0","0.0","16.2","3.8","234.57","44.2","25.5","576.92","81.0","18.8","232.1","31.0","8.5","274.19","4.5","1.4","311.11","0.3","0.1","333.33","9.2","1.8","195.65","0.0","0.0","0.0","6.4","1.5","234.38","0.0","0.0","0.0","0.0","0.0","0.0","52.4","13.3","253.82","0.6","3.9","6500.0","343.4","19.7","57.37","1.0","2.1","3.1","0.0","0.8","0.2"
"114","1979","7","Maharashtra","Akola","8.7","7.6","873.56","57.5","43.0","747.83","285.4","260.8","913.81","0.5","0.2","400.0","285.9","261.0","912.91","6.0","2.5","416.67","0.3","0.6","2000.0","0.0","0.0","0.0","0.0","0.0","0.0","16.9","4.4","260.36","46.7","28.8","616.7","74.1","15.8","213.23","28.0","14.7","525.0","5.8","1.5","258.62","0.4","0.2","500.0","9.7","3.2","329.9","0.0","0.0","0.0","7.5","1.7","226.67","0.0","0.0","0.0","0.0","0.0","0.0","42.1","21.3","505.94","0.4","3.0","7500.0","369.9","24.0","64.88","1.3","2.8","4.1","0.0","1.1","0.3"
"114","1980","7","Maharashtra","Akola","8.7","8.9","1022.99","52.4","36.8","702.29","282.4","219.2","776.2","0.5","0.2","400.0","282.9","219.4","775.54","5.8","2.2","379.31","0.4","0.7","1750.0","0.0","0.0","0.0","0.0","0.0","0.0","16.1","3.8","236.02","47.8","25.1","525.1","86.2","8.6","99.77","27.5","13.0","472.73","5.4","1.1","203.7","0.3","0.2","666.67","10.2","5.0","490.2","0.0","0.0","0.0","5.4","1.3","240.74","0.5","0.3","600.0","0.0","0.0","0.0","42.2","11.4","270.14","0.5","3.6","7200.0","381.2","18.0","47.22","1.3","2.8","4.1","0.0","1.2","0.3"
"114","1981","7","Maharashtra","Akola","9.0","11.4","1266.67","52.6","40.0","760.46","281.6","253.0","898.44","0.4","0.2","500.0","282.0","253.2","897.87","5.7","2.9","508.77","0.3","0.6","2000.0","0.0","0.0","0.0","0.0","0.0","0.0","17.2","4.5","261.63","49.8","30.6","614.46","75.7","10.6","140.03","26.1","10.6","406.13","5.0","1.0","200.0","0.2","0.1","500.0","10.3","3.7","359.22","0.0","0.0","0.0","5.0","1.0","200.0","0.1","0.0","0.0","0.0","0.0","0.0","40.8","14.9","365.2","0.3","2.6","8666.67","387.3","20.8","53.71","1.3","3.3","4.6","0.0","1.2","0.5"
"114","1982","7","Maharashtra","Akola","7.9","5.1","645.57","45.4","29.0","638.77","274.0","203.0","740.88","0.3","0.1","333.33","274.3","203.1","740.43","5.4","2.1","388.89","0.2","0.4","2000.0","0.0","0.0","0.0","0.0","0.0","0.0","16.3","3.8","233.13","53.5","44.5","831.78","78.2","5.8","74.17","27.7","9.6","346.57","5.5","1.4","254.55","0.4","0.2","500.0","11.6","3.5","301.72","0.0","0.0","0.0","4.1","0.8","195.12","0.5","0.2","400.0","0.0","0.0","0.0","33.7","16.6","492.58","0.4","2.7","6750.0","378.5","22.8","60.24","1.4","3.2","4.6","0.0","1.2","0.5"
"114","1983","7","Maharashtra","Akola","7.6","6.1","802.63","51.5","44.8","869.9","274.2","267.4","975.2","0.2","0.1","500.0","274.4","267.5","974.85","4.8","2.4","500.0","0.2","0.4","2000.0","0.0","0.0","0.0","0.0","0.0","0.0","18.5","5.4","291.89","56.4","42.4","751.77","83.9","7.5","89.39","31.4","14.6","464.97","5.5","1.4","254.55","0.4","0.2","500.0","10.2","3.1","303.92","0.0","0.0","0.0","3.6","0.8","222.22","1.8","0.9","500.0","0.0","0.0","0.0","33.7","14.7","436.2","0.3","2.0","6666.67","383.8","11.5","29.96","1.7","2.3","4.0","0.0","0.7","0.3"
"114","1984","7","Maharashtra","Akola","7.3","3.2","438.36","37.1","31.4","846.36","279.2","255.8","916.19","0.2","0.1","500.0","279.4","255.9","915.89","4.0","1.3","325.0","0.3","0.5","1666.67","0.0","0.0","0.0","0.0","0.0","0.0","17.7","7.0","395.48","65.7","44.8","681.89","74.3","3.0","40.38","12.0","4.8","400.0","7.1","1.2","169.01","0.3","0.1","333.33","17.3","5.8","335.26","0.0","0.0","0.0","2.9","1.4","482.76","0.2","0.1","500.0","0.0","0.0","0.0","38.3","12.9","336.81","0.3","3.0","10000.0","367.9","29.2","79.37","1.3","3.0","4.3","0.0","1.0","0.9"
"114","1985","7","Maharashtra","Akola","6.6","4.8","727.27","34.3","24.3","708.45","283.2","277.4","979.52","0.2","0.1","500.0","283.4","277.5","979.18","3.6","1.2","333.33","0.4","0.7","1750.0","0.0","0.0","0.0","0.0","0.0","0.0","20.4","5.9","289.22","61.7","39.7","643.44","122.1","52.6","430.79","11.4","4.0","350.88","8.0","2.3","287.5","0.3","0.1","333.33","19.1","6.2","324.61","0.0","0.0","0.0","3.0","0.6","200.0","3.1","1.3","419.35","0.0","0.0","0.0","37.7","12.1","320.95","0.2","1.0","5000.0","378.7","44.2","116.72","1.9","3.1","5.0","0.0","1.1","0.9"
"114","1986","7","Maharashtra","Akola","6.0","4.0","666.67","30.0","23.0","766.67","285.7","177.3","620.58","0.0","0.0","0.0","285.7","177.3","620.58","4.0","1.0","250.0","0.3","0.2","666.67","0.0","0.0","0.0","0.0","0.0","0.0","26.0","6.0","230.77","67.0","45.0","671.64","100.0","30.9","309.0","11.0","4.0","363.64","8.4","2.3","273.81","0.0","0.0","0.0","22.5","7.1","315.56","0.0","0.0","0.0","3.0","0.8","266.67","4.0","2.1","525.0","0.0","0.0","0.0","45.8","15.3","334.06","0.2","1.6","8000.0","375.0","17.0","45.33","2.0","2.8","4.8","0.0","0.9","1.1"
"114","1987","7","Maharashtra","Akola","7.0","4.0","571.43","26.0","21.0","807.69","300.2","459.2","1529.65","0.0","0.0","0.0","300.2","459.2","1529.65","4.0","3.0","750.0","0.6","0.4","666.67","0.0","0.0","0.0","0.0","0.0","0.0","27.0","10.0","370.37","67.0","62.0","925.37","132.2","50.8","384.27","8.0","6.0","750.0","11.0","3.1","281.82","0.0","0.0","0.0","27.6","12.2","442.03","0.0","0.0","0.0","2.7","0.8","296.3","23.3","14.4","618.03","0.0","0.0","0.0","81.4","36.6","449.63","0.3","2.2","7333.33","344.0","35.0","101.74","1.5","1.7","3.2","0.0","0.9","0.3"
"114","1988","7","Maharashtra","Akola","6.6","2.9","439.39","30.6","33.1","1081.7","277.5","246.9","889.73","0.0","0.0","0.0","277.5","246.9","889.73","5.7","2.2","385.96","0.2","0.1","500.0","0.0","0.0","0.0","0.0","0.0","0.0","32.1","17.1","532.71","73.1","69.1","945.28","138.7","57.4","413.84","11.5","7.8","678.26","16.1","4.9","304.35","0.0","0.0","0.0","22.9","8.4","366.81","0.0","0.0","0.0","0.9","0.3","333.33","15.8","6.6","417.72","0.1","0.0","0.0","71.4","28.7","401.96","0.3","2.1","7000.0","349.0","27.3","78.22","2.9","4.0","6.9","0.0","1.2","0.4"
"114","1989","7","Maharashtra","Akola","7.3","3.8","520.55","28.5","25.3","887.72","284.1","547.3","1926.43","0.0","0.0","0.0","284.1","547.3","1926.43","5.8","3.5","603.45","0.0","0.0","0.0","0.0","0.0","0.0","0.0","0.0","0.0","28.3","10.7","378.09","77.4","75.3","972.87","152.0","63.1","415.13","10.0","7.7","770.0","15.8","2.0","126.58","0.3","0.1","333.33","25.2","9.6","380.95","0.5","0.1","200.0","0.9","0.3","333.33","0.0","0.0","0.0","0.0","0.0","0.0","59.6","24.1","404.36","0.3","2.1","7000.0","358.8","44.0","122.63","3.0","3.6","6.6","0.0","1.4","0.1"
"114","1990","7","Maharashtra","Akola","7.0","5.0","714.29","27.4","29.3","1069.34","275.3","443.8","1612.06","0.0","0.0","0.0","275.3","443.8","1612.06","5.5","3.3","600.0","0.3","0.2","666.67","0.0","0.0","0.0","0.0","0.0","0.0","32.0","20.1","628.13","76.1","47.0","617.61","152.5","72.4","474.75","9.9","6.8","686.87","15.6","4.0","256.41","0.0","0.0","0.0","27.3","12.3","450.55","0.1","0.1","1000.0","1.7","0.4","235.29","10.4","6.4","615.38","5.0","4.7","940.0","70.0","32.8","468.57","2.7","20.97","7766.67","361.7","43.04","118.99","2.7","3.4","6.1","0.0","1.4","0.2"
"114","1991","7","Maharashtra","Akola","6.6","3.2","484.85","9.1","9.5","1043.96","277.4","275.8","994.23","0.0","0.0","0.0","277.4","275.8","994.23","5.2","1.3","250.0","0.9","0.6","666.67","0.0","0.0","0.0","0.0","0.0","0.0","10.2","4.5","441.18","78.5","28.3","360.51","172.5","46.3","268.41","8.5","3.8","447.06","15.3","2.2","143.79","0.1","0.1","1000.0","11.6","4.0","344.83","0.0","0.0","0.0","0.7","0.1","142.86","7.3","2.3","315.07","1.6","1.1","687.5","48.3","14.9","308.49","2.9","21.0","7241.38","359.2","19.72","54.9","2.5","2.4","4.9","0.0","0.9","0.0"
"114","1992","7","Maharashtra","Akola","5.4","4.4","814.81","17.6","24.3","1380.68","287.4","604.7","2104.04","0.0","0.0","0.0","287.4","604.7","2104.04","6.4","4.3","671.88","1.4","1.1","785.71","0.0","0.0","0.0","0.0","0.0","0.0","22.5","11.0","488.89","73.6","46.3","629.08","194.4","127.0","653.29","6.1","5.4","885.25","15.0","5.6","373.33","0.2","0.1","500.0","38.6","22.3","577.72","0.5","0.1","200.0","0.3","0.1","333.33","10.7","5.3","495.33","3.5","3.5","1000.0","74.9","42.4","566.09","2.2","15.56","7072.73","305.4","40.97","134.15","2.8","2.8","5.6","0.0","1.0","0.1"
"114","1993","7","Maharashtra","Akola","6.3","6.1","968.25","17.2","25.3","1470.93","241.9","412.9","1706.9","0.0","0.0","0.0","241.9","412.9","1706.9","6.5","5.4","830.77","0.3","0.4","1333.33","0.0","0.0","0.0","0.0","0.0","0.0","29.0","29.4","1013.79","75.8","76.7","1011.87","226.5","138.0","609.27","4.6","3.8","826.09","11.0","2.8","254.55","0.2","0.1","500.0","48.6","45.0","925.93","0.1","0.0","0.0","0.4","0.1","250.0","14.7","9.4","639.46","7.3","9.7","1328.77","87.1","71.0","815.16","1.6","11.53","7206.25","301.8","64.53","213.82","2.8","2.5","5.3","0.0","0.8","0.1"
"114","1994","7","Maharashtra","Akola","6.8","6.1","897.06","21.3","30.9","1450.7","211.6","311.3","1471.17","0.0","0.0","0.0","211.6","311.3","1471.17","5.4","3.8","703.7","0.4","0.3","750.0","0.0","0.0","0.0","0.0","0.0","0.0","48.4","29.2","603.31","74.3","39.1","526.24","222.8","77.7","348.74","4.7","3.4","723.4","7.9","1.9","240.51","0.5","0.2","400.0","41.4","25.5","615.94","0.2","0.1","500.0","0.2","0.1","500.0","14.1","7.8","553.19","16.6","13.3","801.2","85.8","52.3","609.56","2.1","15.28","7276.19","325.1","42.86","131.84","3.6","3.2","6.8","0.0","1.0","0.2"
"114","1995","7","Maharashtra","Akola","4.9","2.7","551.02","20.4","29.5","1446.08","195.7","346.4","1770.06","0.0","0.0","0.0","195.7","346.4","1770.06","5.9","4.4","745.76","0.3","0.3","1000.0","0.0","0.0","0.0","0.0","0.0","0.0","43.4","22.9","527.65","76.8","66.7","868.49","216.0","76.5","354.17","4.5","3.4","755.56","5.4","0.9","166.67","0.0","0.0","0.0","41.6","26.2","629.81","0.0","0.0","0.0","0.0","0.0","0.0","18.9","11.5","608.47","26.0","25.5","980.77","98.0","67.8","691.84","2.3","17.39","7560.87","361.9","75.72","209.23","3.9","2.7","6.6","0.0","0.8","0.0"
"114","1996","7","Maharashtra","Akola","3.3","2.0","606.06","21.7","35.9","1654.38","211.3","456.4","2159.96","0.0","0.0","0.0","211.3","456.4","2159.96","5.1","3.9","764.71","0.1","0.1","1000.0","0.0","0.0","0.0","0.0","0.0","0.0","44.5","35.6","800.0","80.4","69.7","866.92","211.6","117.6","555.77","4.2","2.6","619.05","2.5","0.8","320.0","0.0","0.0","0.0","42.5","30.4","715.29","0.0","0.0","0.0","0.0","0.0","0.0","18.4","11.8","641.3","24.2","28.9","1194.21","97.2","76.3","784.98","2.0","15.01","7505.0","362.3","73.64","203.26","3.8","2.2","6.0","0.0","0.7","0.1"
"114","1997","7","Maharashtra","Akola","3.3","1.8","545.45","22.1","23.3","1054.3","207.7","311.2","1498.31","3.3","0.9","272.73","211.0","312.1","1479.15","5.0","2.1","420.0","0.8","1.2","1500.0","0.0","0.0","0.0","0.0","0.0","0.0","36.8","14.5","394.02","80.1","63.5","792.76","212.5","87.9","413.65","3.7","2.3","621.62","6.0","2.0","333.33","0.0","0.0","0.0","38.8","4.9","126.29","0.0","0.0","0.0","0.0","0.0","0.0","18.7","4.2","224.6","40.5","49.6","1224.69","107.8","56.0","519.48","2.4","25.89","10787.5","360.9","30.69","85.04","3.9","2.5","6.4","0.1","0.6","0.1"
"114","1998","7","Maharashtra","Akola","3.0","2.1","700.0","26.2","34.9","1332.06","168.2","253.4","1506.54","1.2","0.4","333.33","169.4","253.8","1498.23","5.2","2.6","500.0","0.5","0.4","800.0","0.0","0.0","0.0","0.0","0.0","0.0","55.3","38.7","699.82","76.7","82.9","1080.83","198.4","135.5","682.96","3.6","3.2","888.89","8.8","3.0","340.91","0.0","0.0","0.0","23.2","14.3","616.38","0.0","0.0","0.0","0.0","0.0","0.0","14.0","1.5","107.14","69.6","104.3","1498.56","119.3","126.4","1059.51","1.7","16.64","9788.23","359.5","39.47","109.79","9.5","2.3","11.8","0.0","0.5","0.1"
"114","1999","7","Maharashtra","Akola","1.9","1.2","631.58","30.0","40.2","1340.0","159.4","229.6","1440.4","1.6","1.0","625.0","161.0","230.6","1432.3","5.0","2.6","520.0","0.2","0.24","1200.0","0.0","0.0","0.0","0.0","0.0","0.0","60.6","45.4","749.17","84.1","104.8","1246.14","182.4","96.3","527.96","3.0","3.5","1166.67","7.8","3.4","435.9","0.2","0.0","0.0","20.0","13.3","665.0","0.0","0.0","0.0","0.0","0.0","0.0","14.4","9.2","638.89","105.3","227.8","2163.34","150.8","257.2","1705.57","1.6","14.82","9262.5","359.2","57.85","161.05","10.6","3.3","13.9","0.0","1.0","0.3"
"114","2000","7","Maharashtra","Akola","2.0","0.8","400.0","22.5","26.2","1164.44","152.9","222.4","1454.55","1.7","1.1","647.06","154.6","223.5","1445.67","5.0","3.0","600.0","0.3","0.3","1000.0","0.0","0.0","0.0","0.0","0.0","0.0","39.7","14.1","355.16","88.1","67.4","765.04","213.3","88.7","415.85","2.5","1.6","640.0","7.3","1.7","232.88","0.1","0.0","0.0","12.2","4.0","327.87","0.1","0.01","100.0","0.0","0.0","0.0","10.8","6.2","574.07","110.8","118.1","1065.88","143.9","131.7","915.22","3.4","23.57","6932.35","333.5","35.54","106.57","9.7","1.6","11.3","0.0","1.5","0.6"
"114","2001","7","Maharashtra","Akola","1.3","1.3","1000.0","25.2","36.8","1460.32","151.5","201.9","1332.67","1.4","1.5","1071.43","152.9","203.4","1330.28","4.6","1.6","347.83","0.5","1.3","2600.0","0.0","0.0","0.0","0.0","0.0","0.0","51.4","34.3","667.32","86.9","73.3","843.5","197.2","128.5","651.62","1.7","1.9","1117.65","3.7","1.2","324.32","0.1","0.0","0.0","8.6","4.6","534.88","0.1","0.01","100.0","0.0","0.0","0.0","7.3","4.0","547.95","114.6","154.8","1350.79","136.1","166.5","1223.37","3.0","18.66","6220.0","329.6","48.16","146.12","9.7","1.9","11.6","0.0","1.8","0.6"
"114","2002","7","Maharashtra","Akola","1.1","0.7","636.36","26.6","36.7","1379.7","145.8","236.4","1621.4","1.0","0.8","800.0","146.8","237.2","1615.8","4.8","3.1","645.83","0.6","1.2","2000.0","0.0","0.0","0.0","0.0","0.0","0.0","57.1","38.6","676.01","87.7","80.5","917.9","195.0","97.0","497.44","1.1","2.1","1909.09","3.7","0.8","216.22","0.1","0.0","0.0","5.2","3.0","576.92","0.1","0.01","100.0","0.0","0.0","0.0","5.1","2.9","568.63","118.3","158.6","1340.66","133.6","167.42","1253.14","1.5","8.3","5533.33","308.9","50.52","163.55","8.9","1.6","10.5","0.0","1.5","0.6"
"114","2003","7","Maharashtra","Akola","0.9","0.3","333.33","20.6","26.4","1281.55","141.6","238.5","1684.32","0.8","0.6","750.0","142.4","239.1","1679.07","3.9","1.8","461.54","0.9","1.8","2000.0","0.0","0.0","0.0","0.0","0.0","0.0","55.4","35.9","648.01","95.3","82.9","869.88","190.8","109.8","575.47","1.0","1.0","1000.0","4.7","1.3","276.6","0.0","0.0","0.0","4.6","2.5","543.48","0.0","0.0","0.0","0.0","0.0","0.0","3.8","1.7","447.37","144.1","191.4","1328.24","158.3","197.9","1250.16","2.0","11.34","5670.0","292.9","44.46","151.79","11.4","0.7","12.1","0.0","0.6","0.0"
"114","2004","7","Maharashtra","Akola","0.5","0.2","400.0","6.4","6.0","937.5","134.7","161.6","1199.7","0.7","0.3","428.57","135.4","161.9","1195.72","3.0","1.3","433.33","0.8","0.9","1125.0","0.0","0.0","0.0","0.0","0.0","0.0","48.7","18.0","369.61","99.6","64.8","650.6","166.9","58.27","349.13","0.6","0.4","666.67","4.5","0.7","155.56","0.1","0.0","0.0","4.2","1.6","380.95","0.0","0.0","0.0","0.0","0.0","0.0","3.6","1.9","527.78","235.4","195.7","831.35","248.5","200.32","806.12","1.8","10.79","5994.44","275.4","31.69","115.07","7.0","1.4","8.4","0.0","1.33","0.0"
"114","2005","7","Maharashtra","Akola","0.3","0.1","333.33","22.5","31.6","1404.44","135.7","240.1","1769.34","0.8","0.7","875.0","136.5","240.8","1764.1","2.8","1.4","500.0","1.5","2.6","1733.33","0.0","0.0","0.0","0.0","0.0","0.0","82.6","62.6","757.87","108.1","81.3","752.08","132.4","37.12","280.36","1.3","1.9","1461.54","10.5","2.3","219.05","0.2","0.06","300.0","6.2","4.4","709.68","0.0","0.0","0.0","0.0","0.0","0.0","5.6","3.9","696.43","250.7","225.6","899.88","271.1","237.23","875.06","0.6","4.1","6833.33","271.2","35.89","132.34","10.1","2.3","12.4","0.0","1.69","0.0"
"114","2006","7","Maharashtra","Akola","0.2","0.1","500.0","54.2","97.9","1806.27","135.1","270.8","2004.44","0.9","0.8","888.89","136.0","271.6","1997.06","2.7","1.5","555.56","3.5","4.6","1314.29","0.0","0.0","0.0","0.0","0.0","0.0","140.5","115.0","818.51","106.1","100.3","945.33","134.5","77.08","573.09","2.9","3.7","1275.86","6.9","1.0","144.93","0.4","0.12","300.0","11.1","8.2","738.74","0.4","0.15","375.0","0.0","0.0","0.0","7.3","5.1","698.63","264.6","351.3","1327.66","293.6","369.57","1258.75","0.4","2.77","6925.0","267.1","85.52","320.18","0.0","0.0","0.0","0.0","1.99","0.0"
"114","2007","7","Maharashtra","Akola","0.1","0.08","800.0","83.1","201.9","2429.6","112.4","270.49","2406.49","0.9","1.0","1111.11","113.3","271.49","2396.2","1.8","0.98","544.44","3.7","11.44","3091.89","0.0","0.0","0.0","0.0","0.0","0.0","164.9","136.6","828.38","108.3","114.8","1060.02","164.1","106.05","646.25","2.7","2.85","1055.56","4.9","1.3","265.31","0.3","0.1","333.33","8.3","6.8","819.28","0.9","0.44","488.89","0.0","0.0","0.0","7.1","5.37","756.34","289.5","497.04","1716.89","313.7","513.9","1638.19","0.9","6.47","7188.89","248.9","88.38","355.08","0.0","0.0","0.0","0.0","1.95","0.0"
"114","2008","7","Maharashtra","Akola","0.1","0.1","1000.0","50.4","71.2","1412.7","76.4","147.8","1934.56","0.5","0.5","1000.0","76.9","148.3","1928.48","1.3","0.7","538.46","2.5","7.2","2880.0","0.0","0.0","0.0","0.0","0.0","0.0","115.5","56.1","485.71","99.1","42.2","425.83","119.8","13.24","110.52","2.4","2.7","1125.0","2.5","1.1","440.0","0.1","0.1","1000.0","3.4","1.3","382.35","0.0","0.0","0.0","0.0","0.0","0.0","18.8","10.4","553.19","363.9","105.6","290.19","392.0","121.47","309.87","0.3","1.55","5166.67","220.7","56.81","257.41","0.0","0.0","0.0","0.0","0.0","0.0"
"114","2009","7","Maharashtra","Akola","0.1","0.16","1600.0","50.7","120.13","2369.43","78.0","124.05","1590.38","0.3","0.37","1233.33","78.3","124.42","1589.02","1.0","0.71","710.0","2.1","3.96","1885.71","0.0","0.0","0.0","0.0","0.0","0.0","122.9","159.3","1296.18","100.9","115.33","1143.01","102.17","25.51","249.68","2.0","3.3","1650.0","1.9","0.74","389.47","0.1","0.0","0.0","2.9","2.32","800.0","0.2","0.08","400.0","0.0","0.0","0.0","8.1","4.01","495.06","374.1","227.28","607.54","389.4","237.84","610.79","0.4","2.99","7475.0","208.3","57.46","275.85","0.0","0.0","0.0","0.0","0.0","0.0"
"114","2010","7","Maharashtra","Akola","0.0","0.0","0.0","59.7","125.06","2094.81","77.7","69.4","893.18","0.4","0.4","1000.0","78.1","69.8","893.73","1.1","0.5","454.55","2.1","4.66","2219.05","0.0","0.0","0.0","0.0","0.0","0.0","134.7","163.64","1214.85","124.06","97.08","782.52","136.93","93.32","681.52","1.75","2.77","1582.86","2.2","0.91","413.64","0.0","0.0","0.0","2.9","1.14","393.1","0.1","0.06","600.0","0.0","0.0","0.0","7.9","4.88","617.72","335.8","537.06","1599.34","350.65","546.8","1559.39","0.3","2.0","6666.67","229.82","67.6","294.14","0.0","0.0","0.0","0.0","0.0","0.0"
"114","2011","7","Maharashtra","Akola","0.2","0.2","1000.0","36.8","61.19","1662.77","58.3","144.66","2481.3","0.4","0.33","825.0","58.7","144.99","2470.02","0.8","0.5","625.0","1.6","4.2","2625.0","0.0","0.0","0.0","0.0","0.0","0.0","127.8","71.74","561.35","116.2","51.57","443.8","121.0","84.05","694.63","2.8","5.38","1921.43","1.6","0.57","356.25","0.0","0.0","0.0","1.2","0.73","608.33","0.0","0.0","0.0","0.0","0.0","0.0","2.8","1.71","610.71","359.7","458.26","1274.01","368.1","466.66","1267.75","0.2","1.39","6950.0","233.4","61.74","264.52","35.47","3.96","39.43","0.06","1.75","0.0"
"114","2012","7","Maharashtra","Akola","0.0","0.0","0.0","36.8","61.01","1657.88","57.5","91.25","1586.96","0.3","0.24","800.0","57.8","91.49","1582.87","0.8","0.51","637.5","1.03","1.77","1718.45","0.0","0.0","0.0","0.0","0.0","0.0","138.2","116.54","843.27","116.3","128.91","1108.43","132.8","77.21","581.4","3.9","8.16","2092.31","1.8","0.43","238.89","0.0","0.0","0.0","1.0","0.68","680.0","0.1","0.03","300.0","0.0","0.0","0.0","0.62","0.26","419.35","351.3","628.61","1789.38","358.72","638.16","1778.99","0.0","0.0","0.0","226.1","70.02","309.69","30.39","6.06","36.45","0.02","1.81","0.0"
"114","2013","7","Maharashtra","Akola","0.0","0.0","0.0","50.8","75.4","1484.25","51.8","29.9","577.22","0.4","0.3","750.0","52.2","30.2","578.54","0.6","0.4","666.67","0.5","1.3","2600.0","0.0","0.0","0.0","0.0","0.0","0.0","189.1","221.9","1173.45","112.7","106.1","941.44","110.5","28.5","257.92","4.5","7.2","1600.0","1.4","0.2","142.86","0.0","0.0","0.0","1.0","0.6","600.0","1.7","1.0","588.24","0.0","0.0","0.0","0.1","0.0","0.0","463.4","424.2","915.41","514.8","477.5","927.54","0.0","0.0","0.0","181.8","68.56","377.12","0.0","0.0","0.0","0.0","0.0","0.0"
"114","2014","7","Maharashtra","Akola","0.0","0.0","0.0","49.2","66.6","1353.66","22.5","22.6","1004.44","1.6","1.3","812.5","24.1","23.9","991.7","0.5","0.1","200.0","0.9","1.1","1222.22","0.0","0.0","0.0","0.0","0.0","0.0","145.0","88.3","608.97","102.4","35.8","349.61","49.7","10.9","219.32","3.9","5.3","1358.97","1.0","0.1","100.0","0.0","0.0","0.0","1.0","0.4","400.0","0.1","0.0","0.0","0.0","0.0","0.0","0.1","0.0","0.0","529.6","190.9","360.46","535.8","196.8","367.3","0.2","0.58","2900.0","167.2","25.09","150.06","0.0","0.0","0.0","0.0","0.0","0.0"
"114","2015","7","Maharashtra","Akola","0.0","0.0","0.0","44.5","38.7","869.66","21.0","14.6","695.24","2.2","1.3","590.91","23.2","15.9","685.34","0.3","0.0","0.0","1.3","2.0","1538.46","0.0","0.0","0.0","0.0","0.0","0.0","144.9","79.8","550.72","106.8","68.1","637.64","47.6","12.7","266.81","4.9","4.5","918.37","1.22","0.14","114.75","0.0","0.0","0.0","0.5","0.25","500.0","0.0","0.0","0.0","0.0","0.0","0.0","0.07","0.02","285.71","529.5","270.3","510.48","536.5","275.2","512.95","0.3","1.41","4700.0","161.6","38.61","238.92","0.0","0.0","0.0","0.0","0.0","0.0"
"114","2016","7","Maharashtra","Akola","0.0","0.0","0.0","50.4","81.7","1621.03","18.9","22.4","1185.19","2.3","2.6","1130.43","21.2","25.0","1179.25","0.4","0.14","340.0","0.7","1.4","2000.0","0.0","0.0","0.0","0.0","0.0","0.0","160.7","158.9","988.8","115.51","177.61","1537.65","54.94","45.01","819.27","13.0","13.3","1023.08","1.5","0.36","239.3","0.2","0.08","400.0","0.5","0.3","600.0","0.0","0.0","0.0","0.0","0.0","0.0","0.09","0.08","855.56","517.4","751.8","1453.03","0.0","0.0","0.0","0.32","1.72","5358.26","173.5","86.44","498.19","0.0","0.0","0.0","0.0","0.0","0.0"
"114","2017","7","Maharashtra","Akola","0.0","0.0","0.0","25.5","37.0","1450.98","19.17","13.9","724.98","0.39","0.3","764.56","19.57","14.2","725.78","0.3","0.15","483.33","1.15","2.5","2168.26","0.0","0.0","0.0","0.0","0.0","0.0","124.9","115.8","927.14","113.71","78.78","692.83","59.3","22.1","372.63","2.1","3.2","1520.19","1.33","0.22","169.43","0.0","0.0","0.0","0.8","0.34","418.75","0.1","0.01","150.0","0.0","0.0","0.0","0.17","0.07","413.79","504.5","371.1","735.58","0.0","0.0","0.0","0.2","0.92","4623.12","183.8","46.46","252.76","0.0","0.0","0.0","0.0","0.0","0.0"
"115","1966","7","Maharashtra","Amarawati","8.0","2.0","250.0","45.0","28.0","622.22","181.5","88.5","487.6","0.0","0.0","0.0","181.5","88.5","487.6","6.0","1.0","166.67","0.2","0.2","1000.0","0.0","0.0","0.0","0.0","0.0","0.0","6.0","2.0","333.33","38.0","30.0","789.47","119.5","5.1","42.68","26.0","7.0","269.23","3.4","0.8","235.29","0.1","0.0","0.0","0.08","-1.0","-1.0","0.1","0.0","0.0","4.5","1.1","244.44","0.0","0.0","0.0","0.0","0.0","0.0","82.5","8.9","107.88","0.1","0.6","6000.0","311.0","26.0","83.6","5.02","1.17","6.19","0.0","0.28","0.16"
"115","1967","7","Maharashtra","Amarawati","12.0","5.0","416.67","38.0","20.0","526.32","174.7","97.0","555.24","0.0","0.0","0.0","174.7","97.0","555.24","6.0","2.0","333.33","0.3","0.3","1000.0","0.0","0.0","0.0","0.0","0.0","0.0","7.0","2.0","285.71","41.0","22.0","536.59","114.6","3.6","31.41","23.0","12.0","521.74","5.0","1.4","280.0","0.0","0.0","0.0","0.08","-1.0","-1.0","0.1","0.0","0.0","4.7","1.3","276.6","0.0","0.0","0.0","0.0","0.0","0.0","82.9","14.7","177.32","0.1","0.6","6000.0","366.0","33.0","90.16","4.94","1.34","6.27","0.0","0.32","0.08"
"115","1968","7","Maharashtra","Amarawati","11.7","6.0","512.82","35.0","14.0","400.0","182.2","131.0","718.99","0.0","0.0","0.0","182.2","131.0","718.99","8.0","1.0","125.0","0.2","0.2","1000.0","0.0","0.0","0.0","0.0","0.0","0.0","5.2","2.0","384.62","39.9","27.0","676.69","17.1","3.1","181.29","24.1","20.0","829.88","4.0","0.9","225.0","0.0","0.0","0.0","0.0","-1.0","0.0","0.1","0.0","0.0","4.5","1.0","222.22","0.0","0.0","0.0","0.0","0.0","0.0","32.7","21.9","669.72","0.1","0.9","9000.0","368.5","36.0","97.69","5.3","1.3","6.6","0.0","0.3","0.2"
"115","1969","7","Maharashtra","Amarawati","11.5","5.0","434.78","34.8","13.5","387.93","176.4","107.0","606.58","0.0","0.0","0.0","176.4","107.0","606.58","7.6","2.5","328.95","0.4","0.2","500.0","0.0","0.0","0.0","0.0","0.0","0.0","5.1","1.2","235.29","38.3","23.4","610.97","19.2","3.9","203.13","27.0","17.4","644.44","4.9","1.1","224.49","0.0","0.0","0.0","0.1","-1.0","-1.0","0.1","0.1","1000.0","3.6","0.5","138.89","0.0","0.0","0.0","0.0","0.0","0.0","35.6","19.1","536.52","0.2","1.2","6000.0","365.3","28.0","76.65","5.6","1.3","6.9","0.0","0.5","0.1"
"115","1970","7","Maharashtra","Amarawati","9.1","4.6","505.49","32.0","16.1","503.13","167.7","47.0","280.26","0.0","0.0","0.0","167.7","47.0","280.26","5.7","1.3","228.07","0.3","0.1","333.33","0.0","0.0","0.0","0.0","0.0","0.0","6.9","2.1","304.35","37.1","28.5","768.19","17.8","1.8","101.12","40.9","22.4","547.68","4.0","0.4","100.0","0.0","0.0","0.0","0.1","-1.0","-1.0","0.1","0.1","1000.0","5.4","1.2","222.22","0.0","0.0","0.0","0.0","0.0","0.0","51.7","24.1","466.15","0.2","1.3","6500.0","361.4","6.1","16.88","5.9","1.2","7.1","0.0","0.2","0.2"
"115","1971","7","Maharashtra","Amarawati","9.4","4.5","478.72","33.2","15.4","463.86","174.2","66.5","381.75","0.0","0.0","0.0","174.2","66.5","381.75","7.4","0.8","108.11","0.2","0.1","500.0","0.0","0.0","0.0","0.0","0.0","0.0","7.0","1.7","242.86","39.3","29.3","745.55","19.5","3.1","158.97","36.5","23.6","646.58","4.4","0.8","181.82","0.0","0.0","0.0","0.1","-1.0","-1.0","0.1","0.1","1000.0","4.7","0.9","191.49","0.0","0.0","0.0","0.0","0.0","0.0","48.1","25.4","528.07","0.1","0.6","6000.0","364.5","33.8","92.73","6.0","1.5","7.5","0.0","0.5","0.2"
"115","1972","7","Maharashtra","Amarawati","9.5","1.8","189.47","34.5","14.1","408.7","176.2","85.1","482.97","0.0","0.0","0.0","176.2","85.1","482.97","7.3","1.4","191.78","0.2","0.1","500.0","0.0","0.0","0.0","0.0","0.0","0.0","7.7","2.1","272.73","37.4","22.1","590.91","19.8","2.4","121.21","37.2","9.5","255.38","4.0","0.6","150.0","0.0","0.0","0.0","0.0","0.0","0.0","0.1","0.1","1000.0","6.2","1.1","177.42","0.0","0.0","0.0","0.0","0.0","0.0","48.0","11.3","235.42","0.1","0.6","6000.0","359.8","27.6","76.71","7.0","1.8","8.8","0.0","0.5","0.2"
"115","1973","7","Maharashtra","Amarawati","13.0","5.7","438.46","36.2","18.2","502.76","190.5","105.5","553.81","0.0","0.0","0.0","190.5","105.5","553.81","10.6","2.8","264.15","0.2","0.1","500.0","0.0","0.0","0.0","0.0","0.0","0.0","8.8","3.9","443.18","40.1","31.7","790.52","22.4","4.3","191.96","30.3","19.4","640.26","4.4","0.8","181.82","0.0","0.0","0.0","0.2","0.1","500.0","0.1","0.1","1000.0","7.1","1.3","183.1","0.0","0.0","0.0","0.0","0.0","0.0","44.1","21.7","492.06","0.2","1.4","7000.0","344.9","32.2","93.36","7.2","1.9","9.1","0.0","0.5","0.3"
"115","1974","7","Maharashtra","Amarawati","13.8","6.2","449.28","37.9","30.3","799.47","180.0","123.2","684.44","0.0","0.0","0.0","180.0","123.2","684.44","8.9","3.5","393.26","0.2","0.1","500.0","0.0","0.0","0.0","0.0","0.0","0.0","8.8","3.5","397.73","40.7","36.0","884.52","22.6","4.9","216.81","27.0","26.4","977.78","5.6","1.2","214.29","0.1","0.0","0.0","0.2","0.1","500.0","0.1","0.1","1000.0","8.1","2.0","246.91","0.0","0.0","0.0","0.0","0.0","0.0","42.8","29.8","696.26","0.2","1.5","7500.0","355.6","34.8","97.86","8.2","1.9","10.1","0.0","0.6","0.2"
"115","1975","7","Maharashtra","Amarawati","13.7","6.9","503.65","43.8","51.2","1168.95","190.3","125.0","656.86","0.0","0.0","0.0","190.3","125.0","656.86","8.5","2.7","317.65","0.3","0.3","1000.0","0.0","0.0","0.0","0.0","0.0","0.0","10.2","6.3","617.65","41.6","46.9","1127.4","23.5","5.6","238.3","29.8","32.5","1090.6","6.1","1.0","163.93","0.1","0.1","1000.0","0.5","0.1","200.0","0.1","0.1","1000.0","7.7","1.5","194.81","0.0","0.0","0.0","0.0","0.0","0.0","46.1","35.3","765.73","0.2","1.5","7500.0","339.6","19.5","57.42","8.5","2.3","10.8","0.1","0.7","0.2"
"115","1976","7","Maharashtra","Amarawati","15.0","8.7","580.0","43.0","32.2","748.84","206.7","226.3","1094.82","0.1","0.1","1000.0","206.8","226.4","1094.78","7.3","2.2","301.37","0.3","0.6","2000.0","0.0","0.0","0.0","0.0","0.0","0.0","10.6","2.8","264.15","37.7","26.8","710.88","27.2","5.9","216.91","35.7","24.3","680.67","6.0","1.0","166.67","0.1","0.0","0.0","0.7","0.2","285.71","0.2","0.2","1000.0","8.1","1.9","234.57","0.0","0.0","0.0","0.0","0.0","0.0","52.1","27.6","529.75","0.2","1.6","8000.0","329.4","21.4","64.97","9.4","2.2","11.6","0.0","0.8","0.1"
"115","1977","7","Maharashtra","Amarawati","12.7","11.1","874.02","41.8","39.2","937.8","309.2","275.0","889.39","0.4","0.2","500.0","309.6","275.2","888.89","7.2","2.4","333.33","0.6","1.0","1666.67","0.2","0.1","500.0","0.0","0.0","0.0","12.0","3.6","300.0","39.8","23.1","580.4","26.5","4.8","181.13","35.0","36.0","1028.57","7.1","2.2","309.86","0.1","0.1","1000.0","0.7","0.2","285.71","0.1","0.1","1000.0","7.8","1.9","243.59","0.0","0.0","0.0","0.0","0.0","0.0","51.7","40.5","783.37","0.2","1.7","8500.0","338.1","30.9","91.39","9.8","2.2","12.0","0.0","0.9","0.2"
"115","1978","7","Maharashtra","Amarawati","13.5","12.2","903.7","42.0","37.8","900.0","198.9","244.8","1230.77","0.0","0.0","0.0","198.9","244.8","1230.77","7.0","3.0","428.57","0.7","1.2","1714.29","0.0","0.0","0.0","0.0","0.0","0.0","11.7","3.3","282.05","46.2","29.3","634.2","25.9","4.5","173.75","38.6","17.8","461.14","6.7","2.0","298.51","0.1","0.1","1000.0","0.6","0.1","166.67","0.1","0.1","1000.0","7.5","1.8","240.0","0.0","0.0","0.0","0.0","0.0","0.0","54.5","21.9","401.83","0.3","2.4","8000.0","336.4","24.1","71.64","10.0","1.9","11.9","0.0","0.7","0.2"
"115","1979","7","Maharashtra","Amarawati","11.4","8.5","745.61","52.7","49.0","929.79","205.1","235.8","1149.68","0.0","0.0","0.0","205.1","235.8","1149.68","8.0","3.2","400.0","0.8","1.3","1625.0","0.0","0.0","0.0","0.0","0.0","0.0","12.2","3.9","319.67","46.2","34.0","735.93","24.5","5.6","228.57","34.8","30.8","885.06","8.6","2.1","244.19","0.1","0.0","0.0","0.4","0.1","250.0","0.1","0.1","1000.0","8.0","2.1","262.5","0.0","0.0","0.0","0.0","0.0","0.0","50.7","35.2","694.28","0.2","1.8","9000.0","362.4","29.4","81.13","11.2","2.6","13.8","0.0","1.1","0.2"
"115","1980","7","Maharashtra","Amarawati","13.1","10.5","801.53","51.4","40.2","782.1","201.3","222.0","1102.83","0.0","0.0","0.0","201.3","222.0","1102.83","4.6","2.8","608.7","0.6","0.9","1500.0","0.0","0.0","0.0","0.0","0.0","0.0","11.6","3.3","284.48","48.0","37.5","781.25","12.1","4.2","347.11","34.3","27.2","793.0","8.0","1.6","200.0","0.1","0.0","0.0","0.2","0.1","500.0","0.1","0.1","1000.0","7.6","2.1","276.32","0.0","0.0","0.0","0.0","0.0","0.0","45.2","19.2","424.78","0.2","2.2","11000.0","373.5","22.0","58.9","12.7","2.8","15.5","0.0","1.2","0.1"
"115","1981","7","Maharashtra","Amarawati","13.3","15.3","1150.38","53.1","39.1","736.35","272.2","260.4","956.65","0.0","0.0","0.0","272.2","260.4","956.65","7.8","2.9","371.79","0.9","1.5","1666.67","0.0","0.0","0.0","0.0","0.0","0.0","12.5","3.9","312.0","49.0","30.5","622.45","23.6","0.7","29.66","32.5","22.1","680.0","7.5","1.4","186.67","0.1","0.0","0.0","0.2","0.1","500.0","0.1","0.1","1000.0","7.5","1.4","186.67","4.2","2.1","500.0","0.0","0.0","0.0","35.3","17.2","487.25","0.3","2.6","8666.67","379.4","25.4","66.95","13.8","3.3","17.1","0.0","1.7","0.1"
"115","1982","7","Maharashtra","Amarawati","13.1","6.8","519.08","45.5","31.3","687.91","193.6","260.6","1346.07","0.0","0.0","0.0","193.6","260.6","1346.07","6.2","2.3","370.97","0.8","1.4","1750.0","0.0","0.0","0.0","0.0","0.0","0.0","11.8","3.3","279.66","53.7","37.9","705.77","21.3","0.7","32.86","34.5","20.1","582.61","8.2","2.0","243.9","0.0","0.0","0.0","0.1","0.1","1000.0","0.1","0.1","1000.0","6.4","1.3","203.13","0.4","0.2","500.0","0.0","0.0","0.0","34.4","22.0","639.53","0.4","2.7","6750.0","370.8","27.8","74.97","14.2","3.5","17.7","0.0","1.6","0.1"
"115","1983","7","Maharashtra","Amarawati","12.3","9.2","747.97","52.9","53.2","1005.67","189.4","233.7","1233.9","0.0","0.0","0.0","189.4","233.7","1233.9","5.4","2.2","407.41","0.7","1.3","1857.14","0.0","0.0","0.0","0.0","0.0","0.0","13.4","4.7","350.75","56.7","46.6","821.87","15.0","2.9","193.33","39.1","30.5","780.05","8.2","2.0","243.9","0.0","0.0","0.0","0.1","0.0","0.0","0.1","0.1","1000.0","5.8","1.3","224.14","1.4","0.7","500.0","0.0","0.0","0.0","36.0","23.3","647.22","0.4","2.7","6750.0","376.0","14.1","37.5","14.8","5.0","19.8","0.0","2.3","0.1"
"115","1984","7","Maharashtra","Amarawati","12.4","5.4","435.48","47.6","44.4","932.77","182.5","210.8","1155.07","0.0","0.0","0.0","182.5","210.8","1155.07","4.2","1.4","333.33","0.7","1.1","1571.43","0.0","0.0","0.0","0.0","0.0","0.0","15.0","6.4","426.67","62.3","42.7","685.39","16.2","0.5","30.86","24.9","13.7","550.2","7.9","1.6","202.53","0.0","0.0","0.0","0.5","0.2","400.0","0.1","0.1","1000.0","5.5","2.8","509.09","0.2","0.1","500.0","0.0","0.0","0.0","34.1","14.3","419.35","0.5","5.1","10200.0","371.0","28.1","75.74","16.6","6.3","22.9","0.1","2.6","0.1"
"115","1985","7","Maharashtra","Amarawati","13.0","8.4","646.15","40.0","27.5","687.5","180.2","225.1","1249.17","0.0","0.0","0.0","180.2","225.1","1249.17","3.7","1.0","270.27","0.7","1.2","1714.29","0.0","0.0","0.0","0.0","0.0","0.0","18.9","5.6","296.3","63.6","63.2","993.71","35.9","18.5","515.32","25.0","14.7","588.0","8.5","2.3","270.59","0.0","0.0","0.0","0.9","0.3","333.33","0.1","0.1","1000.0","5.8","1.4","241.38","2.0","1.0","500.0","0.0","0.0","0.0","40.8","17.5","428.92","0.4","2.1","5250.0","378.7","35.9","94.8","16.6","7.1","23.7","0.1","3.4","0.1"
"115","1986","7","Maharashtra","Amarawati","13.0","7.0","538.46","34.0","27.0","794.12","186.1","145.8","783.45","0.0","0.0","0.0","186.1","145.8","783.45","4.0","1.0","250.0","0.7","0.3","428.57","0.0","0.0","0.0","0.0","0.0","0.0","21.0","6.0","285.71","65.0","54.0","830.77","23.8","4.6","193.28","25.0","13.0","520.0","9.1","3.8","417.58","0.0","0.0","0.0","1.1","0.3","272.73","0.1","0.0","0.0","5.1","1.3","254.9","1.4","0.7","500.0","0.0","0.0","0.0","44.6","18.3","410.31","0.7","5.0","7142.86","370.0","15.0","40.54","17.0","6.1","23.1","0.1","2.3","0.1"
"115","1987","7","Maharashtra","Amarawati","13.0","8.0","615.38","32.0","25.0","781.25","194.6","249.2","1280.58","0.0","0.0","0.0","194.6","249.2","1280.58","4.0","2.0","500.0","0.7","0.3","428.57","0.0","0.0","0.0","0.0","0.0","0.0","21.0","6.0","285.71","67.0","62.0","925.37","66.9","14.2","212.26","27.0","17.0","629.63","10.9","3.4","311.93","0.4","0.1","250.0","2.5","0.7","280.0","0.1","0.0","0.0","4.7","1.9","404.26","1.8","1.2","666.67","12.6","3.8","301.59","58.6","27.3","465.87","1.2","8.8","7333.33","348.0","27.0","77.59","20.8","4.1","24.9","0.0","2.2","0.1"
"115","1988","7","Maharashtra","Amarawati","14.1","5.6","397.16","33.5","43.6","1301.49","219.5","205.4","935.76","2.4","0.9","375.0","221.9","206.3","929.7","4.7","1.5","319.15","0.7","0.3","428.57","0.0","0.0","0.0","0.0","0.0","0.0","30.0","22.1","736.67","74.3","86.7","1166.89","67.3","32.7","485.88","36.7","31.5","858.31","9.8","1.5","153.06","0.5","0.2","400.0","0.8","0.3","375.0","0.0","0.0","0.0","2.6","0.8","307.69","1.9","0.9","473.68","17.1","6.8","397.66","67.5","41.5","614.81","0.9","6.1","6777.78","360.9","30.3","83.96","23.9","6.4","30.3","0.0","2.6","0.0"
"115","1989","7","Maharashtra","Amarawati","14.1","7.5","531.91","30.1","32.8","1089.7","185.9","346.2","1862.29","0.0","0.0","0.0","185.9","346.2","1862.29","4.6","1.9","413.04","0.4","0.3","750.0","0.0","0.0","0.0","0.0","0.0","0.0","27.3","13.8","505.49","78.6","69.3","881.68","66.4","13.6","204.82","33.5","24.8","740.3","9.2","1.2","130.43","0.3","0.1","333.33","0.9","0.5","555.56","0.3","0.1","333.33","2.2","0.6","272.73","0.0","0.0","0.0","26.1","20.3","777.78","66.3","47.1","710.41","0.9","7.1","7888.89","362.9","47.5","130.89","27.2","5.5","32.7","0.0","2.3","0.1"
"115","1990","7","Maharashtra","Amarawati","14.3","5.7","398.6","30.8","36.5","1185.06","179.2","253.6","1415.18","0.0","0.0","0.0","179.2","253.6","1415.18","3.7","1.9","513.51","0.6","0.4","666.67","0.0","0.0","0.0","0.0","0.0","0.0","29.5","17.2","583.05","83.1","50.9","612.52","77.9","36.1","463.41","29.2","19.8","678.08","9.0","2.0","222.22","0.0","0.0","0.0","1.1","0.5","454.55","0.0","0.0","0.0","1.9","0.5","263.16","1.0","0.5","500.0","31.0","28.1","906.45","73.4","52.9","720.71","1.7","14.24","8376.47","373.0","43.16","115.71","27.8","5.6","33.4","0.0","2.0","0.1"
"115","1991","7","Maharashtra","Amarawati","13.9","6.1","438.85","11.1","12.8","1153.15","182.6","161.4","883.9","0.0","0.0","0.0","182.6","161.4","883.9","4.1","0.8","195.12","0.7","0.5","714.29","0.0","0.0","0.0","0.0","0.0","0.0","13.8","7.5","543.48","84.1","40.1","476.81","76.0","15.4","202.63","29.3","7.7","262.8","7.5","1.6","213.33","0.0","0.0","0.0","0.9","0.4","444.44","0.1","0.0","0.0","0.5","0.1","200.0","1.8","0.6","333.33","35.5","18.7","526.76","81.3","31.8","391.14","1.4","9.51","6792.86","361.1","29.31","81.17","26.1","5.7","31.8","0.0","2.1","0.1"
"115","1992","7","Maharashtra","Amarawati","12.7","7.5","590.55","16.8","21.9","1303.57","198.8","290.9","1463.28","0.0","0.0","0.0","198.8","290.9","1463.28","3.7","2.3","621.62","0.8","1.7","2125.0","0.0","0.0","0.0","0.0","0.0","0.0","37.1","22.2","598.38","83.2","71.7","861.78","41.1","23.6","574.21","23.8","19.1","802.52","8.1","1.9","234.57","0.2","0.0","0.0","6.7","3.5","522.39","0.6","0.1","166.67","0.5","0.1","200.0","2.7","1.3","481.48","44.8","33.3","743.3","87.4","59.3","678.49","1.6","8.45","5281.25","333.6","43.15","129.35","30.2","5.5","35.7","0.0","2.1","0.0"
"115","1993","7","Maharashtra","Amarawati","11.1","9.6","864.86","12.2","17.6","1442.62","172.5","235.1","1362.9","0.0","0.0","0.0","172.5","235.1","1362.9","2.5","2.2","880.0","0.8","1.3","1625.0","0.0","0.0","0.0","0.0","0.0","0.0","39.0","47.4","1215.38","89.0","96.5","1084.27","59.8","35.1","586.96","22.5","21.7","964.44","8.6","2.4","279.07","0.6","0.2","333.33","11.1","10.3","927.93","0.8","0.2","250.0","0.4","0.1","250.0","4.5","2.7","600.0","57.0","62.9","1103.51","106.0","100.7","950.0","0.5","3.55","7100.0","323.3","63.99","197.93","32.1","4.3","36.4","0.0","1.8","0.1"
"115","1994","7","Maharashtra","Amarawati","8.2","7.9","963.41","15.8","22.9","1449.37","135.9","208.7","1535.69","0.0","0.0","0.0","135.9","208.7","1535.69","1.7","1.2","705.88","1.0","1.5","1500.0","0.0","0.0","0.0","0.0","0.0","0.0","50.4","34.5","684.52","89.7","63.7","710.14","69.7","34.0","487.8","21.3","18.2","854.46","7.5","1.2","160.0","0.6","0.2","333.33","12.9","8.1","627.91","2.0","0.4","200.0","0.4","0.1","250.0","4.1","2.0","487.8","64.6","61.8","956.66","113.7","92.1","810.03","2.2","16.88","7672.73","341.4","41.65","122.0","34.8","5.4","40.2","0.0","1.9","0.1"
"115","1995","7","Maharashtra","Amarawati","9.9","6.1","616.16","15.4","21.4","1389.61","117.9","203.2","1723.49","0.0","0.0","0.0","117.9","203.2","1723.49","1.6","1.2","750.0","0.7","0.7","1000.0","0.0","0.0","0.0","0.0","0.0","0.0","44.2","25.4","574.66","90.9","87.8","965.9","60.5","22.0","363.64","18.7","21.8","1165.78","4.2","1.1","261.9","0.0","0.0","0.0","15.3","9.2","601.31","0.0","0.0","0.0","0.1","0.1","1000.0","2.7","1.7","629.63","85.4","82.1","961.36","130.7","117.0","895.18","2.9","24.8","8551.72","371.7","59.23","159.35","43.3","5.6","48.9","0.0","1.6","0.1"
"115","1996","7","Maharashtra","Amarawati","10.4","8.3","798.08","15.5","24.4","1574.19","122.2","226.9","1856.79","0.0","0.0","0.0","122.2","226.9","1856.79","1.6","1.2","750.0","0.7","0.8","1142.86","0.0","0.0","0.0","0.0","0.0","0.0","42.0","32.7","778.57","83.8","76.1","908.11","60.8","32.5","534.54","16.1","16.7","1037.27","2.5","0.9","360.0","0.0","0.0","0.0","17.1","12.1","707.6","0.0","0.0","0.0","0.1","0.1","1000.0","1.8","1.1","611.11","94.0","100.4","1068.09","135.3","132.4","978.57","2.8","21.42","7650.0","370.3","58.57","158.17","42.2","5.1","47.3","0.0","1.6","0.1"
"115","1997","7","Maharashtra","Amarawati","9.0","5.5","611.11","16.5","13.0","787.88","124.4","181.3","1457.4","0.0","0.0","0.0","124.4","181.3","1457.4","2.0","0.8","400.0","0.7","1.0","1428.57","0.0","0.0","0.0","0.0","0.0","0.0","44.7","18.7","418.34","78.5","57.7","735.03","63.6","23.7","372.64","13.1","11.7","893.13","2.1","0.6","285.71","0.0","0.0","0.0","18.4","2.3","125.0","0.1","0.1","1000.0","0.1","0.1","1000.0","3.5","0.9","257.14","115.1","118.0","1025.2","152.5","135.4","887.87","2.4","23.95","9979.17","347.9","20.18","58.01","40.8","4.7","45.5","0.0","1.3","0.2"
"115","1998","7","Maharashtra","Amarawati","8.7","6.1","701.15","19.2","24.7","1286.46","115.2","173.5","1506.08","0.6","0.2","333.33","115.8","173.7","1500.0","1.9","1.0","526.32","1.0","1.7","1700.0","0.0","0.0","0.0","0.0","0.0","0.0","52.4","41.3","788.17","86.5","85.9","993.06","69.5","36.3","522.3","9.1","9.8","1076.92","4.4","1.2","272.73","0.4","0.1","250.0","1.4","0.9","642.86","0.0","0.0","0.0","0.3","0.1","333.33","5.3","2.5","471.7","175.2","230.2","1313.93","196.9","245.0","1244.29","2.0","16.99","8495.0","320.9","24.29","75.69","45.9","4.4","50.3","0.0","1.2","0.0"
"115","1999","7","Maharashtra","Amarawati","8.8","5.6","636.36","21.7","35.0","1612.9","117.0","130.6","1116.24","0.2","0.1","500.0","117.2","130.7","1115.19","1.0","0.5","500.0","0.8","1.0","1250.0","0.0","0.0","0.0","0.1","0.1","1000.0","57.0","43.3","759.65","92.2","96.7","1048.81","70.8","37.5","529.66","8.4","6.8","809.52","4.3","0.5","116.28","0.1","0.0","0.0","8.4","5.5","654.76","0.1","0.1","1000.0","0.1","0.0","0.0","6.3","3.5","555.56","186.8","142.7","763.92","214.8","159.13","740.83","2.2","21.64","9836.36","326.5","42.45","130.02","60.6","5.1","65.7","0.1","1.7","0.4"
"115","2000","7","Maharashtra","Amarawati","8.9","4.4","494.38","13.4","17.0","1268.66","118.7","170.1","1433.02","0.1","0.1","1000.0","118.8","170.2","1432.66","0.9","0.5","555.56","0.9","0.9","1000.0","0.0","0.0","0.0","0.0","0.0","0.0","36.6","19.6","535.52","99.6","67.3","675.7","95.1","36.3","381.7","6.6","4.7","712.12","4.2","1.0","238.1","0.0","0.0","0.0","3.8","1.3","342.11","6.2","1.1","177.42","0.0","0.0","0.0","3.4","1.9","558.82","180.3","125.1","693.84","204.5","135.1","660.64","3.5","28.69","8197.14","309.1","25.45","82.34","58.1","2.6","60.7","0.0","2.5","0.8"
"115","2001","7","Maharashtra","Amarawati","10.3","9.7","941.75","11.3","15.0","1327.43","109.0","152.8","1401.83","0.1","0.1","1000.0","109.1","152.9","1401.47","1.0","0.4","400.0","1.1","2.6","2363.64","0.0","0.0","0.0","0.0","0.0","0.0","33.5","29.1","868.66","95.5","83.5","874.35","85.4","29.4","344.26","3.5","3.5","1000.0","3.0","0.6","200.0","0.0","0.0","0.0","2.6","1.3","500.0","2.4","0.4","166.67","0.0","0.0","0.0","1.6","0.9","562.5","153.2","143.6","937.34","166.3","150.28","903.67","3.0","20.41","6803.33","324.6","38.62","118.98","58.1","3.1","61.2","0.1","2.9","0.8"
"115","2002","7","Maharashtra","Amarawati","11.0","7.2","654.55","11.1","11.5","1036.04","102.9","144.0","1399.42","0.1","0.1","1000.0","103.0","144.1","1399.03","0.8","0.5","625.0","1.0","1.9","1900.0","0.0","0.0","0.0","0.0","0.0","0.0","35.9","27.1","754.87","93.3","88.9","952.84","87.1","28.4","326.06","2.5","1.5","600.0","2.4","0.5","208.33","0.5","0.1","200.0","1.9","1.0","526.32","2.1","0.4","190.48","0.0","0.0","0.0","1.3","0.8","615.38","156.5","150.0","958.47","167.2","154.32","922.97","2.3","12.4","5391.3","279.0","41.43","148.49","55.1","2.8","57.9","0.1","2.6","0.8"
"115","2003","7","Maharashtra","Amarawati","10.2","6.0","588.24","11.6","14.4","1241.38","100.2","143.1","1428.14","0.1","0.1","1000.0","100.3","143.2","1427.72","0.8","0.4","500.0","1.2","2.6","2166.67","0.0","0.0","0.0","0.0","0.0","0.0","37.3","28.7","769.44","97.5","86.3","885.13","80.3","33.9","422.17","2.0","1.7","850.0","1.5","0.2","133.33","1.3","0.46","353.85","2.2","1.2","545.45","0.0","0.0","0.0","0.0","0.0","0.0","1.4","0.5","357.14","155.0","216.1","1394.19","165.3","220.63","1334.72","2.5","15.53","6212.0","266.6","46.29","173.63","58.9","0.5","59.4","0.1","0.3","0.0"
"115","2004","7","Maharashtra","Amarawati","9.6","4.2","437.5","10.3","12.0","1165.05","92.8","88.7","955.82","0.0","0.0","0.0","92.8","88.7","955.82","0.7","0.4","571.43","1.6","2.03","1268.75","0.0","0.0","0.0","0.0","0.0","0.0","37.2","20.9","561.83","90.9","70.0","770.08","69.2","16.4","236.99","2.0","2.1","1050.0","1.0","0.2","200.0","0.1","0.1","1000.0","3.4","1.2","352.94","0.0","0.0","0.0","0.0","0.0","0.0","2.1","1.2","571.43","167.1","80.0","478.76","176.9","85.28","482.08","0.0","0.0","0.0","268.2","38.57","143.83","59.5","1.5","61.0","0.1","1.29","0.0"
"115","2005","7","Maharashtra","Amarawati","10.2","5.0","490.2","17.0","23.3","1370.59","94.1","123.8","1315.62","0.0","0.0","0.0","94.1","123.8","1315.62","0.3","0.1","333.33","1.9","3.09","1626.32","0.0","0.0","0.0","0.0","0.0","0.0","51.8","50.4","972.97","92.8","79.0","851.29","67.1","13.92","207.45","2.3","3.0","1304.35","1.9","0.4","210.53","0.1","0.0","0.0","5.8","3.7","637.93","0.0","0.0","0.0","2.6","0.7","269.23","2.9","1.9","655.17","181.2","204.4","1128.04","197.5","214.88","1088.0","1.1","7.25","6590.91","256.4","37.89","147.78","53.9","2.7","56.6","0.1","1.57","0.0"
"115","2006","7","Maharashtra","Amarawati","8.5","4.6","541.18","25.4","42.5","1673.23","94.7","111.5","1177.4","0.0","0.0","0.0","94.7","111.5","1177.4","0.2","0.1","500.0","1.7","2.68","1576.47","0.0","0.0","0.0","0.0","0.0","0.0","73.3","56.7","773.53","95.4","75.5","791.4","73.7","20.74","281.41","2.3","3.4","1478.26","0.2","0.1","500.0","0.1","0.0","0.0","5.2","3.7","711.54","1.2","0.84","700.0","0.0","0.0","0.0","3.7","2.2","594.59","216.7","323.6","1493.31","229.4","333.84","1455.27","0.7","3.97","5671.43","241.8","36.58","151.28","0.0","0.0","0.0","0.0","1.49","0.0"
"115","2007","7","Maharashtra","Amarawati","6.3","5.18","822.22","53.7","101.5","1890.13","77.9","105.83","1358.54","0.0","0.0","0.0","77.9","105.83","1358.54","0.2","0.11","550.0","1.8","5.54","3077.78","0.0","0.0","0.0","0.0","0.0","0.0","103.7","109.6","1056.89","84.8","90.8","1070.75","83.1","30.3","364.62","2.2","2.28","1036.36","0.2","0.1","500.0","0.8","0.4","500.0","3.2","2.5","781.25","1.0","0.7","700.0","0.0","0.0","0.0","11.8","7.4","627.12","285.8","485.72","1699.51","305.0","499.09","1636.36","1.2","9.59","7991.67","175.4","60.03","342.25","0.0","0.0","0.0","0.0","1.56","0.0"
"115","2008","7","Maharashtra","Amarawati","4.5","1.8","400.0","45.4","63.0","1387.67","40.3","36.7","910.67","0.0","0.0","0.0","40.3","36.7","910.67","0.3","0.2","666.67","1.6","4.64","2900.0","0.0","0.0","0.0","0.0","0.0","0.0","79.0","57.5","727.85","94.4","79.3","840.04","51.8","7.1","137.07","1.8","1.0","555.56","0.1","0.1","1000.0","0.0","0.0","0.0","2.2","0.9","409.09","0.0","0.0","0.0","0.0","0.0","0.0","17.4","10.1","580.46","373.0","124.2","332.98","395.3","136.6","345.56","0.8","4.39","5487.5","116.1","31.45","270.89","0.0","0.0","0.0","0.0","0.0","0.0"
"115","2009","7","Maharashtra","Amarawati","4.3","6.23","1448.84","49.3","97.27","1973.02","49.1","52.67","1072.71","0.0","0.0","0.0","49.1","52.67","1072.71","0.2","0.16","800.0","1.4","3.11","2221.43","0.0","0.0","0.0","0.0","0.0","0.0","90.4","107.23","1186.17","102.1","100.49","984.23","41.27","14.8","358.61","1.7","1.93","1135.29","0.2","0.04","200.0","0.0","0.0","0.0","2.3","2.0","869.57","0.3","0.12","400.0","0.0","0.0","0.0","12.6","7.6","603.17","317.6","256.87","808.78","334.7","268.59","802.48","0.2","1.4","7000.0","179.4","52.57","293.03","0.0","0.0","0.0","0.0","0.0","0.0"
"115","2010","7","Maharashtra","Amarawati","3.8","2.76","726.32","54.7","105.37","1926.33","48.4","51.67","1067.56","1.1","1.1","1000.0","49.5","52.77","1066.06","0.3","0.2","666.67","1.6","3.97","2481.25","0.0","0.0","0.0","0.0","0.0","0.0","99.3","99.78","1004.83","119.6","62.92","526.09","63.76","35.3","553.64","1.5","1.69","1126.67","0.6","0.23","383.33","0.0","0.0","0.0","0.7","0.34","485.71","0.5","0.28","560.0","0.0","0.0","0.0","16.5","11.23","680.61","273.3","444.47","1626.31","293.4","458.31","1562.07","0.3","2.07","6900.0","204.28","57.16","279.81","0.0","0.0","0.0","0.0","0.0","0.0"
"115","2011","7","Maharashtra","Amarawati","4.1","3.1","756.1","32.5","58.87","1811.38","39.7","58.26","1467.51","0.6","0.5","833.33","40.3","58.76","1458.06","0.3","0.2","666.67","1.2","3.34","2783.33","0.0","0.0","0.0","0.0","0.0","0.0","68.9","67.16","974.75","127.5","108.94","854.43","56.6","31.96","564.66","1.9","2.31","1215.79","0.9","0.26","288.89","0.0","0.0","0.0","0.1","0.06","600.0","0.2","0.1","500.0","0.0","0.0","0.0","1.6","1.05","656.25","296.7","373.07","1257.4","303.6","377.4","1243.08","0.4","2.87","7175.0","187.4","45.94","245.14","65.56","2.39","67.95","0.03","0.0","0.0"
"115","2012","7","Maharashtra","Amarawati","3.8","1.55","407.89","36.1","71.51","1980.89","37.7","48.97","1298.94","0.0","0.0","0.0","37.7","48.97","1298.94","0.3","0.19","633.33","2.64","4.51","1708.33","0.0","0.0","0.0","0.0","0.0","0.0","80.3","100.26","1248.57","123.8","133.13","1075.36","57.9","14.45","249.57","2.6","4.03","1550.0","0.8","0.17","212.5","0.0","0.0","0.0","0.1","0.1","1000.0","1.1","0.55","500.0","0.0","0.0","0.0","0.22","0.09","409.09","309.5","471.83","1524.49","314.32","476.78","1516.86","0.3","1.67","5566.67","191.3","103.95","543.39","72.79","0.0","72.79","0.07","1.99","0.0"
"115","2013","7","Maharashtra","Amarawati","4.7","0.8","170.21","42.0","65.0","1547.62","35.2","22.7","644.89","0.0","0.0","0.0","35.2","22.7","644.89","0.0","0.0","0.0","1.3","3.3","2538.46","0.0","0.0","0.0","0.0","0.0","0.0","89.9","103.3","1149.05","96.2","133.9","1391.89","67.1","14.5","216.1","3.8","6.0","1578.95","0.2","0.0","0.0","0.0","0.0","0.0","0.1","0.1","1000.0","0.8","0.4","500.0","0.0","0.0","0.0","0.2","0.1","500.0","366.4","352.7","962.61","369.9","359.0","970.53","0.3","2.17","7233.33","186.7","113.98","610.5","0.0","0.0","0.0","0.0","0.0","0.0"
"115","2014","7","Maharashtra","Amarawati","5.3","1.6","301.89","66.4","87.2","1313.25","26.8","27.4","1022.39","0.2","0.2","1000.0","27.0","27.6","1022.22","0.0","0.0","0.0","2.6","1.8","692.31","0.0","0.0","0.0","0.0","0.0","0.0","126.5","100.4","793.68","103.8","36.8","354.53","30.1","4.6","152.82","5.8","7.7","1327.59","0.0","0.0","0.0","0.0","0.0","0.0","0.1","0.1","1000.0","0.9","0.4","444.44","0.0","0.0","0.0","0.2","0.0","0.0","370.6","128.3","346.2","377.6","136.5","361.49","0.4","1.61","4025.0","196.5","35.32","179.75","0.0","0.0","0.0","0.0","0.0","0.0"
"115","2015","7","Maharashtra","Amarawati","5.6","1.2","214.29","68.0","69.3","1019.12","25.4","18.5","728.35","0.0","0.0","0.0","25.4","18.5","728.35","0.1","0.0","0.0","1.0","1.4","1400.0","0.0","0.0","0.0","0.0","0.0","0.0","125.7","99.6","792.36","108.2","57.6","532.35","32.0","11.3","353.13","7.9","11.0","1392.41","0.04","0.01","250.0","0.0","0.0","0.0","0.0","0.0","0.0","0.0","0.0","0.0","0.0","0.0","0.0","0.03","0.0","0.0","365.9","126.7","346.27","373.9","137.7","368.28","0.3","1.59","5300.0","200.0","75.06","375.3","0.0","0.0","0.0","0.0","0.0","0.0"
"115","2016","7","Maharashtra","Amarawati","6.9","4.6","666.67","73.6","111.9","1520.38","23.9","29.4","1230.13","0.0","0.0","0.0","23.9","29.4","1230.13","0.0","0.0","0.0","2.2","4.7","2136.36","0.0","0.0","0.0","0.0","0.0","0.0","133.7","164.2","1228.12","122.61","146.93","1198.35","42.78","29.31","685.29","4.6","6.1","1326.09","0.08","0.02","263.16","0.0","0.0","0.0","0.0","0.0","0.0","0.1","0.05","500.0","0.0","0.0","0.0","0.05","0.01","236.36","362.9","483.4","1332.05","0.0","0.0","0.0","0.43","1.18","2744.19","200.3","144.72","722.52","0.0","0.0","0.0","0.0","0.0","0.0"
"115","2017","7","Maharashtra","Amarawati","8.9","3.0","337.08","39.3","69.4","1765.9","18.34","17.5","954.15","0.0","0.0","0.0","18.34","17.5","954.15","0.1","0.05","442.31","8.02","18.8","2344.14","0.0","0.0","0.0","0.0","0.0","0.0","103.9","130.9","1259.87","112.3","111.1","989.31","38.29","4.95","129.29","3.37","4.0","1188.35","0.06","0.01","183.33","0.9","0.36","400.0","0.4","0.2","500.0","0.1","0.03","280.0","0.0","0.0","0.0","0.01","0.0","428.57","287.1","265.2","923.72","0.0","0.0","0.0","0.12","0.48","3966.94","207.46","68.45","329.97","0.0","0.0","0.0","0.0","0.0","0.0"
"116","1966","7","Maharashtra","Yeotmal","12.0","4.0","333.33","17.0","5.0","294.12","281.9","125.6","445.55","0.0","0.0","0.0","281.9","125.6","445.55","11.0","2.0","181.82","0.0","0.0","0.0","0.0","0.0","0.0","0.0","0.0","0.0","6.0","2.0","333.33","43.0","30.0","697.67","177.9","5.7","32.04","19.0","6.0","315.79","6.7","1.3","194.03","0.1","0.0","0.0","0.16","-1.0","-1.0","0.1","0.0","0.0","4.4","1.1","250.0","0.0","0.0","0.0","0.0","0.0","0.0","84.2","8.4","99.76","0.5","2.3","4600.0","321.0","20.0","62.31","0.85","1.74","2.59","0.0","0.45","0.0"
"116","1967","7","Maharashtra","Yeotmal","13.0","5.0","384.62","15.0","6.0","400.0","280.6","137.5","490.02","0.0","0.0","0.0","280.6","137.5","490.02","11.0","4.0","363.64","0.0","0.0","0.0","0.0","0.0","0.0","0.0","0.0","0.0","5.0","1.0","200.0","44.0","44.0","1000.0","178.6","6.8","38.07","26.0","13.0","500.0","8.2","1.4","170.73","0.1","0.0","0.0","0.12","-1.0","-1.0","0.1","0.0","0.0","4.1","0.7","170.73","0.0","0.0","0.0","0.0","0.0","0.0","94.4","15.1","159.96","0.4","1.9","4750.0","336.0","30.0","89.29","0.85","1.58","2.43","0.0","0.45","0.0"
"116","1968","7","Maharashtra","Yeotmal","12.1","6.0","495.87","15.0","4.0","266.67","287.8","180.0","625.43","0.0","0.0","0.0","287.8","180.0","625.43","11.1","2.0","180.18","0.1","0.0","0.0","0.0","0.0","0.0","0.0","0.0","0.0","4.4","1.0","227.27","44.4","34.0","765.77","45.1","8.5","188.47","27.1","22.0","811.81","8.7","1.7","195.4","0.1","0.0","0.0","0.1","-1.0","-1.0","0.1","0.0","0.0","3.8","0.8","210.53","0.0","0.0","0.0","0.0","0.0","0.0","40.1","24.5","610.97","0.4","3.2","8000.0","340.8","30.0","88.03","0.7","1.5","2.2","0.0","0.5","0.0"
"116","1969","7","Maharashtra","Yeotmal","12.5","5.4","432.0","13.5","5.1","377.78","276.7","182.3","658.84","0.0","0.0","0.0","276.7","182.3","658.84","12.4","4.0","322.58","0.1","0.1","1000.0","0.0","0.0","0.0","0.0","0.0","0.0","5.2","1.2","230.77","45.2","27.8","615.04","45.7","7.5","164.11","32.1","22.1","688.47","8.9","1.7","191.01","0.1","0.0","0.0","0.1","-1.0","-1.0","0.1","0.0","0.0","3.3","0.7","212.12","0.0","0.0","0.0","0.0","0.0","0.0","44.7","24.5","548.1","0.6","4.1","6833.33","349.2","27.3","78.18","0.8","1.7","2.5","0.0","0.5","0.1"
"116","1970","7","Maharashtra","Yeotmal","12.3","6.3","512.2","15.8","7.7","487.34","257.7","81.2","315.1","0.2","0.1","500.0","257.9","81.3","315.24","13.7","3.1","226.28","0.2","0.1","500.0","0.0","0.0","0.0","0.0","0.0","0.0","7.9","2.3","291.14","47.6","35.2","739.5","45.0","5.6","124.44","35.8","18.5","516.76","7.7","1.2","155.84","0.1","0.0","0.0","0.1","-1.0","-1.0","0.0","0.0","0.0","7.1","1.2","169.01","0.0","0.0","0.0","0.0","0.0","0.0","51.1","20.9","409.0","0.5","3.2","6400.0","355.1","11.8","33.23","0.7","1.6","2.3","0.0","0.3","0.0"
"116","1971","7","Maharashtra","Yeotmal","13.2","6.4","484.85","14.9","7.1","476.51","277.3","141.8","511.36","0.1","0.1","1000.0","277.4","141.9","511.54","13.4","1.4","104.48","0.3","0.1","333.33","0.0","0.0","0.0","0.0","0.0","0.0","6.5","1.4","215.38","47.3","35.5","750.53","47.6","7.0","147.06","34.5","21.6","626.09","7.8","1.3","166.67","0.1","0.1","1000.0","0.1","-1.0","-1.0","0.1","0.0","0.0","4.5","0.9","200.0","0.0","0.0","0.0","0.0","0.0","0.0","47.5","23.9","503.16","0.5","2.9","5800.0","357.0","34.7","97.2","0.8","1.9","2.7","0.0","0.6","0.0"
"116","1972","7","Maharashtra","Yeotmal","12.9","2.4","186.05","16.4","6.5","396.34","273.4","118.0","431.6","0.0","0.0","0.0","273.4","118.0","431.6","14.4","2.7","187.5","0.2","0.0","0.0","0.0","0.0","0.0","0.0","0.0","0.0","5.6","1.6","285.71","46.7","31.8","680.94","46.9","4.8","102.35","38.8","11.6","298.97","8.2","0.9","109.76","0.1","0.0","0.0","0.0","0.0","0.0","0.0","0.0","0.0","5.4","0.8","148.15","0.0","0.0","0.0","0.0","0.0","0.0","53.1","13.3","250.47","0.6","3.3","5500.0","359.7","32.4","90.08","0.7","2.1","2.8","0.0","0.6","0.0"
"116","1973","7","Maharashtra","Yeotmal","13.6","6.2","455.88","24.9","13.6","546.18","285.6","166.3","582.28","0.0","0.0","0.0","285.6","166.3","582.28","16.8","4.5","267.86","0.1","0.0","0.0","0.0","0.0","0.0","0.0","0.0","0.0","8.3","2.7","325.3","44.8","42.2","941.96","45.0","5.3","117.78","41.6","25.8","620.19","8.1","1.7","209.88","0.1","0.0","0.0","0.0","0.0","0.0","0.1","0.0","0.0","6.0","0.9","150.0","0.0","0.0","0.0","0.0","0.0","0.0","56.2","28.4","505.34","0.7","4.8","6857.14","355.2","27.0","76.01","1.2","3.5","4.7","0.0","0.7","0.0"
"116","1974","7","Maharashtra","Yeotmal","12.4","7.8","629.03","23.1","18.2","787.88","270.1","184.5","683.08","0.0","0.0","0.0","270.1","184.5","683.08","16.4","7.1","432.93","0.2","0.1","500.0","0.0","0.0","0.0","0.0","0.0","0.0","7.5","2.8","373.33","46.3","39.0","842.33","48.9","13.8","282.21","32.3","24.0","743.03","8.8","2.5","284.09","0.1","0.0","0.0","0.0","0.0","0.0","0.0","0.0","0.0","6.8","1.7","250.0","0.0","0.0","0.0","0.0","0.0","0.0","48.8","28.2","577.87","0.8","5.8","7250.0","366.5","37.9","103.41","1.5","2.2","3.7","0.0","0.5","0.0"
"116","1975","7","Maharashtra","Yeotmal","15.5","11.3","729.03","30.0","33.8","1126.67","273.6","169.9","620.98","0.1","0.1","1000.0","273.7","170.0","621.12","16.3","4.7","288.34","1.0","1.1","1100.0","0.0","0.0","0.0","0.0","0.0","0.0","11.0","4.5","409.09","45.4","50.0","1101.32","51.1","11.5","225.05","33.7","26.1","774.48","10.0","1.6","160.0","0.1","0.1","1000.0","0.3","0.1","333.33","0.0","0.0","0.0","9.1","1.6","175.82","0.0","0.0","0.0","0.0","0.0","0.0","53.5","29.5","551.4","1.0","7.5","7500.0","357.2","20.8","58.23","1.4","1.9","3.3","0.0","0.4","0.0"
"116","1976","7","Maharashtra","Yeotmal","16.3","8.5","521.47","28.3","27.3","964.66","295.9","257.3","869.55","0.0","0.0","0.0","295.9","257.3","869.55","13.6","4.2","308.82","0.1","0.2","2000.0","0.0","0.0","0.0","0.0","0.0","0.0","6.4","1.7","265.63","45.5","24.2","531.87","52.0","11.7","225.0","37.6","13.9","369.68","8.9","1.5","168.54","0.1","0.1","1000.0","0.3","0.1","333.33","0.0","0.0","0.0","7.4","1.1","148.65","0.0","0.0","0.0","0.0","0.0","0.0","54.6","16.7","305.86","1.1","8.8","8000.0","354.5","26.1","73.62","1.2","1.9","3.1","0.0","0.6","0.0"
"116","1977","7","Maharashtra","Yeotmal","15.8","13.7","867.09","28.6","26.8","937.06","299.9","287.8","959.65","0.0","0.0","0.0","299.9","287.8","959.65","7.8","4.3","551.28","0.1","0.2","2000.0","0.0","0.0","0.0","0.0","0.0","0.0","6.8","2.1","308.82","45.7","38.8","849.02","52.1","9.4","180.42","33.6","25.5","758.93","9.3","1.8","193.55","0.1","0.0","0.0","0.2","0.1","500.0","0.0","0.0","0.0","8.1","1.8","222.22","0.0","0.0","0.0","0.0","0.0","0.0","51.9","29.2","562.62","1.4","11.6","8285.71","357.8","30.7","85.8","1.3","2.1","3.4","0.0","0.5","0.0"
"116","1978","7","Maharashtra","Yeotmal","16.7","15.4","922.16","29.0","26.2","903.45","280.8","236.5","842.24","0.0","0.0","0.0","280.8","236.5","842.24","10.0","4.5","450.0","0.2","0.4","2000.0","0.0","0.0","0.0","0.0","0.0","0.0","7.1","3.1","436.62","47.2","34.0","720.34","52.2","10.5","201.15","35.9","12.0","334.26","9.4","2.4","255.32","0.1","0.0","0.0","0.2","0.0","0.0","0.0","0.0","0.0","7.3","1.6","219.18","0.0","0.0","0.0","0.0","0.0","0.0","53.0","16.0","301.89","2.0","13.4","6700.0","269.2","31.5","117.01","1.5","2.2","3.7","0.0","0.5","0.0"
"116","1979","7","Maharashtra","Yeotmal","16.4","12.2","743.9","25.9","24.0","926.64","282.3","267.8","948.64","0.0","0.0","0.0","282.3","267.8","948.64","12.2","5.0","409.84","0.4","0.7","1750.0","0.0","0.0","0.0","0.0","0.0","0.0","7.4","3.6","486.49","49.0","45.7","932.65","54.1","13.6","251.39","32.4","20.7","638.89","12.0","2.5","208.33","0.3","0.1","333.33","0.2","0.1","500.0","0.0","0.0","0.0","6.4","1.5","234.38","0.0","0.0","0.0","0.0","0.0","0.0","51.8","24.9","480.69","1.4","10.3","7357.14","290.0","38.4","132.41","1.0","2.2","3.2","0.0","0.6","0.0"
"116","1980","7","Maharashtra","Yeotmal","16.2","12.7","783.95","24.3","25.5","1049.38","275.8","220.9","800.94","0.0","0.0","0.0","275.8","220.9","800.94","11.5","4.1","356.52","0.3","0.3","1000.0","0.0","0.0","0.0","0.0","0.0","0.0","7.0","3.1","442.86","50.3","37.3","741.55","42.8","3.3","77.1","31.9","18.3","573.67","11.2","1.9","169.64","0.2","0.1","500.0","0.1","0.0","0.0","0.0","0.0","0.0","5.1","1.3","254.9","0.0","0.0","0.0","0.0","0.0","0.0","39.7","16.7","420.65","1.6","12.3","7687.5","298.9","28.7","96.02","0.9","2.3","3.2","0.0","0.5","0.0"
"116","1981","7","Maharashtra","Yeotmal","14.7","16.6","1129.25","26.6","27.7","1041.35","272.2","260.4","956.65","1.1","0.4","363.64","273.3","260.8","954.26","11.0","5.5","500.0","0.2","0.4","2000.0","0.0","0.0","0.0","0.0","0.0","0.0","7.6","3.7","486.84","53.5","53.2","994.39","43.5","5.3","121.84","30.3","14.9","491.75","10.5","1.7","161.9","0.1","0.1","1000.0","0.2","0.1","500.0","0.0","0.0","0.0","5.1","1.0","196.08","0.0","0.0","0.0","0.0","0.0","0.0","40.4","20.5","507.43","1.2","10.3","8583.33","303.6","33.2","109.35","0.9","2.4","3.3","0.0","0.6","0.0"
"116","1982","7","Maharashtra","Yeotmal","11.9","8.3","697.48","21.8","19.4","889.91","258.9","357.7","1381.61","0.0","0.0","0.0","258.9","357.7","1381.61","10.0","4.0","400.0","0.1","0.2","2000.0","0.0","0.0","0.0","0.0","0.0","0.0","7.2","3.1","430.56","57.2","59.3","1036.71","41.1","0.0","0.0","32.0","13.6","425.0","11.5","2.4","208.7","0.2","0.1","500.0","0.2","0.1","500.0","0.0","0.0","0.0","4.0","0.8","200.0","0.0","0.0","0.0","0.0","0.0","0.0","33.4","13.3","398.2","1.8","11.9","6611.11","296.7","36.4","122.68","1.0","3.0","4.0","0.0","0.7","0.2"
"116","1983","7","Maharashtra","Yeotmal","10.8","8.9","824.07","23.7","27.3","1151.9","238.5","254.5","1067.09","0.0","0.0","0.0","238.5","254.5","1067.09","8.9","4.9","550.56","0.1","0.2","2000.0","0.0","0.0","0.0","0.0","0.0","0.0","8.1","4.4","543.21","61.1","43.1","705.4","33.5","0.0","0.0","36.3","20.6","567.49","11.5","2.4","208.7","0.2","0.1","500.0","0.2","0.1","500.0","0.0","0.0","0.0","4.0","0.9","225.0","2.3","1.1","478.26","0.0","0.0","0.0","27.3","17.3","633.7","1.5","11.1","7400.0","300.9","18.4","61.15","1.2","2.6","3.8","0.0","0.8","0.4"
"116","1984","7","Maharashtra","Yeotmal","9.7","3.8","391.75","15.2","13.1","861.84","230.1","264.3","1148.63","0.0","0.0","0.0","230.1","264.3","1148.63","9.0","2.8","311.11","0.1","0.2","2000.0","0.0","0.0","0.0","0.0","0.0","0.0","5.4","2.3","425.93","65.9","53.2","807.28","30.6","0.1","3.27","14.5","5.1","351.72","10.3","2.1","203.88","0.2","0.1","500.0","0.6","0.2","333.33","0.0","0.0","0.0","3.7","0.9","243.24","0.1","0.1","1000.0","0.0","0.0","0.0","28.3","10.5","371.02","1.3","12.9","9923.08","437.8","37.4","85.43","1.4","2.6","4.0","0.0","0.8","0.7"
"116","1985","7","Maharashtra","Yeotmal","9.5","5.2","547.37","15.0","12.7","846.67","227.0","296.7","1307.05","0.0","0.0","0.0","227.0","296.7","1307.05","9.7","3.3","340.21","0.1","0.2","2000.0","0.0","0.0","0.0","0.0","0.0","0.0","5.4","2.3","425.93","69.1","53.4","772.79","42.0","15.6","371.43","17.0","9.1","535.29","10.7","2.8","261.68","0.2","0.1","500.0","0.6","0.2","333.33","0.0","0.0","0.0","3.7","0.9","243.24","1.0","0.3","300.0","0.0","0.0","0.0","32.0","12.3","384.38","1.1","5.7","5181.82","456.2","50.1","109.82","1.4","2.6","4.0","0.0","0.8","0.7"
"116","1986","7","Maharashtra","Yeotmal","9.0","5.0","555.56","16.0","15.0","937.5","216.3","174.8","808.14","0.0","0.0","0.0","216.3","174.8","808.14","10.0","4.0","400.0","0.1","0.0","0.0","0.0","0.0","0.0","0.0","0.0","0.0","6.0","2.0","333.33","74.0","64.0","864.86","40.2","10.7","266.17","18.0","11.0","611.11","11.3","3.3","292.04","0.0","0.0","0.0","0.8","0.2","250.0","0.0","0.0","0.0","4.1","1.2","292.68","1.5","0.8","533.33","0.0","0.0","0.0","35.3","16.5","467.42","1.6","11.1","6937.5","438.0","26.0","59.36","1.6","2.8","4.4","0.0","0.7","0.6"
"116","1987","7","Maharashtra","Yeotmal","8.0","4.0","500.0","12.0","10.0","833.33","226.8","303.7","1339.07","0.0","0.0","0.0","226.8","303.7","1339.07","10.0","6.0","600.0","0.4","0.2","500.0","0.0","0.0","0.0","0.0","0.0","0.0","7.0","2.0","285.71","74.0","56.0","756.76","69.8","17.0","243.55","13.0","8.0","615.38","13.7","3.4","248.18","0.0","0.0","0.0","2.2","0.6","272.73","0.0","0.0","0.0","3.3","1.2","363.64","23.0","9.5","413.04","1.0","0.3","300.0","41.9","22.2","529.83","3.4","24.9","7323.53","415.0","41.0","98.8","1.2","1.5","2.7","0.0","0.6","0.2"
"116","1988","7","Maharashtra","Yeotmal","8.0","4.8","600.0","20.6","20.7","1004.85","186.4","160.5","861.05","0.0","0.0","0.0","186.4","160.5","861.05","12.0","4.6","383.33","0.4","0.4","1000.0","0.0","0.0","0.0","0.0","0.0","0.0","15.9","9.6","603.77","79.7","74.3","932.25","78.3","20.2","257.98","20.0","16.6","830.0","12.7","1.6","125.98","0.0","0.0","0.0","0.4","0.2","500.0","0.0","0.0","0.0","3.8","1.2","315.79","10.0","4.4","440.0","1.0","0.4","400.0","49.3","25.8","523.33","3.3","22.6","6848.48","437.2","24.6","56.27","2.4","3.2","5.6","0.0","0.7","0.1"
"116","1989","7","Maharashtra","Yeotmal","8.2","5.2","634.15","17.6","22.5","1278.41","225.4","409.1","1815.0","0.8","0.4","500.0","226.2","409.5","1810.34","12.3","7.4","601.63","0.2","0.2","1000.0","0.0","0.0","0.0","0.0","0.0","0.0","11.5","5.2","452.17","83.9","76.0","905.84","70.9","22.0","310.3","16.6","15.3","921.69","12.7","1.6","125.98","0.0","0.0","0.0","2.4","1.2","500.0","0.8","0.2","250.0","3.0","0.9","300.0","0.0","0.0","0.0","0.9","0.7","777.78","42.1","24.0","570.07","4.5","31.3","6955.56","441.7","50.6","114.56","3.2","3.5","6.7","0.0","0.7","0.1"
"116","1990","7","Maharashtra","Yeotmal","8.8","7.0","795.45","19.2","25.3","1317.71","212.4","329.9","1553.2","0.8","0.4","500.0","213.2","330.3","1549.25","12.7","7.1","559.06","0.2","0.2","1000.0","0.0","0.0","0.0","0.0","0.0","0.0","13.5","7.8","577.78","88.6","55.0","620.77","78.9","27.8","352.34","17.8","17.9","1005.62","12.9","3.2","248.06","0.0","0.0","0.0","2.9","1.4","482.76","0.2","0.1","500.0","3.5","0.9","257.14","5.5","2.9","527.27","3.5","3.3","942.86","46.4","29.5","635.78","6.9","51.54","7469.57","424.0","36.21","85.4","3.1","4.1","7.2","0.0","0.7","0.2"
"116","1991","7","Maharashtra","Yeotmal","8.2","3.5","426.83","10.1","10.3","1019.8","227.6","301.3","1323.81","0.1","0.1","1000.0","227.7","301.4","1323.67","11.5","2.5","217.39","0.2","0.2","1000.0","0.0","0.0","0.0","0.0","0.0","0.0","7.5","3.9","520.0","88.6","55.2","623.02","74.8","18.7","250.0","11.4","7.2","631.58","11.5","2.5","217.39","0.0","0.0","0.0","1.9","0.7","368.42","0.0","0.0","0.0","1.9","0.3","157.89","3.6","1.2","333.33","3.7","2.6","702.7","35.0","14.2","405.71","7.1","49.84","7019.72","416.1","28.66","68.88","2.4","3.3","5.7","0.0","0.5","0.2"
"116","1992","7","Maharashtra","Yeotmal","6.2","4.8","774.19","16.9","22.7","1343.2","228.8","373.7","1633.3","0.1","0.1","1000.0","228.9","373.8","1633.03","13.1","8.5","648.85","0.2","0.3","1500.0","0.0","0.0","0.0","0.0","0.0","0.0","11.3","5.0","442.48","98.2","77.0","784.11","76.2","48.7","639.11","12.1","12.5","1033.06","13.3","4.6","345.86","0.0","0.0","0.0","1.8","0.9","500.0","1.4","0.3","214.29","2.2","0.5","227.27","5.9","3.3","559.32","6.4","6.3","984.38","43.1","28.4","658.93","6.1","45.09","7391.8","403.8","47.97","118.8","2.5","3.1","5.6","0.0","0.5","1.0"
"116","1993","7","Maharashtra","Yeotmal","6.7","4.6","686.57","17.0","27.8","1635.29","235.5","277.3","1177.49","0.0","0.0","0.0","235.5","277.3","1177.49","10.3","8.4","815.53","0.3","0.4","1333.33","0.0","0.0","0.0","0.0","0.0","0.0","13.0","11.1","853.85","111.5","124.6","1117.49","83.5","56.7","679.04","11.1","10.7","963.96","12.6","3.5","277.78","0.1","0.1","1000.0","2.1","2.0","952.38","0.9","0.2","222.22","2.1","0.6","285.71","5.1","3.5","686.27","11.8","15.8","1338.98","45.9","36.4","793.03","5.3","36.75","6933.96","387.7","70.4","181.58","2.6","2.9","5.5","0.0","0.4","0.1"
"116","1994","7","Maharashtra","Yeotmal","5.3","5.0","943.4","18.2","28.1","1543.96","199.1","196.8","988.45","0.0","0.0","0.0","199.1","196.8","988.45","9.9","6.9","696.97","0.5","0.3","600.0","0.0","0.0","0.0","0.0","0.0","0.0","16.7","8.6","514.97","121.2","91.9","758.25","69.0","29.8","431.88","9.6","10.9","1135.42","11.3","1.6","141.59","0.3","0.1","333.33","2.1","1.3","619.05","0.5","0.1","200.0","1.6","0.5","312.5","3.8","2.1","552.63","21.3","18.8","882.63","50.6","35.4","699.6","5.6","41.08","7335.71","421.5","44.13","104.7","3.8","2.5","6.3","0.0","0.4","0.0"
"116","1995","7","Maharashtra","Yeotmal","5.0","2.8","560.0","19.4","22.1","1139.18","163.0","164.9","1011.66","0.3","0.2","666.67","163.3","165.1","1011.02","9.9","7.4","747.47","0.2","0.2","1000.0","0.0","0.0","0.0","0.0","0.0","0.0","17.0","6.8","400.0","126.6","105.8","835.7","76.1","35.4","465.18","9.9","9.8","989.9","7.9","1.8","227.85","0.0","0.0","0.0","1.0","0.6","600.0","0.0","0.0","0.0","1.0","0.2","200.0","4.9","3.1","632.65","29.2","42.5","1455.48","56.2","58.8","1046.26","6.5","41.21","6340.0","465.3","62.61","134.56","10.5","2.9","13.4","0.0","0.4","0.0"
"116","1996","7","Maharashtra","Yeotmal","5.7","4.6","807.02","20.4","30.1","1475.49","164.2","271.2","1651.64","0.2","0.1","500.0","164.4","271.3","1650.24","10.4","7.9","759.62","0.2","0.3","1500.0","0.0","0.0","0.0","0.0","0.0","0.0","16.7","9.7","580.84","110.2","94.8","860.25","76.8","38.1","496.09","10.5","11.0","1047.62","8.9","3.0","337.08","0.0","0.0","0.0","1.4","1.0","714.29","0.0","0.0","0.0","0.9","0.2","222.22","1.7","1.2","705.88","35.4","53.0","1497.18","60.0","69.9","1165.0","10.1","74.37","7363.37","462.0","66.28","143.46","10.4","2.7","13.1","0.0","0.4","0.0"
"116","1997","7","Maharashtra","Yeotmal","6.2","3.5","564.52","19.1","8.9","465.97","164.3","118.8","723.07","0.0","0.0","0.0","164.3","118.8","723.07","8.5","3.6","423.53","0.4","0.6","1500.0","0.0","0.0","0.0","0.0","0.0","0.0","15.9","5.0","314.47","111.7","77.4","692.93","111.8","34.3","306.8","8.4","6.1","726.19","7.3","2.1","287.67","0.0","0.0","0.0","0.6","0.1","166.67","0.0","0.0","0.0","1.3","0.2","153.85","1.9","0.7","368.42","53.3","63.4","1189.49","72.8","76.7","1053.57","1.2","9.01","7508.33","449.3","31.45","70.0","9.8","2.8","12.6","0.0","0.4","0.0"
"116","1998","7","Maharashtra","Yeotmal","5.4","4.0","740.74","21.1","25.5","1208.53","157.3","223.7","1422.12","0.1","0.1","1000.0","157.4","223.8","1421.86","8.9","4.7","528.09","0.1","0.2","2000.0","0.0","0.0","0.0","0.0","0.0","0.0","18.8","9.1","484.04","111.6","114.6","1026.88","73.9","45.1","610.28","6.8","6.3","926.47","7.2","2.5","347.22","0.2","0.0","0.0","0.0","0.0","0.0","0.0","0.0","0.0","0.8","0.2","250.0","1.8","0.9","500.0","73.9","167.1","2261.16","91.4","177.1","1937.64","6.5","53.85","8284.62","445.6","41.23","92.53","15.6","2.5","18.1","0.0","0.3","0.0"
"116","1999","7","Maharashtra","Yeotmal","5.3","4.6","867.92","24.2","28.8","1190.08","153.5","184.2","1200.0","0.0","0.0","0.0","153.5","184.2","1200.0","8.6","4.4","511.63","0.1","0.1","1000.0","0.0","0.0","0.0","0.0","0.0","0.0","22.2","12.0","540.54","115.7","141.5","1222.99","74.3","50.1","674.29","6.5","6.0","923.08","7.4","2.5","337.84","0.3","0.07","233.33","1.4","0.9","642.86","0.0","0.0","0.0","0.6","0.2","333.33","1.5","1.0","666.67","77.7","100.9","1298.58","95.8","111.66","1165.55","7.0","64.9","9271.43","447.5","76.52","170.99","11.7","2.8","14.5","0.0","0.4","0.0"
"116","2000","7","Maharashtra","Yeotmal","5.2","4.3","826.92","17.1","18.9","1105.26","154.4","170.2","1102.33","0.1","0.1","1000.0","154.5","170.3","1102.27","9.2","5.8","630.43","0.1","0.1","1000.0","0.0","0.0","0.0","0.0","0.0","0.0","13.8","7.5","543.48","119.5","139.0","1163.18","88.5","37.8","427.12","5.7","4.3","754.39","7.4","1.8","243.24","0.3","0.1","333.33","0.4","0.1","250.0","0.5","0.1","200.0","0.7","0.1","142.86","1.1","0.6","545.45","75.9","90.1","1187.09","92.1","97.2","1055.37","7.4","55.99","7566.22","447.7","40.49","90.44","16.6","0.3","16.9","0.0","0.2","0.1"
"116","2001","7","Maharashtra","Yeotmal","4.8","4.8","1000.0","17.1","19.6","1146.2","145.5","159.2","1094.16","0.1","0.1","1000.0","145.6","159.3","1094.09","7.4","2.7","364.86","0.2","0.5","2500.0","0.0","0.0","0.0","0.0","0.0","0.0","15.6","9.8","628.21","123.0","156.0","1268.29","81.9","24.3","296.7","6.3","6.5","1031.75","7.6","2.4","315.79","0.1","0.0","0.0","0.3","0.2","666.67","0.8","0.2","250.0","0.6","0.1","166.67","0.9","0.4","444.44","69.6","90.4","1298.85","86.2","100.17","1162.06","6.9","49.92","7234.78","437.0","51.95","118.88","11.3","1.1","12.4","0.0","1.0","0.1"
"116","2002","7","Maharashtra","Yeotmal","3.7","2.4","648.65","17.6","18.6","1056.82","139.4","164.6","1180.77","0.1","0.1","1000.0","139.5","164.7","1180.65","5.6","3.5","625.0","0.2","0.4","2000.0","0.0","0.0","0.0","0.0","0.0","0.0","16.8","8.8","523.81","127.3","129.1","1014.14","78.8","29.1","369.29","7.7","11.9","1545.45","5.6","1.3","232.14","0.0","0.0","0.0","0.2","0.1","500.0","0.1","0.01","100.0","0.4","0.1","250.0","0.6","0.4","666.67","80.7","109.7","1359.36","95.3","123.52","1296.12","7.2","44.8","6222.22","403.3","53.31","132.18","11.2","0.9","12.1","0.0","0.8","0.1"
"116","2003","7","Maharashtra","Yeotmal","3.3","2.0","606.06","17.6","20.8","1181.82","129.1","132.8","1028.66","0.0","0.0","0.0","129.1","132.8","1028.66","5.0","2.2","440.0","0.1","0.2","2000.0","0.0","0.0","0.0","0.0","0.0","0.0","21.6","14.8","685.19","130.2","104.7","804.15","68.0","36.6","538.24","5.2","5.5","1057.69","5.4","1.5","277.78","0.2","0.14","700.0","0.1","0.1","1000.0","0.0","0.0","0.0","0.3","0.1","333.33","0.5","0.2","400.0","97.9","141.9","1449.44","109.7","149.44","1362.26","5.6","35.0","6250.0","376.0","64.99","172.85","11.7","0.3","12.0","0.0","0.2","0.0"
"116","2004","7","Maharashtra","Yeotmal","2.4","0.8","333.33","5.1","5.0","980.39","115.1","113.0","981.76","0.0","0.0","0.0","115.1","113.0","981.76","3.6","1.6","444.44","0.1","0.1","1000.0","0.0","0.0","0.0","0.0","0.0","0.0","12.9","6.4","496.12","127.1","82.8","651.46","49.2","12.98","263.82","1.2","0.8","666.67","4.3","0.7","162.79","0.1","0.0","0.0","0.1","0.1","1000.0","0.0","0.0","0.0","0.1","0.0","0.0","0.2","0.1","500.0","176.3","94.6","536.59","183.0","96.44","526.99","3.0","19.96","6653.33","332.8","48.67","146.24","8.7","0.8","9.5","0.0","0.66","0.0"
"116","2005","7","Maharashtra","Yeotmal","1.8","0.9","500.0","15.9","15.8","993.71","115.0","88.4","768.7","0.0","0.0","0.0","115.0","88.4","768.7","3.0","1.5","500.0","0.1","0.2","2000.0","0.0","0.0","0.0","0.0","0.0","0.0","36.9","22.6","612.47","131.7","106.3","807.14","41.1","17.55","427.01","12.5","21.4","1712.0","0.2","0.1","500.0","0.8","0.5","625.0","0.2","0.1","500.0","0.0","0.0","0.0","0.2","0.1","500.0","0.2","0.1","500.0","212.5","238.6","1122.82","232.1","262.22","1129.77","2.7","19.23","7122.22","324.0","47.86","147.72","11.9","1.1","13.0","0.0","0.69","0.0"
"116","2006","7","Maharashtra","Yeotmal","0.6","0.3","500.0","33.1","37.6","1135.95","83.5","82.0","982.04","0.0","0.0","0.0","83.5","82.0","982.04","0.8","0.4","500.0","0.4","0.7","1750.0","0.0","0.0","0.0","0.0","0.0","0.0","56.0","46.3","826.79","113.8","111.5","979.79","23.1","10.25","443.72","10.4","11.3","1086.54","2.5","0.4","160.0","0.3","0.2","666.67","0.2","0.1","500.0","0.1","0.05","500.0","0.0","0.0","0.0","0.3","0.3","1000.0","268.1","293.5","1094.74","281.9","305.85","1084.96","11.3","71.77","6351.33","413.5","83.67","202.35","0.0","0.0","0.0","0.0","0.71","0.0"
"116","2007","7","Maharashtra","Yeotmal","0.6","0.4","666.67","45.6","82.2","1802.63","81.7","88.4","1082.01","0.0","0.0","0.0","81.7","88.4","1082.01","0.7","0.38","542.86","0.2","0.6","3000.0","0.0","0.0","0.0","0.0","0.0","0.0","104.4","88.5","847.7","110.1","119.1","1081.74","27.4","17.15","625.91","7.0","7.9","1128.57","2.3","0.7","304.35","0.1","0.0","0.0","0.1","0.1","1000.0","0.1","0.05","500.0","0.0","0.0","0.0","0.1","0.1","1000.0","266.6","333.52","1251.01","276.3","342.37","1239.12","13.3","111.26","8365.41","416.5","171.46","411.67","0.0","0.0","0.0","0.0","0.31","0.0"
"116","2008","7","Maharashtra","Yeotmal","0.5","0.2","400.0","38.0","41.2","1084.21","74.4","72.0","967.74","0.0","0.0","0.0","74.4","72.0","967.74","1.5","0.8","533.33","0.5","1.5","3000.0","0.0","0.0","0.0","0.0","0.0","0.0","33.4","24.7","739.52","103.8","62.4","601.16","23.3","3.3","141.63","3.0","3.1","1033.33","1.6","0.3","187.5","0.0","0.0","0.0","0.1","0.1","1000.0","0.0","0.0","0.0","0.0","0.0","0.0","0.0","0.0","0.0","311.8","103.7","332.58","316.6","107.22","338.66","6.3","35.73","5671.43","379.4","121.01","318.95","0.0","0.0","0.0","0.0","0.0","0.0"
"116","2009","7","Maharashtra","Yeotmal","0.2","0.33","1650.0","18.0","19.96","1108.89","71.6","37.55","524.44","0.0","0.0","0.0","71.6","37.55","524.44","1.5","1.1","733.33","1.1","2.44","2218.18","0.0","0.0","0.0","0.0","0.0","0.0","27.6","17.83","646.01","103.8","71.6","689.79","23.15","5.71","246.65","1.2","1.67","1391.67","1.1","0.23","209.09","0.0","0.0","0.0","0.3","0.26","866.67","0.0","0.0","0.0","0.0","0.0","0.0","0.0","0.0","0.0","311.8","126.56","405.9","314.4","128.86","409.86","2.3","16.72","7269.57","392.1","86.13","219.66","0.0","0.0","0.0","0.0","0.0","0.0"
"116","2010","7","Maharashtra","Yeotmal","0.0","0.0","0.0","41.7","61.4","1472.42","68.5","52.36","764.38","0.1","0.14","1400.0","68.6","52.5","765.31","1.3","0.7","538.46","0.8","1.46","1825.0","0.0","0.0","0.0","0.0","0.0","0.0","38.0","43.92","1155.79","121.56","90.36","743.34","23.1","13.35","577.92","7.14","8.9","1246.5","0.9","0.34","377.78","0.0","0.0","0.0","0.1","0.05","500.0","0.0","0.0","0.0","0.0","0.0","0.0","0.0","0.0","0.0","198.5","273.1","1375.82","206.64","282.38","1366.53","4.5","30.06","6680.0","479.8","131.9","274.91","0.0","0.0","0.0","0.0","0.0","0.0"
"116","2011","7","Maharashtra","Yeotmal","0.1","0.1","1000.0","34.1","58.45","1714.08","67.0","86.13","1285.52","0.1","0.1","1000.0","67.1","86.23","1285.1","0.4","0.3","750.0","0.5","1.39","2780.0","0.0","0.0","0.0","0.0","0.0","0.0","40.6","52.36","1289.66","108.5","93.83","864.79","19.3","9.97","516.58","6.2","8.08","1303.23","0.9","0.26","288.89","0.0","0.0","0.0","0.0","0.0","0.0","0.0","0.0","0.0","0.0","0.0","0.0","0.0","0.0","0.0","221.4","298.09","1346.39","228.5","306.43","1341.05","4.7","33.05","7031.92","481.1","121.29","252.11","0.63","1.73","2.35","0.03","0.8","0.0"
"116","2012","7","Maharashtra","Yeotmal","0.1","0.04","400.0","36.1","64.59","1789.2","59.6","68.69","1152.52","0.2","0.16","800.0","59.8","68.85","1151.34","0.3","0.25","833.33","1.26","1.12","888.89","0.0","0.0","0.0","0.0","0.0","0.0","45.6","54.06","1185.53","109.6","120.14","1096.17","17.0","10.93","642.94","8.7","14.33","1647.13","0.7","0.15","214.29","0.0","0.0","0.0","0.0","0.0","0.0","0.0","0.0","0.0","0.0","0.0","0.0","0.0","0.0","0.0","236.8","389.09","1643.12","246.2","403.57","1639.2","4.2","35.51","8454.76","467.6","166.84","356.8","0.07","0.9","0.97","0.01","0.14","0.0"
"116","2013","7","Maharashtra","Yeotmal","0.1","0.0","0.0","34.5","30.7","889.86","48.3","15.6","322.98","0.0","0.0","0.0","48.3","15.6","322.98","0.1","0.1","1000.0","0.4","0.5","1250.0","0.0","0.0","0.0","0.0","0.0","0.0","45.6","37.1","813.6","109.2","80.4","736.26","85.9","35.0","407.45","10.0","12.5","1250.0","0.5","0.1","200.0","0.0","0.0","0.0","0.0","0.0","0.0","0.1","0.1","1000.0","0.0","0.0","0.0","0.0","0.0","0.0","285.6","156.6","548.32","364.8","212.4","582.24","6.5","49.07","7549.23","416.3","126.07","302.83","0.0","0.0","0.0","0.0","0.0","0.0"
"116","2014","7","Maharashtra","Yeotmal","0.0","0.0","0.0","29.1","26.8","920.96","43.1","19.2","445.48","4.0","3.3","825.0","47.1","22.5","477.71","0.2","0.0","0.0","1.3","1.3","1000.0","0.0","0.0","0.0","0.0","0.0","0.0","38.5","32.6","846.75","111.8","25.5","228.09","13.5","2.4","177.78","9.4","11.5","1223.4","0.0","0.0","0.0","0.0","0.0","0.0","0.0","0.0","0.0","0.9","0.4","444.44","0.0","0.0","0.0","0.0","0.0","0.0","306.0","97.6","318.95","316.3","109.5","346.19","8.1","55.37","6835.8","421.0","51.73","122.87","0.0","0.0","0.0","0.0","0.0","0.0"
"116","2015","7","Maharashtra","Yeotmal","0.0","0.0","0.0","35.6","37.6","1056.18","42.1","17.1","406.18","5.9","3.3","559.32","48.0","20.4","425.0","0.2","0.0","0.0","3.4","3.0","882.35","0.0","0.0","0.0","0.0","0.0","0.0","80.9","59.7","737.95","119.7","62.6","522.97","13.7","3.4","248.18","13.0","12.3","946.15","0.0","0.0","0.0","0.0","0.0","0.0","0.1","0.0","0.0","0.0","0.0","0.0","0.0","0.0","0.0","0.0","0.0","0.0","293.1","140.9","480.72","306.2","153.1","500.0","13.6","90.84","6679.41","432.9","87.01","200.99","0.0","0.0","0.0","0.0","0.0","0.0"
"116","2016","7","Maharashtra","Yeotmal","0.0","0.0","0.0","60.2","77.9","1294.02","29.9","13.5","451.51","4.6","5.3","1152.17","34.5","18.8","544.93","0.1","0.04","440.0","3.4","7.3","2147.06","0.0","0.0","0.0","0.0","0.0","0.0","147.7","109.1","738.66","173.52","230.96","1330.98","19.72","10.46","530.63","41.1","27.2","661.8","0.77","0.19","248.04","0.0","0.0","0.0","0.1","0.1","1000.0","0.0","0.0","0.0","0.0","0.0","0.0","0.0","0.0","0.0","253.0","282.4","1116.21","0.0","0.0","0.0","12.49","88.83","7110.38","420.7","197.62","469.75","0.0","0.0","0.0","0.0","0.0","0.0"
"116","2017","7","Maharashtra","Yeotmal","0.0","0.0","0.0","12.8","13.0","1015.62","22.55","12.1","536.68","1.33","1.0","754.15","23.87","13.1","548.76","0.04","0.02","432.43","2.4","4.9","2041.67","0.0","0.0","0.0","0.0","0.0","0.0","94.1","75.0","797.02","134.6","130.8","971.77","18.42","5.07","275.24","3.14","3.8","1210.96","0.63","0.13","200.0","0.0","0.0","400.0","0.1","0.1","1000.0","0.0","0.0","0.0","0.0","0.0","0.0","0.0","0.0","500.0","254.5","206.3","810.61","0.0","0.0","0.0","14.13","59.33","4199.76","470.3","85.95","182.76","0.0","0.0","0.0","0.0","0.0","0.0"
"117","1966","7","Maharashtra","Wardha","6.0","1.0","166.67","38.0","17.0","447.37","144.0","87.6","608.33","1.1","0.6","545.45","145.1","88.2","607.86","0.8","0.2","250.0","0.0","0.0","0.0","0.0","0.0","0.0","0.0","0.0","0.0","4.0","1.0","250.0","27.0","22.0","814.81","78.5","1.8","22.93","5.0","1.0","200.0","9.1","2.1","230.77","0.0","0.0","0.0","0.0","-1.0","0.0","0.0","0.0","0.0","5.4","1.0","185.19","0.0","0.0","0.0","0.0","0.0","0.0","54.6","4.1","75.09","0.1","0.6","6000.0","172.0","13.0","75.58","2.06","1.38","3.44","0.0","0.41","0.28"
"117","1967","7","Maharashtra","Wardha","6.0","2.0","333.33","40.0","13.0","325.0","139.0","85.2","612.95","1.1","0.5","454.55","140.1","85.7","611.71","2.5","0.7","280.0","0.0","0.0","0.0","0.0","0.0","0.0","0.0","0.0","0.0","4.0","1.0","250.0","28.0","19.0","678.57","94.2","2.4","25.48","7.0","3.0","428.57","10.3","2.7","262.14","0.0","0.0","0.0","0.0","-1.0","0.0","0.0","0.0","0.0","6.4","1.5","234.38","0.0","0.0","0.0","0.0","0.0","0.0","62.8","7.2","114.65","0.1","0.3","3000.0","171.0","12.0","70.18","2.3","1.38","3.67","0.0","0.36","0.28"
"117","1968","7","Maharashtra","Wardha","6.0","5.0","833.33","35.7","18.0","504.2","132.4","99.3","750.0","1.5","0.7","466.67","133.9","100.0","746.83","1.1","0.3","272.73","0.0","0.0","0.0","0.0","0.0","0.0","0.0","0.0","0.0","3.3","1.0","303.03","30.4","24.0","789.47","18.2","2.6","142.86","6.5","5.0","769.23","10.9","2.8","256.88","0.0","0.0","0.0","0.0","-1.0","0.0","0.0","0.0","0.0","6.4","1.4","218.75","0.0","0.0","0.0","0.0","0.0","0.0","21.0","9.2","438.1","0.1","0.5","5000.0","178.0","11.0","61.8","2.3","1.3","3.6","0.0","0.3","0.2"
"117","1969","7","Maharashtra","Wardha","6.8","6.8","1000.0","34.0","11.8","347.06","132.5","73.6","555.47","0.9","0.2","222.22","133.4","73.8","553.22","1.3","0.4","307.69","0.0","0.0","0.0","0.0","0.0","0.0","0.0","0.0","0.0","3.8","0.8","210.53","30.8","22.7","737.01","19.5","3.3","169.23","7.4","4.7","635.14","6.5","1.8","276.92","0.0","0.0","0.0","0.0","-1.0","0.0","0.0","0.0","0.0","6.2","1.5","241.94","0.0","0.0","0.0","0.0","0.0","0.0","20.3","8.0","394.09","0.1","0.6","6000.0","178.9","11.1","62.05","2.4","1.4","3.8","0.0","0.4","0.2"
"117","1970","7","Maharashtra","Wardha","7.1","7.5","1056.34","35.4","12.9","364.41","130.3","37.7","289.33","1.7","0.3","176.47","132.0","38.0","287.88","1.8","0.4","222.22","0.1","0.0","0.0","0.0","0.0","0.0","0.0","0.0","0.0","5.3","1.2","226.42","25.5","21.1","827.45","17.8","1.9","106.74","7.8","4.2","538.46","8.1","2.0","246.91","0.0","0.0","0.0","0.0","-1.0","0.0","0.0","0.0","0.0","7.0","1.6","228.57","0.0","0.0","0.0","0.0","0.0","0.0","23.4","7.8","333.33","0.1","0.6","6000.0","183.3","4.1","22.37","2.7","1.1","3.8","0.0","0.3","0.2"
"117","1971","7","Maharashtra","Wardha","8.8","8.0","909.09","34.7","16.2","466.86","132.6","47.2","355.96","1.3","0.3","230.77","133.9","47.5","354.74","1.3","0.1","76.92","0.0","0.0","0.0","0.0","0.0","0.0","0.0","0.0","0.0","4.2","1.2","285.71","29.9","28.7","959.87","20.5","3.4","165.85","8.2","4.9","597.56","9.7","2.8","288.66","0.0","0.0","0.0","0.0","-1.0","0.0","0.0","0.0","0.0","7.8","1.9","243.59","0.0","0.0","0.0","0.0","0.0","0.0","20.5","9.6","468.29","0.1","0.6","6000.0","179.2","13.9","77.57","2.8","1.4","4.2","0.0","0.4","0.5"
"117","1972","7","Maharashtra","Wardha","9.1","3.8","417.58","33.1","14.3","432.02","120.2","45.1","375.21","1.6","0.6","375.0","121.8","45.7","375.21","1.2","0.2","166.67","0.0","0.0","0.0","0.0","0.0","0.0","0.0","0.0","0.0","3.0","0.4","133.33","31.4","25.9","824.84","19.5","2.6","133.33","9.3","2.7","290.32","5.8","1.0","172.41","0.0","0.0","0.0","0.0","0.0","0.0","0.0","0.0","0.0","9.7","1.6","164.95","0.0","0.0","0.0","0.0","0.0","0.0","24.0","5.3","220.83","0.1","0.6","6000.0","183.3","12.6","68.74","2.8","1.5","4.3","0.0","0.3","0.1"
"117","1973","7","Maharashtra","Wardha","8.6","7.0","813.95","39.3","18.5","470.74","129.5","62.3","481.08","0.9","0.4","444.44","130.4","62.7","480.83","1.4","0.4","285.71","0.1","0.0","0.0","0.0","0.0","0.0","0.0","0.0","0.0","4.3","0.9","209.3","28.6","24.6","860.14","19.2","1.0","52.08","8.4","4.1","488.1","6.5","1.9","292.31","0.0","0.0","0.0","0.0","0.0","0.0","0.0","0.0","0.0","9.6","2.1","218.75","0.0","0.0","0.0","0.0","0.0","0.0","26.3","8.1","307.98","0.1","0.7","7000.0","182.0","11.4","62.64","2.7","1.7","4.4","0.0","0.3","0.1"
"117","1974","7","Maharashtra","Wardha","8.9","5.6","629.21","38.5","47.6","1236.36","126.4","99.1","784.02","0.9","0.3","333.33","127.3","99.4","780.83","1.0","0.4","400.0","0.0","0.0","0.0","0.0","0.0","0.0","0.0","0.0","0.0","5.0","2.1","420.0","28.5","34.9","1224.56","20.8","3.6","173.08","9.1","6.6","725.27","6.6","1.5","227.27","0.0","0.0","0.0","0.0","0.0","0.0","0.0","0.0","0.0","11.0","2.7","245.45","0.0","0.0","0.0","0.0","0.0","0.0","29.8","10.8","362.42","0.1","0.7","7000.0","188.4","19.0","100.85","2.9","1.6","4.5","0.0","0.2","0.1"
"117","1975","7","Maharashtra","Wardha","9.1","10.3","1131.87","42.9","43.0","1002.33","132.0","73.7","558.33","1.4","0.4","285.71","133.4","74.1","555.47","0.9","0.3","333.33","0.0","0.0","0.0","0.0","0.0","0.0","0.0","0.0","0.0","5.2","2.0","384.62","25.8","26.8","1038.76","21.8","4.6","211.01","8.4","7.7","916.67","6.2","1.4","225.81","0.0","0.0","0.0","0.0","0.0","0.0","0.0","0.0","0.0","13.0","2.3","176.92","0.0","0.0","0.0","0.0","0.0","0.0","27.7","11.4","411.55","0.1","0.7","7000.0","176.5","10.6","60.06","3.0","1.8","4.8","0.1","0.3","0.1"
"117","1976","7","Maharashtra","Wardha","10.1","7.5","742.57","42.4","35.0","825.47","135.6","105.0","774.34","1.0","0.3","300.0","136.6","105.3","770.86","1.0","0.3","300.0","0.1","0.1","1000.0","0.0","0.0","0.0","0.0","0.0","0.0","4.4","1.0","227.27","25.4","26.4","1039.37","22.9","4.2","183.41","11.0","4.9","445.45","6.4","1.4","218.75","0.0","0.0","0.0","0.0","0.0","0.0","0.0","0.0","0.0","12.6","3.0","238.1","0.0","0.0","0.0","0.0","0.0","0.0","30.0","9.3","310.0","0.2","1.6","8000.0","167.4","9.6","57.35","3.1","1.8","4.9","0.0","0.4","0.1"
"117","1977","7","Maharashtra","Wardha","10.3","10.9","1058.25","41.6","41.8","1004.81","135.4","124.7","920.97","1.2","0.6","500.0","136.6","125.3","917.28","0.9","0.3","333.33","0.0","0.0","0.0","0.0","0.0","0.0","0.0","0.0","0.0","4.9","1.3","265.31","23.2","25.2","1086.21","18.7","3.2","171.12","11.1","9.6","864.86","7.6","1.5","197.37","0.0","0.0","0.0","0.0","0.0","0.0","0.0","0.0","0.0","13.1","3.1","236.64","0.0","0.0","0.0","0.0","0.0","0.0","32.4","14.2","438.27","0.2","1.7","8500.0","176.6","12.0","67.95","3.1","2.1","5.2","0.0","0.4","0.1"
"117","1978","7","Maharashtra","Wardha","10.5","14.1","1342.86","47.0","37.7","802.13","131.4","109.5","833.33","1.2","0.6","500.0","132.6","110.1","830.32","0.9","0.4","444.44","0.0","0.0","0.0","0.0","0.0","0.0","0.0","0.0","0.0","5.5","0.9","163.64","29.8","31.1","1043.62","15.0","1.2","80.0","10.0","4.1","410.0","8.5","2.6","305.88","0.0","0.0","0.0","0.0","0.0","0.0","0.0","0.0","0.0","21.3","4.7","220.66","0.0","0.0","0.0","0.0","0.0","0.0","42.4","11.4","268.87","0.2","1.6","8000.0","178.2","18.2","102.13","3.2","2.0","5.2","0.0","0.4","0.1"
"117","1979","7","Maharashtra","Wardha","11.0","9.4","854.55","45.4","37.0","814.98","130.4","138.4","1061.35","1.2","0.5","416.67","131.6","138.9","1055.47","0.8","0.3","375.0","0.1","0.2","2000.0","0.0","0.0","0.0","0.0","0.0","0.0","5.8","1.1","189.66","30.6","31.3","1022.88","14.3","1.5","104.9","9.0","7.1","788.89","9.6","1.9","197.92","0.0","0.0","0.0","0.0","0.0","0.0","0.0","0.0","0.0","12.6","2.7","214.29","0.0","0.0","0.0","0.0","0.0","0.0","42.2","11.7","277.25","0.1","1.2","12000.0","192.0","22.2","115.63","3.3","1.8","5.1","0.0","0.3","0.2"
"117","1980","7","Maharashtra","Wardha","10.8","6.7","620.37","37.9","48.7","1284.96","125.0","102.9","823.2","1.1","0.5","454.55","126.1","103.4","819.98","0.8","0.3","375.0","0.1","0.1","1000.0","0.0","0.0","0.0","0.0","0.0","0.0","5.4","0.9","166.67","31.6","29.4","930.38","4.5","1.9","422.22","8.9","6.3","707.87","8.5","1.3","152.94","0.0","0.0","0.0","0.0","0.0","0.0","0.0","0.0","0.0","10.6","2.2","207.55","0.0","0.0","0.0","0.0","0.0","0.0","25.4","4.9","192.91","0.2","1.5","7500.0","197.8","16.6","83.92","3.4","2.3","5.7","0.0","0.4","0.1"
"117","1981","7","Maharashtra","Wardha","9.8","13.9","1418.37","37.2","37.9","1018.82","126.9","110.3","869.19","1.1","0.4","363.64","128.0","110.7","864.84","0.7","0.2","285.71","0.5","0.0","0.0","0.0","0.0","0.0","0.0","0.0","0.0","5.9","1.1","186.44","30.7","31.0","1009.77","5.5","5.6","1018.18","8.4","5.1","607.14","6.8","1.0","147.06","0.0","0.0","0.0","0.0","0.0","0.0","0.0","0.0","0.0","10.0","1.9","190.0","0.0","0.0","0.0","0.0","0.0","0.0","24.1","8.0","331.95","0.2","1.7","8500.0","201.0","19.2","95.52","3.3","2.1","5.4","0.0","0.3","0.1"
"117","1982","7","Maharashtra","Wardha","8.9","11.2","1258.43","36.7","44.1","1201.63","125.9","161.3","1281.18","1.1","0.4","363.64","127.0","161.7","1273.23","0.5","0.2","400.0","0.6","0.0","0.0","0.0","0.0","0.0","0.0","0.0","0.0","5.5","0.9","163.64","32.1","40.3","1255.45","6.0","4.3","716.67","8.9","4.6","516.85","8.3","1.8","216.87","0.0","0.0","0.0","0.0","0.0","0.0","0.0","0.0","0.0","10.0","2.0","200.0","0.0","0.0","0.0","0.0","0.0","0.0","24.8","10.2","411.29","0.2","1.3","6500.0","196.4","21.0","106.92","3.4","2.2","5.6","0.0","0.3","0.1"
"117","1983","7","Maharashtra","Wardha","8.8","7.5","852.27","36.7","46.4","1264.31","123.7","117.6","950.69","1.0","0.5","500.0","124.7","118.1","947.07","0.6","0.2","333.33","0.0","0.0","0.0","0.0","0.0","0.0","0.0","0.0","0.0","6.3","1.3","206.35","33.4","42.2","1263.47","6.0","4.6","766.67","10.1","7.0","693.07","8.8","3.6","409.09","0.0","0.0","0.0","0.0","0.0","0.0","0.0","0.0","0.0","10.1","2.7","267.33","0.0","0.0","0.0","0.0","0.0","0.0","27.2","11.1","408.09","0.2","1.4","7000.0","199.2","12.7","63.76","3.4","2.4","5.8","0.0","0.4","0.1"
"117","1984","7","Maharashtra","Wardha","9.7","4.8","494.85","32.6","33.1","1015.34","118.3","130.6","1103.97","0.9","0.3","333.33","119.2","130.9","1098.15","0.6","0.2","333.33","0.0","0.0","0.0","0.0","0.0","0.0","0.0","0.0","0.0","5.1","1.8","352.94","35.0","41.8","1194.29","5.0","3.2","640.0","17.0","14.6","858.82","12.1","2.5","206.61","0.0","0.0","0.0","0.0","0.0","0.0","0.0","0.0","0.0","10.9","3.3","302.75","0.0","0.0","0.0","0.0","0.0","0.0","32.2","10.6","329.19","0.2","2.0","10000.0","171.5","13.7","79.88","3.6","2.6","6.2","0.0","0.3","0.1"
"117","1985","7","Maharashtra","Wardha","9.7","10.0","1030.93","29.0","26.7","920.69","112.6","132.1","1173.18","0.9","0.5","555.56","113.5","132.6","1168.28","0.6","0.1","166.67","0.0","0.0","0.0","0.0","0.0","0.0","0.0","0.0","0.0","5.8","2.1","362.07","36.6","33.5","915.3","12.0","4.0","333.33","18.6","10.5","564.52","12.6","2.3","182.54","0.0","0.0","0.0","0.0","0.0","0.0","0.0","0.0","0.0","10.9","2.4","220.18","0.0","0.0","0.0","0.0","0.0","0.0","42.9","16.2","377.62","0.0","0.0","0.0","175.8","31.8","180.89","3.6","2.7","6.3","0.0","0.4","0.1"
"117","1986","7","Maharashtra","Wardha","9.0","6.0","666.67","27.0","23.0","851.85","104.2","41.7","400.19","1.0","0.5","500.0","105.2","42.2","401.14","1.0","0.2","200.0","7.0","3.0","428.57","0.0","0.0","0.0","0.0","0.0","0.0","7.0","2.5","357.14","36.8","30.3","823.37","10.4","2.0","192.31","21.6","10.2","472.22","13.0","2.9","223.08","0.0","0.0","0.0","0.0","0.0","0.0","0.0","0.0","0.0","10.5","2.6","247.62","0.0","0.0","0.0","0.0","0.0","0.0","45.1","15.3","339.25","0.0","0.0","0.0","175.0","18.0","102.86","3.8","2.7","6.5","0.0","0.3","0.0"
"117","1987","7","Maharashtra","Wardha","8.0","2.0","250.0","22.0","15.0","681.82","110.3","104.5","947.42","0.4","0.2","500.0","110.7","104.7","945.8","1.0","0.3","300.0","7.9","3.0","379.75","0.0","0.0","0.0","0.0","0.0","0.0","7.9","2.8","354.43","33.6","35.9","1068.45","22.6","4.4","194.69","13.8","10.7","775.36","22.0","6.5","295.45","0.0","0.0","0.0","0.0","0.0","0.0","0.0","0.0","0.0","7.8","2.4","307.69","1.0","0.4","400.0","7.6","2.7","355.26","53.0","23.2","437.74","0.0","0.0","0.0","148.0","15.0","101.35","3.6","1.9","5.5","0.0","0.2","0.2"
"117","1988","7","Maharashtra","Wardha","5.6","7.8","1392.86","22.7","23.1","1017.62","98.8","100.8","1020.24","0.4","0.1","250.0","99.2","100.9","1017.14","1.0","0.3","300.0","0.0","0.0","0.0","0.0","0.0","0.0","0.0","0.0","0.0","14.2","9.8","690.14","36.6","38.1","1040.98","11.5","3.6","313.04","19.9","15.5","778.89","16.1","4.4","273.29","0.0","0.0","0.0","0.4","0.2","500.0","0.0","0.0","0.0","7.8","1.9","243.59","5.0","3.5","700.0","6.3","6.6","1047.62","55.9","30.7","549.19","0.1","0.7","7000.0","146.3","23.1","157.89","4.5","3.0","7.5","0.1","0.3","0.3"
"117","1989","7","Maharashtra","Wardha","4.8","3.9","812.5","22.8","24.8","1087.72","86.5","146.1","1689.02","0.3","0.1","333.33","86.8","146.2","1684.33","1.0","0.4","400.0","0.0","0.0","0.0","0.0","0.0","0.0","0.0","0.0","0.0","15.4","8.8","571.43","45.9","45.9","1000.0","14.3","5.6","391.61","18.3","13.9","759.56","14.0","3.4","242.86","0.6","0.3","500.0","0.4","0.2","500.0","0.0","0.0","0.0","6.7","1.5","223.88","0.0","0.0","0.0","10.6","7.7","726.42","53.0","26.4","498.11","0.1","0.7","7000.0","148.9","30.3","203.49","4.8","3.8","8.6","0.0","0.4","0.4"
"117","1990","7","Maharashtra","Wardha","3.9","2.5","641.03","21.0","20.0","952.38","89.8","86.7","965.48","0.1","0.1","1000.0","89.9","86.8","965.52","0.7","0.3","428.57","0.0","0.0","0.0","0.0","0.0","0.0","0.0","0.0","0.0","15.6","9.3","596.15","50.0","33.0","660.0","8.3","2.9","349.4","17.2","16.9","982.56","10.2","1.7","166.67","0.0","0.0","0.0","0.2","0.1","500.0","0.1","0.1","1000.0","10.0","2.1","210.0","1.3","0.7","538.46","17.0","16.7","982.35","56.1","37.3","664.88","1.0","7.77","7770.0","155.2","31.09","200.32","4.9","3.3","8.2","0.0","0.2","0.5"
"117","1991","7","Maharashtra","Wardha","3.5","1.7","485.71","17.4","21.5","1235.63","79.8","66.8","837.09","0.8","0.3","375.0","80.6","67.1","832.51","0.4","0.1","250.0","0.0","0.0","0.0","0.0","0.0","0.0","0.0","0.0","0.0","11.1","6.5","585.59","51.0","34.3","672.55","11.4","2.1","184.21","17.1","6.2","362.57","10.6","1.7","160.38","0.0","0.0","0.0","0.0","0.0","0.0","0.0","0.0","0.0","7.7","1.2","155.84","0.7","0.2","285.71","28.5","20.6","722.81","66.3","32.3","487.18","0.3","2.17","7233.33","155.4","20.13","129.54","4.9","3.2","8.1","0.0","0.2","0.4"
"117","1992","7","Maharashtra","Wardha","3.3","2.7","818.18","16.8","19.4","1154.76","80.4","87.6","1089.55","0.3","0.1","333.33","80.7","87.7","1086.74","0.6","0.3","500.0","0.0","0.0","0.0","0.0","0.0","0.0","0.0","0.0","0.0","16.4","9.1","554.88","52.6","38.9","739.54","12.1","4.9","404.96","11.6","7.1","612.07","9.3","2.2","236.56","0.3","0.1","333.33","0.0","0.0","0.0","0.0","0.0","0.0","3.2","0.8","250.0","0.1","0.1","1000.0","50.3","36.5","725.65","74.8","46.8","625.67","0.2","1.24","6200.0","131.5","15.69","119.32","5.5","3.3","8.8","0.0","0.3","0.7"
"117","1993","7","Maharashtra","Wardha","2.1","2.2","1047.62","14.1","16.8","1191.49","74.7","82.3","1101.74","0.3","0.2","666.67","75.0","82.5","1100.0","0.4","0.3","750.0","0.2","0.3","1500.0","0.0","0.0","0.0","0.0","0.0","0.0","17.4","8.2","471.26","53.6","39.2","731.34","14.8","8.2","554.05","12.2","11.2","918.03","8.6","2.2","255.81","0.1","0.0","0.0","0.1","0.1","1000.0","0.1","0.0","0.0","3.4","1.0","294.12","0.6","0.4","666.67","67.5","91.9","1361.48","92.6","106.8","1153.35","0.2","1.4","7000.0","129.2","24.4","188.85","5.1","3.7","8.8","0.0","0.3","0.4"
"117","1994","7","Maharashtra","Wardha","1.7","1.5","882.35","19.1","27.1","1418.85","75.3","67.3","893.76","1.0","0.4","400.0","76.3","67.7","887.29","0.2","0.1","500.0","0.2","0.3","1500.0","0.0","0.0","0.0","0.0","0.0","0.0","23.6","14.9","631.36","51.8","29.6","571.43","10.0","4.6","460.0","10.3","7.5","728.16","5.6","1.1","196.43","0.5","0.2","400.0","0.3","0.2","666.67","0.1","0.0","0.0","4.5","1.1","244.44","0.2","0.1","500.0","68.2","58.4","856.31","89.7","68.6","764.77","1.1","8.06","7327.27","137.8","29.07","210.96","5.5","2.9","8.4","0.0","0.3","0.3"
"117","1995","7","Maharashtra","Wardha","1.4","1.6","1142.86","19.7","23.7","1203.05","67.0","64.9","968.66","1.9","0.9","473.68","68.9","65.8","955.01","0.2","0.1","500.0","0.0","0.0","0.0","0.0","0.0","0.0","0.0","0.0","0.0","22.2","10.0","450.45","52.2","35.1","672.41","6.5","3.1","476.92","8.3","7.3","879.52","3.9","0.9","230.77","0.0","0.0","0.0","0.2","0.1","500.0","0.0","0.0","0.0","4.2","1.1","261.9","0.4","0.3","750.0","72.7","71.3","980.74","90.4","81.2","898.23","1.8","13.48","7488.89","144.7","32.66","225.71","5.7","2.9","8.6","0.0","0.3","0.2"
"117","1996","7","Maharashtra","Wardha","1.3","1.3","1000.0","15.9","23.5","1477.99","68.7","101.2","1473.07","2.1","0.8","380.95","70.8","102.0","1440.68","0.2","0.2","1000.0","0.1","0.1","1000.0","0.0","0.0","0.0","0.0","0.0","0.0","18.1","10.7","591.16","53.3","44.9","842.4","6.5","3.0","461.54","7.2","6.0","833.33","2.8","0.7","250.0","0.0","0.0","0.0","0.2","0.1","500.0","0.0","0.0","0.0","3.5","1.2","342.86","0.5","0.4","800.0","83.9","108.4","1292.01","97.8","116.7","1193.25","3.1","20.81","6712.9","147.6","32.54","220.46","5.7","2.8","8.5","0.0","0.3","0.1"
"117","1997","7","Maharashtra","Wardha","0.8","0.4","500.0","16.4","5.1","310.98","64.1","48.6","758.19","1.2","0.3","250.0","65.3","48.9","748.85","0.2","0.1","500.0","0.0","0.0","0.0","0.0","0.0","0.0","0.0","0.0","0.0","17.2","4.0","232.56","51.1","16.1","315.07","3.2","1.2","375.0","6.5","3.6","553.85","2.8","0.2","71.43","0.0","0.0","0.0","0.2","0.1","500.0","0.0","0.0","0.0","4.0","0.7","175.0","0.8","0.1","125.0","99.7","92.6","928.79","114.0","109.7","962.28","1.2","16.54","13783.33","152.0","11.41","75.07","4.2","3.4","7.6","0.0","0.3","0.2"
"117","1998","7","Maharashtra","Wardha","0.5","0.5","1000.0","19.1","20.7","1083.77","54.1","58.2","1075.79","2.0","0.7","350.0","56.1","58.9","1049.91","0.1","0.1","1000.0","0.4","0.6","1500.0","0.0","0.0","0.0","0.0","0.0","0.0","19.5","9.2","471.79","45.8","44.8","978.17","5.8","2.7","465.52","6.4","5.7","890.62","1.6","0.4","250.0","0.3","0.1","333.33","0.2","0.1","500.0","0.0","0.0","0.0","2.7","0.8","296.3","0.6","0.3","500.0","131.6","132.3","1005.32","143.5","139.7","973.52","2.8","22.98","8207.14","132.2","17.05","128.97","7.8","3.1","10.9","0.0","0.3","0.3"
"117","1999","7","Maharashtra","Wardha","0.5","0.3","600.0","21.0","25.5","1214.29","48.5","38.5","793.81","2.1","0.9","428.57","50.6","39.4","778.66","0.1","0.1","1000.0","0.2","0.2","1000.0","0.0","0.0","0.0","0.0","0.0","0.0","21.1","11.2","530.81","48.8","44.8","918.03","3.7","1.3","351.35","6.3","5.0","793.65","1.2","0.4","333.33","0.4","0.12","300.0","0.1","0.1","1000.0","0.2","0.1","500.0","1.9","0.6","315.79","0.7","0.4","571.43","138.5","194.9","1407.22","149.3","201.59","1350.23","2.7","23.27","8618.52","134.0","29.75","222.01","10.8","3.2","14.0","0.0","0.4","0.2"
"117","2000","7","Maharashtra","Wardha","0.6","0.3","500.0","19.3","22.5","1165.8","43.1","43.9","1018.56","1.8","0.5","277.78","44.9","44.4","988.86","0.0","0.0","0.0","0.1","0.1","1000.0","0.0","0.0","0.0","0.0","0.0","0.0","16.6","9.0","542.17","51.9","57.0","1098.27","4.4","1.5","340.91","4.3","4.0","930.23","0.9","0.2","222.22","0.1","0.0","0.0","0.1","0.1","1000.0","0.2","0.1","500.0","0.6","0.2","333.33","0.2","0.1","500.0","135.4","160.0","1181.68","141.8","164.7","1161.5","3.5","23.39","6682.86","140.4","27.1","193.02","10.3","0.3","10.6","0.0","0.2","0.3"
"117","2001","7","Maharashtra","Wardha","0.5","0.3","600.0","18.9","24.7","1306.88","36.1","34.9","966.76","1.7","0.8","470.59","37.8","35.7","944.44","0.0","0.0","0.0","0.1","0.2","2000.0","0.0","0.0","0.0","0.0","0.0","0.0","19.7","12.3","624.37","56.1","65.8","1172.91","3.0","1.2","400.0","2.8","2.1","750.0","0.8","0.2","250.0","0.1","0.0","0.0","0.0","0.0","0.0","0.3","0.2","666.67","0.4","0.1","250.0","0.1","0.1","1000.0","128.6","166.8","1297.05","133.1","169.5","1273.48","3.2","19.14","5981.25","150.0","23.15","154.33","10.3","0.3","10.6","0.0","0.2","0.3"
"117","2002","7","Maharashtra","Wardha","0.5","0.3","600.0","19.9","24.1","1211.06","34.5","31.7","918.84","0.7","0.2","285.71","35.2","31.9","906.25","0.0","0.0","0.0","0.0","0.0","0.0","0.0","0.0","0.0","0.0","0.0","0.0","25.2","12.0","476.19","54.2","80.0","1476.01","2.9","0.9","310.34","2.2","2.0","909.09","0.9","0.1","111.11","0.1","0.0","0.0","0.0","0.0","0.0","0.1","0.01","100.0","0.3","0.1","333.33","0.0","0.0","0.0","159.8","169.2","1058.82","163.4","171.45","1049.27","3.9","23.2","5948.72","136.2","21.98","161.38","10.3","0.3","10.6","0.0","0.2","0.3"
"117","2003","7","Maharashtra","Wardha","0.3","0.2","666.67","20.7","25.0","1207.73","29.8","29.3","983.22","0.5","0.2","400.0","30.3","29.5","973.6","0.0","0.0","0.0","0.0","0.0","0.0","0.0","0.0","0.0","0.0","0.0","0.0","31.0","19.6","632.26","52.6","73.7","1401.14","3.0","1.3","433.33","2.1","1.9","904.76","0.6","0.1","166.67","0.1","0.0","0.0","0.0","0.0","0.0","0.0","0.0","0.0","0.2","0.1","500.0","0.0","0.0","0.0","173.8","253.9","1460.87","176.9","256.0","1447.15","2.9","17.17","5920.69","111.3","25.48","228.93","9.7","0.4","10.1","0.0","0.3","0.0"
"117","2004","7","Maharashtra","Wardha","0.2","0.2","1000.0","15.5","18.1","1167.74","25.2","22.6","896.83","0.6","0.2","333.33","25.8","22.8","883.72","0.0","0.0","0.0","0.0","0.0","0.0","0.0","0.0","0.0","0.0","0.0","0.0","21.3","11.0","516.43","52.5","44.1","840.0","2.0","0.92","460.0","2.6","2.3","884.62","0.5","0.1","200.0","0.1","0.0","0.0","0.0","0.0","0.0","0.0","0.0","0.0","0.1","0.1","1000.0","0.2","0.1","500.0","195.5","202.0","1033.25","199.1","204.64","1027.83","1.6","7.2","4500.0","99.8","21.9","219.44","11.5","0.4","11.9","0.0","0.27","0.0"
"117","2005","7","Maharashtra","Wardha","0.2","0.2","1000.0","19.0","24.0","1263.16","19.8","16.0","808.08","0.8","0.3","375.0","20.6","16.3","791.26","0.0","0.0","0.0","0.0","0.0","0.0","0.0","0.0","0.0","0.0","0.0","0.0","25.9","13.8","532.82","52.4","53.1","1013.36","1.4","0.77","550.0","3.3","3.4","1030.3","4.4","0.9","204.55","0.1","0.1","1000.0","0.0","0.0","0.0","0.0","0.0","0.0","0.1","0.1","1000.0","1.0","0.6","600.0","214.7","233.9","1089.43","219.7","238.27","1084.52","1.6","8.85","5531.25","80.1","14.91","186.14","11.7","0.8","12.5","0.0","0.0","0.0"
"117","2006","7","Maharashtra","Wardha","0.1","0.1","1000.0","25.3","37.5","1482.21","15.6","13.3","852.56","0.5","0.2","400.0","16.1","13.5","838.51","0.0","0.0","0.0","0.1","0.2","2000.0","0.0","0.0","0.0","0.0","0.0","0.0","30.9","16.9","546.93","60.1","34.1","567.39","1.3","0.77","592.31","3.7","4.4","1189.19","0.4","0.1","250.0","0.1","0.04","400.0","0.0","0.0","0.0","0.1","0.04","400.0","0.1","0.1","1000.0","1.2","0.7","583.33","230.5","277.8","1205.21","236.1","283.18","1199.41","3.4","22.93","6744.12","83.9","19.02","226.7","0.0","0.0","0.0","0.0","0.27","0.0"
"117","2007","7","Maharashtra","Wardha","0.1","0.09","900.0","27.7","47.5","1714.8","10.4","7.8","750.0","0.6","0.3","500.0","11.0","8.1","736.36","0.0","0.0","0.0","0.1","0.3","3000.0","0.0","0.0","0.0","0.0","0.0","0.0","38.2","27.2","712.04","67.2","69.2","1029.76","1.1","0.65","590.91","3.8","4.95","1302.63","0.2","0.1","500.0","0.1","0.05","500.0","0.0","0.0","0.0","0.4","0.12","300.0","0.1","0.1","1000.0","1.0","0.8","800.0","229.2","305.3","1332.02","234.8","311.42","1326.32","5.5","31.92","5803.64","80.7","26.37","326.77","0.0","0.0","0.0","0.0","0.17","0.0"
"117","2008","7","Maharashtra","Wardha","0.0","0.0","0.0","19.2","25.0","1302.08","4.3","1.5","348.84","0.3","0.1","333.33","4.6","1.6","347.83","0.0","0.0","0.0","0.1","0.2","2000.0","0.0","0.0","0.0","0.0","0.0","0.0","16.8","9.0","535.71","62.9","40.2","639.11","0.9","0.37","411.11","1.3","1.1","846.15","0.1","0.1","1000.0","0.0","0.0","0.0","0.0","0.0","0.0","0.0","0.0","0.0","0.0","0.0","0.0","0.2","0.1","500.0","249.9","146.1","584.63","251.7","147.48","585.94","1.9","7.23","3805.26","68.5","14.25","208.03","0.0","0.0","0.0","0.0","0.0","0.0"
"117","2009","7","Maharashtra","Wardha","0.0","0.0","0.0","23.5","32.43","1380.0","3.7","1.71","462.16","1.3","0.71","546.15","5.0","2.42","484.0","0.0","0.0","0.0","0.0","0.0","0.0","0.0","0.0","0.0","0.0","0.0","0.0","26.6","14.18","533.08","63.3","21.06","332.7","0.61","0.39","639.34","1.1","1.23","1118.18","0.0","0.0","0.0","0.0","0.0","0.0","0.0","0.0","0.0","0.1","0.03","300.0","0.1","0.03","300.0","0.0","0.0","0.0","178.9","104.01","581.39","180.3","105.32","584.14","1.8","14.86","8255.56","145.4","33.81","232.53","0.0","0.0","0.0","0.0","0.0","0.0"
"117","2010","7","Maharashtra","Wardha","0.0","0.0","0.0","29.5","49.01","1661.36","3.1","1.52","490.32","1.2","0.65","541.67","4.3","2.17","504.65","0.0","0.0","0.0","0.0","0.0","0.0","0.0","0.0","0.0","0.0","0.0","0.0","27.6","21.15","766.3","71.5","76.57","1070.91","0.4","0.21","525.0","1.9","3.19","1678.95","0.0","0.0","0.0","0.0","0.0","0.0","0.0","0.0","0.0","0.0","0.0","0.0","0.1","0.03","300.0","0.1","0.07","700.0","137.8","151.58","1100.0","139.9","154.87","1107.01","2.0","13.68","6840.0","190.6","44.71","234.58","0.0","0.0","0.0","0.0","0.0","0.0"
"117","2011","7","Maharashtra","Wardha","0.0","0.0","0.0","23.1","34.43","1490.48","3.2","2.33","728.12","0.6","0.3","500.0","3.8","2.63","692.11","0.0","0.0","0.0","0.1","0.07","700.0","0.0","0.0","0.0","0.0","0.0","0.0","28.0","19.87","709.64","68.9","67.58","980.84","0.9","0.32","355.56","2.8","3.97","1417.86","0.2","0.06","300.0","0.0","0.0","0.0","0.0","0.0","0.0","0.0","0.0","0.0","0.01","0.0","0.0","0.0","0.0","0.0","173.0","150.61","870.58","176.11","154.65","878.14","3.7","24.43","6602.7","178.4","57.23","320.8","5.3","2.3","7.6","0.05","0.18","0.0"
"117","2012","7","Maharashtra","Wardha","0.0","0.0","0.0","23.7","36.05","1521.1","4.0","3.51","877.5","0.8","0.8","1000.0","4.8","4.32","900.0","0.0","0.0","0.0","0.0","0.0","0.0","0.0","0.0","0.0","0.0","0.0","0.0","30.0","27.81","927.0","66.5","79.28","1192.18","0.6","0.4","666.67","2.8","3.93","1403.57","0.0","0.0","0.0","0.0","0.0","0.0","0.0","0.0","0.0","0.0","0.0","0.0","0.0","0.0","0.0","0.0","0.0","0.0","176.7","188.66","1067.69","179.5","192.59","1072.92","2.1","18.02","8580.95","172.4","55.24","320.42","13.47","3.23","16.7","0.05","0.45","0.0"
"117","2013","7","Maharashtra","Wardha","0.0","0.0","0.0","25.7","33.7","1311.28","3.0","0.7","233.33","3.5","2.2","628.57","6.5","2.9","446.15","0.0","0.0","0.0","0.5","0.5","1000.0","0.0","0.0","0.0","0.0","0.0","0.0","36.4","27.5","755.49","70.6","47.6","674.22","0.5","0.2","400.0","3.8","5.58","1468.42","0.0","0.0","0.0","0.0","0.0","0.0","0.0","0.0","0.0","0.0","0.0","0.0","0.0","0.0","0.0","0.0","0.0","0.0","185.6","121.7","655.71","184.7","122.36","662.48","3.2","18.75","5859.37","176.9","45.81","258.96","0.0","0.0","0.0","0.0","0.0","0.0"
"117","2014","7","Maharashtra","Wardha","0.0","0.0","0.0","13.7","19.9","1452.55","4.0","1.7","425.0","2.4","1.1","458.33","6.4","2.8","437.5","0.0","0.0","0.0","1.0","1.0","1000.0","0.0","0.0","0.0","0.0","0.0","0.0","31.0","24.4","787.1","72.8","19.2","263.74","0.4","0.0","0.0","6.1","10.3","1688.52","0.0","0.0","0.0","0.0","0.0","0.0","0.1","0.0","0.0","0.0","0.0","0.0","0.0","0.0","0.0","0.0","0.0","0.0","154.2","67.1","435.15","160.4","77.3","481.92","3.1","20.18","6509.68","207.7","33.23","159.99","0.0","0.0","0.0","0.0","0.0","0.0"
"117","2015","7","Maharashtra","Wardha","0.0","0.0","0.0","13.2","15.6","1181.82","4.3","2.2","511.63","2.2","0.8","363.64","6.5","3.0","461.54","0.0","0.0","0.0","0.3","0.3","1000.0","0.0","0.0","0.0","0.0","0.0","0.0","28.6","22.3","779.72","77.9","29.0","372.27","0.3","0.0","0.0","11.0","19.9","1809.09","0.0","0.0","0.0","0.0","0.0","0.0","0.0","0.0","0.0","0.0","0.0","0.0","0.0","0.0","0.0","0.0","0.0","0.0","139.8","61.5","439.91","150.8","81.37","539.59","3.1","21.47","6925.81","223.4","57.76","258.55","0.0","0.0","0.0","0.0","0.0","0.0"
"117","2016","7","Maharashtra","Wardha","0.0","0.0","0.0","14.5","22.0","1517.24","3.6","1.8","500.0","1.9","1.1","578.95","5.5","2.9","527.27","0.0","0.0","0.0","0.13","0.2","1538.46","0.0","0.0","0.0","0.0","0.0","0.0","29.6","33.8","1141.89","84.98","128.71","1514.54","0.35","0.41","1163.32","3.1","5.4","1741.94","0.01","0.0","200.0","0.1","0.1","1000.0","0.0","0.0","0.0","0.0","0.0","0.0","0.0","0.0","0.0","0.01","0.01","700.0","127.2","150.4","1182.39","0.0","0.0","0.0","3.02","18.02","5972.82","240.5","129.4","538.05","0.0","0.0","0.0","0.0","0.0","0.0"
"117","2017","7","Maharashtra","Wardha","0.0","0.0","0.0","14.82","21.9","1478.13","3.0","1.3","433.33","3.5","2.6","742.86","6.5","3.9","600.0","0.0","0.0","0.0","0.23","0.1","442.48","0.0","0.0","0.0","0.0","0.0","0.0","31.4","36.8","1171.97","88.54","100.64","1136.68","0.09","0.03","321.84","1.59","1.91","1201.77","0.02","0.0","187.5","0.0","0.0","0.0","0.0","0.0","0.0","0.0","0.0","0.0","0.0","0.0","0.0","0.0","0.0","0.0","116.1","177.4","1527.99","0.0","0.0","0.0","2.17","13.01","6000.92","251.06","113.13","450.61","0.0","0.0","0.0","0.0","0.0","0.0"
"118","1966","7","Maharashtra","Nagpur","25.0","11.0","440.0","70.0","32.0","457.14","172.5","66.7","386.67","54.3","31.7","583.79","226.8","98.4","433.86","0.8","0.2","250.0","0.0","0.0","0.0","0.0","0.0","0.0","0.0","0.0","0.0","9.0","3.0","333.33","30.0","12.0","400.0","90.7","1.6","17.64","18.0","4.0","222.22","12.6","2.8","222.22","0.0","0.0","0.0","0.0","-1.0","0.0","0.1","0.0","0.0","24.2","3.8","157.02","0.0","0.0","0.0","0.0","0.0","0.0","143.6","10.6","73.82","0.2","0.8","4000.0","81.0","5.0","61.73","7.97","4.74","12.71","0.04","0.41","0.12"
"118","1967","7","Maharashtra","Nagpur","30.0","25.0","833.33","69.0","28.0","405.8","155.2","67.5","434.92","56.2","29.2","519.57","211.4","96.7","457.43","2.5","0.7","280.0","0.0","0.0","0.0","0.0","0.0","0.0","0.0","0.0","0.0","10.0","3.0","300.0","31.0","8.0","258.06","93.8","0.9","9.59","18.0","9.0","500.0","21.3","3.1","145.54","0.0","0.0","0.0","0.0","-1.0","0.0","0.1","0.0","0.0","27.2","3.7","136.03","0.0","0.0","0.0","0.0","0.0","0.0","164.6","15.8","95.99","0.1","0.4","4000.0","85.0","5.7","67.06","7.89","5.95","13.84","0.04","0.36","0.12"
"118","1968","7","Maharashtra","Nagpur","31.1","24.0","771.7","68.7","26.0","378.46","169.0","104.6","618.93","56.6","29.4","519.43","225.6","134.0","593.97","0.3","0.1","333.33","0.3","0.0","0.0","0.0","0.0","0.0","0.0","0.0","0.0","9.3","2.0","215.05","29.0","12.0","413.79","14.8","4.1","277.03","13.4","8.0","597.01","20.2","4.7","232.67","0.0","0.0","0.0","0.0","-1.0","0.0","0.1","0.0","0.0","27.0","5.7","211.11","0.0","0.0","0.0","0.0","0.0","0.0","60.7","18.4","303.13","0.1","0.8","8000.0","83.7","8.0","95.58","7.9","7.4","15.3","0.1","0.3","0.2"
"118","1969","7","Maharashtra","Nagpur","32.6","25.6","785.28","64.0","20.4","318.75","156.6","88.4","564.5","53.5","7.8","145.79","210.1","96.2","457.88","0.3","0.1","333.33","0.3","0.1","333.33","0.0","0.0","0.0","0.0","0.0","0.0","8.7","1.6","183.91","41.8","20.2","483.25","18.3","3.7","202.19","13.8","8.2","594.2","20.4","4.6","225.49","0.0","0.0","0.0","0.0","-1.0","0.0","0.1","0.0","0.0","25.8","3.6","139.53","0.0","0.0","0.0","0.0","0.0","0.0","60.2","16.4","272.43","0.2","1.2","6000.0","84.4","7.6","90.05","7.8","7.7","15.5","0.0","0.4","0.2"
"118","1970","7","Maharashtra","Nagpur","34.7","35.0","1008.65","62.6","26.9","429.71","149.3","34.3","229.74","54.6","8.0","146.52","203.9","42.3","207.45","0.2","0.1","500.0","0.5","0.1","200.0","0.0","0.0","0.0","0.0","0.0","0.0","9.1","2.4","263.74","35.4","15.7","443.5","20.3","2.8","137.93","13.7","6.8","496.35","16.0","2.2","137.5","0.0","0.0","0.0","0.2","-1.0","-1.0","0.1","0.0","0.0","27.8","5.3","190.65","0.0","0.0","0.0","0.0","0.0","0.0","58.0","14.3","246.55","0.1","0.6","6000.0","93.0","4.2","45.16","8.1","10.9","19.0","0.2","0.1","0.3"
"118","1971","7","Maharashtra","Nagpur","36.6","22.4","612.02","63.7","34.9","547.88","150.2","42.7","284.29","57.8","12.9","223.18","208.0","55.6","267.31","0.2","0.1","500.0","0.4","0.1","250.0","0.0","0.0","0.0","0.0","0.0","0.0","8.9","2.8","314.61","39.5","20.1","508.86","16.6","2.2","132.53","14.8","7.3","493.24","16.1","2.3","142.86","0.0","0.0","0.0","0.1","-1.0","-1.0","0.1","0.1","1000.0","26.4","6.4","242.42","0.0","0.0","0.0","0.0","0.0","0.0","57.6","16.1","279.51","0.1","0.6","6000.0","93.2","7.2","77.25","8.5","5.6","14.1","0.1","0.1","0.3"
"118","1972","7","Maharashtra","Nagpur","34.0","10.8","317.65","59.9","21.2","353.92","150.5","58.3","387.38","50.5","16.5","326.73","201.0","74.8","372.14","0.2","0.1","500.0","0.3","0.1","333.33","0.0","0.0","0.0","0.0","0.0","0.0","8.3","2.9","349.4","40.8","17.8","436.27","13.2","1.8","136.36","16.5","4.4","266.67","19.4","4.4","226.8","0.0","0.0","0.0","0.0","0.0","0.0","0.1","0.1","1000.0","31.2","6.9","221.15","0.0","0.0","0.0","0.0","0.0","0.0","67.3","15.8","234.77","0.1","0.6","6000.0","93.2","9.8","105.15","8.9","5.6","14.5","0.2","0.1","0.2"
"118","1973","7","Maharashtra","Nagpur","38.0","34.4","905.26","70.8","36.9","521.19","157.9","74.5","471.82","54.7","17.5","319.93","212.6","92.0","432.74","0.2","0.1","500.0","0.4","0.1","250.0","0.0","0.0","0.0","0.0","0.0","0.0","10.6","4.2","396.23","39.9","19.1","478.7","16.0","2.4","150.0","14.7","7.2","489.8","23.0","3.0","130.43","0.0","0.0","0.0","0.0","0.0","0.0","0.1","0.0","0.0","29.2","6.4","219.18","0.0","0.0","0.0","0.0","0.0","0.0","67.6","16.6","245.56","0.1","0.7","7000.0","85.0","5.0","58.82","8.3","6.6","14.9","0.1","0.1","0.2"
"118","1974","7","Maharashtra","Nagpur","37.9","31.6","833.77","66.7","43.8","656.67","156.5","147.4","941.85","56.5","16.0","283.19","213.0","163.4","767.14","0.2","0.1","500.0","0.4","0.1","250.0","0.0","0.0","0.0","0.0","0.0","0.0","13.2","5.7","431.82","39.3","15.5","394.4","21.4","6.0","280.37","14.9","10.8","724.83","25.7","4.0","155.64","0.0","0.0","0.0","0.0","0.0","0.0","0.1","0.1","1000.0","34.1","8.8","258.06","0.0","0.0","0.0","0.0","0.0","0.0","75.2","23.7","315.16","0.1","0.7","7000.0","95.4","8.6","90.15","8.5","6.7","15.2","0.0","0.2","0.3"
"118","1975","7","Maharashtra","Nagpur","42.0","54.9","1307.14","79.5","71.8","903.14","157.0","92.2","587.26","54.4","16.8","308.82","211.4","109.0","515.61","0.3","0.1","333.33","0.4","0.4","1000.0","0.0","0.0","0.0","0.0","0.0","0.0","12.9","5.2","403.1","40.1","18.9","471.32","18.4","12.9","701.09","12.2","11.1","909.84","19.1","2.4","125.65","0.0","0.0","0.0","0.0","0.0","0.0","0.1","0.0","0.0","34.3","8.2","239.07","0.0","0.0","0.0","0.0","0.0","0.0","65.8","21.7","329.79","0.1","0.7","7000.0","81.6","5.1","62.5","8.5","6.5","15.0","0.0","0.4","0.2"
"118","1976","7","Maharashtra","Nagpur","41.6","44.6","1072.12","77.5","48.8","629.68","160.4","109.1","680.17","53.0","19.3","364.15","213.4","128.4","601.69","0.6","0.2","333.33","0.3","0.4","1333.33","0.0","0.0","0.0","0.0","0.0","0.0","12.4","3.6","290.32","35.6","13.1","367.98","19.8","4.3","217.17","14.4","6.5","451.39","18.3","2.8","153.01","0.0","0.0","0.0","0.0","0.0","0.0","0.1","0.0","0.0","33.7","6.1","181.01","0.0","0.0","0.0","0.0","0.0","0.0","66.6","15.4","231.23","0.1","0.8","8000.0","72.1","5.4","74.9","8.8","6.6","15.4","0.0","0.4","0.2"
"118","1977","7","Maharashtra","Nagpur","43.6","57.1","1309.63","79.0","53.9","682.28","165.4","129.4","782.35","54.8","22.5","410.58","220.2","151.9","689.83","0.2","0.1","500.0","0.3","0.3","1000.0","0.0","0.0","0.0","0.0","0.0","0.0","13.5","4.0","296.3","27.6","11.4","413.04","19.0","3.4","178.95","13.6","12.0","882.35","15.8","3.2","202.53","0.0","0.0","0.0","0.0","0.0","0.0","0.1","0.0","0.0","34.2","9.9","289.47","0.0","0.0","0.0","0.0","0.0","0.0","63.8","25.1","393.42","0.2","1.7","8500.0","77.5","6.1","78.71","9.9","9.2","19.1","0.0","0.4","0.3"
"118","1978","7","Maharashtra","Nagpur","44.7","58.8","1315.44","82.5","49.2","596.36","158.5","125.4","791.17","56.8","27.8","489.44","215.3","153.2","711.57","0.3","0.1","333.33","0.4","0.6","1500.0","0.0","0.0","0.0","0.0","0.0","0.0","15.2","3.4","223.68","42.3","24.9","588.65","14.7","2.9","197.28","14.3","6.4","447.55","18.1","5.5","303.87","0.0","0.0","0.0","0.0","0.0","0.0","0.0","0.0","0.0","35.8","7.8","217.88","0.0","0.0","0.0","0.0","0.0","0.0","68.6","19.7","287.17","0.3","2.4","8000.0","78.7","7.5","95.3","9.5","9.3","18.8","0.1","0.4","0.2"
"118","1979","7","Maharashtra","Nagpur","42.1","48.9","1161.52","80.9","66.0","815.82","158.9","124.9","786.03","57.7","24.3","421.14","216.6","149.2","688.83","0.1","0.1","1000.0","0.4","0.7","1750.0","0.0","0.0","0.0","0.0","0.0","0.0","15.9","4.0","251.57","42.0","20.2","480.95","16.0","4.0","250.0","12.9","11.1","860.47","23.2","5.8","250.0","0.0","0.0","0.0","0.0","0.0","0.0","0.0","0.0","0.0","34.1","7.8","228.74","0.0","0.0","0.0","0.0","0.0","0.0","66.6","24.7","370.87","0.2","1.8","9000.0","84.8","9.1","107.31","10.4","10.9","21.3","0.0","0.5","0.1"
"118","1980","7","Maharashtra","Nagpur","42.6","61.5","1443.66","76.2","48.6","637.8","158.7","105.0","661.63","58.0","25.3","436.21","216.7","130.3","601.29","0.2","0.1","500.0","0.5","0.6","1200.0","0.0","0.0","0.0","0.0","0.0","0.0","15.1","3.4","225.17","45.5","20.4","448.35","3.3","5.6","1696.97","12.7","9.8","771.65","21.6","4.3","199.07","0.0","0.0","0.0","0.0","0.0","0.0","0.0","0.0","0.0","34.3","5.2","151.6","0.0","0.0","0.0","0.0","0.0","0.0","62.1","15.0","241.55","0.2","2.2","11000.0","87.4","6.8","77.8","11.8","11.4","23.2","0.1","0.5","0.1"
"118","1981","7","Maharashtra","Nagpur","42.4","63.1","1488.21","78.8","59.5","755.08","157.2","115.8","736.64","59.3","21.6","364.25","216.5","137.4","634.64","0.2","0.1","500.0","0.5","0.5","1000.0","0.0","0.0","0.0","0.0","0.0","0.0","16.2","4.1","253.09","46.0","23.9","519.57","1.6","4.1","2562.5","12.1","8.0","661.16","20.1","3.8","189.05","0.0","0.0","0.0","0.0","0.0","0.0","0.1","0.0","0.0","34.4","5.3","154.07","0.0","0.0","0.0","0.0","0.0","0.0","60.3","12.2","202.32","0.2","1.7","8500.0","88.8","7.9","88.96","12.0","10.0","22.0","0.1","0.5","0.2"
"118","1982","7","Maharashtra","Nagpur","36.9","40.6","1100.27","76.1","51.0","670.17","153.0","164.2","1073.2","60.0","19.9","331.67","213.0","184.1","864.32","0.4","0.1","250.0","0.6","0.6","1000.0","0.0","0.0","0.0","0.0","0.0","0.0","15.3","3.4","222.22","44.7","18.5","413.87","8.9","0.6","67.42","12.8","7.2","562.5","22.1","5.6","253.39","0.0","0.0","0.0","0.0","0.0","0.0","0.1","0.1","1000.0","33.9","5.3","156.34","0.0","0.0","0.0","0.0","0.0","0.0","60.4","19.0","314.57","0.2","1.3","6500.0","86.7","8.7","100.35","12.4","11.3","23.7","0.1","0.5","0.1"
"118","1983","7","Maharashtra","Nagpur","38.5","51.2","1329.87","78.9","62.4","790.87","156.0","113.9","730.13","58.8","33.6","571.43","214.8","147.5","686.69","0.5","0.2","400.0","0.6","0.3","500.0","0.0","0.0","0.0","0.0","0.0","0.0","17.4","4.9","281.61","46.2","31.9","690.48","7.3","1.7","232.88","14.5","11.0","758.62","22.1","5.6","253.39","0.0","0.0","0.0","0.0","0.0","0.0","0.1","0.0","0.0","34.5","9.1","263.77","0.0","0.0","0.0","0.0","0.0","0.0","62.0","20.3","327.42","0.2","1.4","7000.0","88.0","4.4","50.0","12.8","12.3","25.1","0.1","0.5","0.2"
"118","1984","7","Maharashtra","Nagpur","37.7","29.0","769.23","72.1","64.7","897.36","150.9","92.7","614.31","55.1","17.1","310.34","206.0","109.8","533.01","0.5","0.2","400.0","0.5","0.9","1800.0","0.0","0.0","0.0","0.0","0.0","0.0","17.2","6.6","383.72","46.8","30.8","658.12","19.4","1.2","61.86","17.1","8.2","479.53","23.6","4.3","182.2","0.0","0.0","0.0","0.0","0.0","0.0","0.1","0.0","0.0","33.5","8.4","250.75","0.0","0.0","0.0","0.0","0.0","0.0","65.9","17.2","261.0","0.2","2.0","10000.0","74.3","6.8","91.52","13.1","13.7","26.8","0.1","0.6","0.1"
"118","1985","7","Maharashtra","Nagpur","39.7","65.4","1647.36","70.7","48.7","688.83","146.2","120.3","822.85","53.6","24.7","460.82","199.8","145.0","725.73","0.4","0.1","250.0","0.0","0.0","0.0","0.0","0.0","0.0","0.0","0.0","0.0","20.4","6.6","323.53","48.0","24.4","508.33","22.4","5.5","245.54","19.0","12.3","647.37","21.7","2.6","119.82","0.0","0.0","0.0","0.0","0.0","0.0","0.1","0.0","0.0","32.4","9.1","280.86","0.0","0.0","0.0","0.0","0.0","0.0","90.2","21.3","236.14","0.0","0.0","0.0","75.4","11.6","153.85","13.1","13.5","26.6","0.1","0.4","0.1"
"118","1986","7","Maharashtra","Nagpur","41.0","58.0","1414.63","69.0","54.0","782.61","124.3","104.8","843.12","50.9","19.6","385.07","175.2","124.4","710.05","1.0","0.2","200.0","0.0","0.0","0.0","0.0","0.0","0.0","0.0","0.0","0.0","20.4","10.0","490.2","47.0","23.0","489.36","8.7","0.4","45.98","19.0","15.0","789.47","21.0","5.0","238.1","0.0","0.0","0.0","0.0","0.0","0.0","0.1","0.0","0.0","31.6","6.9","218.35","0.0","0.0","0.0","0.0","0.0","0.0","105.6","25.1","237.69","0.0","0.0","0.0","64.0","8.0","125.0","13.4","13.9","27.3","0.2","0.5","0.0"
"118","1987","7","Maharashtra","Nagpur","36.0","32.0","888.89","57.0","41.0","719.3","125.2","127.9","1021.57","58.3","26.5","454.55","183.5","154.4","841.42","1.0","0.2","200.0","0.0","0.0","0.0","0.0","0.0","0.0","0.0","0.0","0.0","21.4","5.4","252.34","50.0","23.0","460.0","17.9","4.0","223.46","22.0","16.0","727.27","21.2","5.1","240.57","0.0","0.0","0.0","0.0","0.0","0.0","0.1","0.0","0.0","27.9","7.5","268.82","0.0","0.0","0.0","45.0","12.3","273.33","117.1","40.4","345.0","0.0","0.0","0.0","53.0","6.0","113.21","15.6","4.7","20.3","0.1","0.6","0.1"
"118","1988","7","Maharashtra","Nagpur","45.3","73.6","1624.72","57.8","57.5","994.81","117.8","124.9","1060.27","46.8","18.7","399.57","164.6","143.6","872.42","0.2","0.1","500.0","0.0","0.0","0.0","0.0","0.0","0.0","0.0","0.0","0.0","26.5","17.2","649.06","51.6","27.1","525.19","23.6","14.3","605.93","27.0","21.2","785.19","19.1","3.5","183.25","0.0","0.0","0.0","0.4","0.2","500.0","0.0","0.0","0.0","28.4","10.5","369.72","0.0","0.0","0.0","48.0","35.1","731.25","125.4","69.9","557.42","0.3","2.1","7000.0","64.1","11.2","174.73","16.0","14.7","30.7","0.1","0.7","0.2"
"118","1989","7","Maharashtra","Nagpur","38.1","42.6","1118.11","50.3","48.6","966.2","110.8","152.3","1374.55","40.3","23.5","583.13","151.1","175.8","1163.47","0.1","0.1","1000.0","0.0","0.0","0.0","0.0","0.0","0.0","0.0","0.0","0.0","27.8","13.0","467.63","52.9","37.2","703.21","19.4","7.7","396.91","25.1","19.9","792.83","14.9","2.0","134.23","0.1","0.0","0.0","0.2","0.1","500.0","0.0","0.0","0.0","29.9","9.5","317.73","0.0","0.0","0.0","65.1","48.6","746.54","131.9","78.7","596.66","0.3","2.1","7000.0","65.6","8.8","134.15","15.9","15.4","31.3","0.0","0.5","0.2"
"118","1990","7","Maharashtra","Nagpur","38.1","38.4","1007.87","51.0","47.5","931.37","112.9","138.1","1223.21","33.0","15.5","469.7","145.9","153.6","1052.78","0.2","0.1","500.0","0.6","0.0","0.0","0.0","0.0","0.0","0.0","0.0","0.0","27.3","14.3","523.81","55.6","31.3","562.95","18.8","8.1","430.85","22.4","12.8","571.43","15.8","3.6","227.85","0.0","0.0","0.0","0.0","0.0","0.0","0.1","0.1","1000.0","29.5","8.9","301.69","0.1","0.1","1000.0","88.1","75.9","861.52","156.0","102.3","655.77","0.4","3.11","7775.0","68.1","9.11","133.77","16.5","15.5","32.0","0.0","0.5","0.2"
"118","1991","7","Maharashtra","Nagpur","39.1","40.1","1025.58","37.9","27.7","730.87","103.7","77.0","742.53","27.4","10.2","372.26","131.1","87.2","665.14","0.2","0.1","500.0","0.0","0.0","0.0","0.0","0.0","0.0","0.0","0.0","0.0","22.2","11.0","495.5","52.1","13.6","261.04","19.7","3.3","167.51","23.1","10.9","471.86","9.8","1.5","153.06","0.0","0.0","0.0","0.0","0.0","0.0","0.0","0.0","0.0","25.2","4.5","178.57","0.1","0.0","0.0","105.1","57.1","543.29","166.3","76.5","460.01","0.4","2.9","7250.0","59.9","6.92","115.53","16.4","15.1","31.5","0.1","0.6","0.2"
"118","1992","7","Maharashtra","Nagpur","38.3","45.9","1198.43","40.7","37.8","928.75","96.4","106.1","1100.62","26.5","13.0","490.57","122.9","119.1","969.08","0.0","0.0","0.0","0.0","0.0","0.0","0.0","0.0","0.0","0.0","0.0","0.0","26.0","12.0","461.54","54.2","35.0","645.76","21.5","6.6","306.98","20.6","13.4","650.49","10.0","2.2","220.0","0.1","0.0","0.0","0.0","0.0","0.0","0.0","0.0","0.0","20.5","5.6","273.17","0.2","0.2","1000.0","132.4","96.1","725.83","183.8","117.5","639.28","0.3","2.18","7266.67","54.7","6.0","109.69","16.9","15.4","32.3","0.1","0.7","0.6"
"118","1993","7","Maharashtra","Nagpur","36.8","51.7","1404.89","56.1","67.4","1201.43","90.4","99.9","1105.09","27.3","15.2","556.78","117.7","115.1","977.91","0.0","0.0","0.0","0.0","0.0","0.0","0.0","0.0","0.0","0.0","0.0","0.0","30.3","16.3","537.95","55.0","34.5","627.27","21.1","11.5","545.02","19.9","19.8","994.97","4.8","1.0","208.33","1.0","0.4","400.0","0.1","0.1","1000.0","0.0","0.0","0.0","22.5","7.7","342.22","0.4","0.3","750.0","166.9","205.6","1231.88","215.6","234.9","1089.52","0.2","1.4","7000.0","51.2","7.7","150.39","17.3","16.1","33.4","0.1","0.9","0.2"
"118","1994","7","Maharashtra","Nagpur","37.1","50.1","1350.4","56.6","79.2","1399.29","68.2","59.3","869.5","20.2","8.4","415.84","88.4","67.7","765.84","0.1","0.1","1000.0","0.1","0.1","1000.0","0.0","0.0","0.0","0.0","0.0","0.0","36.5","21.9","600.0","52.9","24.5","463.14","18.3","5.7","311.48","14.9","11.9","798.66","4.2","0.8","190.48","1.4","0.6","428.57","0.1","0.1","1000.0","0.0","0.0","0.0","24.5","8.2","334.69","0.7","0.4","571.43","163.5","129.0","788.99","209.3","151.0","721.45","0.7","5.4","7714.29","52.1","8.94","171.59","18.8","16.2","35.0","0.1","1.0","0.2"
"118","1995","7","Maharashtra","Nagpur","38.6","51.3","1329.02","50.4","61.0","1210.32","67.7","91.8","1355.98","22.4","13.1","584.82","90.1","104.9","1164.26","0.0","0.0","0.0","0.4","0.4","1000.0","0.0","0.0","0.0","0.0","0.0","0.0","36.2","17.5","483.43","54.6","33.9","620.88","17.5","6.2","354.29","15.9","19.8","1245.28","2.0","0.4","200.0","0.0","0.0","0.0","0.2","0.1","500.0","0.0","0.0","0.0","22.0","5.8","263.64","1.5","1.1","733.33","183.2","175.1","955.79","227.1","203.0","893.88","1.2","7.23","6025.0","57.7","12.24","212.13","27.2","16.5","43.7","0.1","1.0","0.2"
"118","1996","7","Maharashtra","Nagpur","34.5","47.1","1365.22","50.6","60.2","1189.72","64.4","85.6","1329.19","21.3","9.7","455.4","85.7","95.3","1112.02","0.2","0.2","1000.0","0.4","0.4","1000.0","0.0","0.0","0.0","0.0","0.0","0.0","33.5","20.9","623.88","55.6","32.1","577.34","15.1","5.4","357.62","16.7","13.3","796.41","2.5","0.5","200.0","0.0","0.0","0.0","0.1","0.1","1000.0","0.0","0.0","0.0","20.3","7.3","359.61","2.5","1.9","760.0","212.3","213.8","1007.07","255.3","237.4","929.89","1.1","8.64","7854.55","59.2","11.48","193.92","26.4","19.1","45.5","0.1","1.0","0.2"
"118","1997","7","Maharashtra","Nagpur","53.5","43.6","814.95","57.9","21.1","364.42","60.7","53.2","876.44","14.8","7.5","506.76","75.5","55.7","737.75","0.1","0.1","1000.0","0.3","0.4","1333.33","0.0","0.0","0.0","0.0","0.0","0.0","36.8","9.8","266.3","49.6","9.1","183.47","24.0","8.3","345.83","14.9","13.0","872.48","1.3","0.2","153.85","0.0","0.0","0.0","0.0","0.0","0.0","0.1","0.1","1000.0","15.2","1.3","85.53","0.3","1.1","3666.67","251.7","181.2","719.9","283.5","188.0","663.14","0.85","3.36","3952.94","58.7","4.81","81.94","26.4","17.3","43.7","0.0","0.9","0.1"
"118","1998","7","Maharashtra","Nagpur","29.2","40.3","1380.14","61.7","67.9","1100.49","54.5","55.9","1025.69","21.5","11.5","534.88","76.0","67.4","886.84","0.1","0.1","1000.0","0.0","0.0","0.0","0.0","0.0","0.0","0.0","0.0","0.0","37.3","21.9","587.13","51.1","35.0","684.93","10.8","3.8","351.85","14.0","12.7","907.14","1.7","0.4","235.29","1.0","0.2","200.0","0.0","0.0","0.0","0.4","0.1","250.0","13.1","3.5","267.18","3.5","2.0","571.43","253.3","234.6","926.17","286.8","253.5","883.89","0.6","5.64","9400.0","56.5","11.88","210.27","32.8","13.2","46.0","0.0","0.9","0.2"
"118","1999","7","Maharashtra","Nagpur","37.7","42.2","1119.36","62.6","70.9","1132.59","50.5","44.3","877.23","19.3","8.3","430.05","69.8","52.6","753.58","0.1","0.1","1000.0","0.3","0.26","866.67","0.0","0.0","0.0","0.0","0.0","0.0","38.1","22.1","580.05","51.1","46.5","909.98","11.9","4.4","369.75","12.8","9.9","773.44","1.0","0.3","300.0","0.7","0.2","285.71","0.0","0.0","0.0","0.3","0.1","333.33","11.7","3.7","316.24","3.4","2.4","705.88","239.9","226.5","944.14","269.9","243.12","900.78","0.7","6.19","8842.86","63.7","17.71","278.02","30.7","15.0","45.7","0.1","0.9","0.0"
"118","2000","7","Maharashtra","Nagpur","37.7","37.4","992.04","32.4","33.4","1030.86","47.5","43.9","924.21","9.9","2.3","232.32","57.4","46.2","804.88","0.0","0.0","0.0","0.5","0.5","1000.0","0.0","0.0","0.0","0.0","0.0","0.0","26.7","12.9","483.15","48.7","30.2","620.12","13.3","5.3","398.5","10.7","6.7","626.17","0.6","0.2","333.33","0.2","0.0","0.0","0.0","0.0","0.0","0.1","0.1","1000.0","6.8","1.7","250.0","1.2","0.7","583.33","221.8","173.9","784.04","241.4","183.3","759.32","0.9","7.12","7911.11","71.1","10.73","150.91","35.3","0.4","35.7","0.1","0.2","0.3"
"118","2001","7","Maharashtra","Nagpur","42.7","55.1","1290.4","30.6","32.9","1075.16","47.9","39.0","814.2","9.8","4.0","408.16","57.7","43.0","745.23","0.0","0.0","0.0","0.4","1.0","2500.0","0.0","0.0","0.0","0.0","0.0","0.0","30.3","19.4","640.26","50.6","56.3","1112.65","9.3","4.1","440.86","10.8","7.8","722.22","0.4","0.1","250.0","0.2","0.1","500.0","0.0","0.0","0.0","0.3","0.2","666.67","6.8","2.3","338.24","0.3","0.2","666.67","193.3","193.3","1000.0","212.1","203.98","961.72","0.9","5.24","5822.22","80.1","13.04","162.8","34.1","0.8","34.9","0.1","0.6","0.3"
"118","2002","7","Maharashtra","Nagpur","43.5","42.1","967.82","31.0","32.5","1048.39","46.5","43.7","939.78","6.0","2.7","450.0","52.5","46.4","883.81","0.0","0.0","0.0","0.4","0.8","2000.0","0.0","0.0","0.0","0.0","0.0","0.0","31.9","17.8","557.99","50.0","26.7","534.0","9.7","2.8","288.66","7.4","5.1","689.19","0.3","0.1","333.33","0.3","0.1","333.33","0.0","0.0","0.0","0.2","0.1","500.0","2.1","0.5","238.1","0.2","0.1","500.0","206.9","222.9","1077.33","217.4","228.9","1052.9","1.3","4.9","3769.23","73.4","12.1","164.85","30.8","0.8","31.6","0.1","0.6","0.2"
"118","2003","7","Maharashtra","Nagpur","44.9","65.3","1454.34","35.0","43.2","1234.29","44.6","42.8","959.64","8.1","3.0","370.37","52.7","45.8","869.07","0.0","0.0","0.0","0.4","0.9","2250.0","0.0","0.0","0.0","0.0","0.0","0.0","37.7","24.0","636.6","51.1","32.3","632.09","11.2","4.8","428.57","7.7","7.0","909.09","0.2","0.1","500.0","1.0","0.2","200.0","0.0","0.0","0.0","0.0","0.0","0.0","2.4","1.0","416.67","0.8","0.3","375.0","218.5","277.5","1270.02","230.7","286.1","1240.14","0.9","5.29","5877.78","74.3","19.62","264.06","30.9","1.0","31.9","0.1","0.8","0.0"
"118","2004","7","Maharashtra","Nagpur","43.3","41.6","960.74","31.8","34.7","1091.2","40.5","29.4","725.93","4.8","2.2","458.33","45.3","31.6","697.57","0.0","0.0","0.0","0.4","0.5","1250.0","0.0","0.0","0.0","0.0","0.0","0.0","40.3","19.4","481.39","52.5","28.8","548.57","8.7","3.15","362.07","6.9","3.6","521.74","0.2","0.0","0.0","0.4","0.2","500.0","0.0","0.0","0.0","0.0","0.0","0.0","1.7","0.5","294.12","0.9","0.6","666.67","234.8","172.1","732.96","244.9","177.1","723.15","0.4","2.96","7400.0","75.3","17.73","235.46","18.3","0.7","19.0","0.1","0.54","0.0"
"118","2005","7","Maharashtra","Nagpur","45.8","62.9","1373.36","50.2","55.8","1111.55","36.9","31.0","840.11","6.7","2.4","358.21","43.6","33.4","766.06","0.0","0.0","0.0","0.4","0.7","1750.0","0.0","0.0","0.0","0.0","0.0","0.0","50.3","31.2","620.28","52.1","36.4","698.66","9.5","3.04","320.0","6.9","6.2","898.55","0.4","0.1","250.0","0.6","0.33","550.0","0.0","0.0","0.0","0.0","0.0","0.0","2.4","0.8","333.33","8.3","6.1","734.94","244.8","257.5","1051.88","263.3","271.13","1029.74","0.0","0.0","0.0","73.3","16.8","229.2","21.5","2.6","24.1","0.1","0.56","0.0"
"118","2006","7","Maharashtra","Nagpur","46.8","70.6","1508.55","63.9","74.2","1161.19","33.0","34.4","1042.42","4.1","2.2","536.59","37.1","36.6","986.52","0.0","0.0","0.0","0.4","0.7","1750.0","0.0","0.0","0.0","0.0","0.0","0.0","66.5","39.8","598.5","52.9","33.5","633.27","9.9","5.02","507.07","6.7","6.5","970.15","0.1","0.1","1000.0","0.8","0.28","350.0","0.0","0.0","0.0","0.2","0.08","400.0","2.2","0.4","181.82","5.4","3.5","648.15","263.5","346.6","1315.37","278.9","357.46","1281.68","0.2","0.72","3600.0","67.5","14.28","211.56","0.0","0.0","0.0","0.0","0.15","0.0"
"118","2007","7","Maharashtra","Nagpur","49.7","75.6","1521.13","67.2","97.8","1455.36","22.1","21.82","987.33","3.3","1.4","424.24","25.4","23.22","914.17","0.0","0.0","0.0","0.5","1.5","3000.0","0.0","0.0","0.0","0.0","0.0","0.0","75.5","56.2","744.37","55.2","41.0","742.75","9.9","5.74","579.8","7.2","6.62","919.44","0.1","0.1","1000.0","1.1","0.55","500.0","0.0","0.0","0.0","0.3","0.09","300.0","2.1","0.8","380.95","3.3","2.48","751.52","277.5","379.2","1366.49","291.6","389.84","1336.9","0.3","2.29","7633.33","63.1","18.12","287.16","0.0","0.0","0.0","0.0","0.41","0.0"
"118","2008","7","Maharashtra","Nagpur","57.5","54.6","949.57","40.7","46.0","1130.22","17.2","14.4","837.21","2.2","0.8","363.64","19.4","15.2","783.51","0.0","0.0","0.0","0.6","0.9","1500.0","0.0","0.0","0.0","0.0","0.0","0.0","66.4","39.9","600.9","57.1","29.4","514.89","5.5","2.24","407.27","6.3","4.5","714.29","0.1","0.1","1000.0","0.4","0.14","350.0","0.0","0.0","0.0","0.0","0.0","0.0","0.9","0.3","333.33","0.4","0.3","750.0","303.2","257.2","848.28","311.6","262.65","842.91","0.2","1.15","5750.0","44.3","10.8","243.79","0.0","0.0","0.0","0.0","0.0","0.0"
"118","2009","7","Maharashtra","Nagpur","70.9","81.27","1146.26","57.0","76.73","1346.14","12.3","9.19","747.15","3.3","1.71","518.18","15.6","10.91","699.36","0.0","0.0","0.0","0.2","0.45","2250.0","0.0","0.0","0.0","0.0","0.0","0.0","73.8","58.8","796.75","51.1","47.63","932.09","6.9","3.56","515.94","6.1","5.11","837.7","0.0","0.0","0.0","0.2","0.08","400.0","0.0","0.0","0.0","0.2","0.08","400.0","1.1","0.11","100.0","0.4","0.24","600.0","285.1","219.76","770.82","293.2","225.41","768.79","0.2","1.41","7050.0","63.6","15.12","237.74","0.0","0.0","0.0","0.0","0.0","0.0"
"118","2010","7","Maharashtra","Nagpur","71.5","70.3","983.22","75.2","115.73","1538.96","12.9","9.5","736.43","3.3","1.53","463.64","16.2","11.03","680.86","0.0","0.0","0.0","0.1","0.25","2500.0","0.0","0.0","0.0","0.0","0.0","0.0","84.9","73.54","866.2","61.6","51.71","839.45","7.2","3.72","516.67","4.5","4.02","893.33","0.2","0.07","350.0","0.0","0.0","0.0","0.0","0.0","0.0","0.1","0.06","600.0","1.2","0.49","408.33","1.3","1.11","853.85","242.4","287.07","1184.28","249.8","292.85","1172.34","0.3","0.62","2066.67","80.8","21.42","265.1","0.0","0.0","0.0","0.0","0.0","0.0"
"118","2011","7","Maharashtra","Nagpur","77.5","117.4","1514.84","79.0","116.41","1473.54","7.9","5.64","713.92","2.1","1.48","704.76","10.0","7.12","712.0","0.0","0.0","0.0","0.4","0.28","700.0","0.0","0.0","0.0","0.0","0.0","0.0","69.9","61.8","884.12","56.0","44.79","799.82","10.7","5.46","510.28","3.3","2.82","854.55","0.1","0.03","300.0","0.0","0.0","0.0","0.0","0.0","0.0","0.2","0.12","600.0","1.3","0.65","500.0","0.7","0.47","671.43","241.2","157.29","652.11","247.3","161.54","653.21","0.7","4.8","6857.14","102.1","24.11","236.14","17.99","6.74","24.73","0.0","0.18","0.0"
"118","2012","7","Maharashtra","Nagpur","67.1","100.45","1497.02","80.2","124.79","1555.99","6.2","5.14","829.03","2.3","1.59","691.3","8.5","6.73","791.76","0.0","0.0","0.0","0.5","1.0","2000.0","0.0","0.0","0.0","0.0","0.0","0.0","71.0","60.55","852.82","55.4","40.61","733.03","9.5","4.9","515.79","2.9","3.9","1344.83","0.2","0.08","400.0","0.0","0.0","0.0","0.0","0.0","0.0","0.46","0.05","108.7","0.8","0.32","400.0","0.92","0.41","445.65","237.1","238.59","1006.28","242.68","243.49","1003.34","0.3","2.21","7366.67","89.4","30.05","336.13","16.1","18.26","34.37","0.02","0.37","0.0"
"118","2013","7","Maharashtra","Nagpur","77.8","105.2","1352.18","86.2","83.1","964.04","4.7","1.9","404.26","1.8","1.5","833.33","6.5","3.4","523.08","0.0","0.0","0.0","0.5","0.9","1800.0","0.0","0.0","0.0","0.0","0.0","0.0","71.7","45.1","629.01","58.6","26.6","453.92","14.9","5.9","395.97","2.9","2.06","710.34","0.2","0.0","0.0","0.0","0.0","0.0","0.0","0.0","0.0","0.0","0.0","0.0","0.5","0.2","400.0","15.2","6.8","447.37","232.8","99.9","429.12","229.1","96.1","419.47","0.3","2.0","6666.67","92.4","27.07","292.97","0.0","0.0","0.0","0.0","0.0","0.0"
"118","2014","7","Maharashtra","Nagpur","78.8","95.5","1211.93","88.5","110.6","1249.72","3.9","2.3","589.74","1.1","0.4","363.64","5.0","2.7","540.0","0.0","0.0","0.0","0.6","0.8","1333.33","0.0","0.0","0.0","0.0","0.0","0.0","67.0","46.6","695.52","62.0","21.1","340.32","5.1","1.0","196.08","3.0","1.8","600.0","0.0","0.0","0.0","0.0","0.0","0.0","0.0","0.0","0.0","0.1","0.0","0.0","0.1","0.1","1000.0","8.2","2.6","317.07","220.4","79.5","360.71","232.8","84.1","361.25","3.8","25.85","6802.63","111.3","27.04","242.95","0.0","0.0","0.0","0.0","0.0","0.0"
"118","2015","7","Maharashtra","Nagpur","88.7","107.3","1209.7","92.6","93.9","1014.04","4.0","3.5","875.0","0.7","0.3","428.57","4.7","3.8","808.51","0.0","0.0","0.0","0.2","0.2","1000.0","0.0","0.0","0.0","0.0","0.0","0.0","67.4","50.9","755.19","67.8","27.9","411.5","3.95","1.21","306.33","3.9","4.24","1087.18","0.1","0.02","200.0","0.0","0.0","0.0","0.0","0.0","0.0","0.2","0.04","200.0","0.1","0.02","200.0","0.4","0.1","250.0","199.7","77.2","386.58","205.0","81.8","399.02","4.4","29.65","6738.64","126.4","29.05","229.83","0.0","0.0","0.0","0.0","0.0","0.0"
"118","2016","7","Maharashtra","Nagpur","87.7","170.4","1942.99","135.9","232.6","1711.55","2.2","1.5","681.82","0.7","0.2","285.71","2.9","1.7","586.21","0.0","0.0","0.0","0.06","0.14","2187.5","0.0","0.0","0.0","0.0","0.0","0.0","63.4","49.2","776.03","65.65","168.64","2568.82","3.42","1.55","452.85","4.3","6.7","1558.14","0.05","0.01","277.78","0.4","0.2","500.0","0.0","0.0","0.0","0.2","0.2","1000.0","0.0","0.0","0.0","0.12","0.03","241.67","172.4","203.9","1182.71","0.0","0.0","0.0","4.6","19.83","4311.81","136.5","99.04","725.54","0.0","0.0","0.0","0.0","0.0","0.0"
"118","2017","7","Maharashtra","Nagpur","97.28","183.6","1887.43","135.2","244.4","1807.65","2.3","1.7","739.13","0.1","0.01","140.0","2.4","1.71","714.17","0.0","0.0","0.0","0.51","0.25","492.13","0.0","0.0","0.0","0.0","0.0","0.0","64.4","74.6","1158.39","65.97","73.98","1121.31","2.88","0.87","303.65","3.59","4.3","1197.1","0.0","0.0","0.0","0.2","0.1","500.0","0.0","0.0","0.0","0.1","0.03","310.0","0.01","0.0","0.0","0.13","0.06","431.82","151.1","172.4","1140.97","0.0","0.0","0.0","4.27","22.19","5199.16","145.17","62.57","431.0","0.0","0.0","0.0","0.0","0.0","0.0"
"119","1966","7","Maharashtra","Bhandara","268.0","158.0","589.55","32.0","10.0","312.5","2.8","1.1","392.86","38.2","17.1","447.64","41.0","18.2","443.9","0.0","0.0","0.0","1.1","0.6","545.45","0.0","0.0","0.0","0.0","0.0","0.0","10.0","4.0","400.0","6.0","2.0","333.33","207.5","16.1","77.59","1.0","0.4","400.0","0.4","0.1","250.0","0.0","0.0","0.0","0.0","-1.0","0.0","0.1","0.0","0.0","33.1","5.0","151.06","0.0","0.0","0.0","0.0","0.0","0.0","90.8","5.5","60.57","0.6","3.0","5000.0","0.0","0.0","0.0","0.93","3.08","4.01","0.16","0.65","0.04"
"119","1967","7","Maharashtra","Bhandara","271.0","247.0","911.44","33.0","7.0","212.12","2.9","1.3","448.28","37.4","11.4","304.81","40.3","12.7","315.14","0.0","0.0","0.0","1.0","0.6","600.0","0.0","0.0","0.0","0.0","0.0","0.0","12.0","4.0","333.33","7.0","2.0","285.71","228.1","11.9","52.17","1.0","0.5","500.0","0.7","0.2","285.71","0.1","0.0","0.0","0.0","-1.0","0.0","0.1","0.0","0.0","38.0","3.4","89.47","0.0","0.0","0.0","0.0","0.0","0.0","101.8","4.1","40.28","0.4","2.1","5250.0","0.0","0.0","0.0","1.01","3.08","4.09","0.16","0.61","0.04"
"119","1968","7","Maharashtra","Bhandara","271.1","259.0","955.37","33.1","15.0","453.17","2.1","0.9","428.57","36.0","13.1","363.89","38.1","14.0","367.45","0.0","0.0","0.0","1.1","0.6","545.45","0.0","0.0","0.0","0.0","0.0","0.0","12.3","6.0","487.8","7.0","4.0","571.43","85.5","22.0","257.31","0.9","1.0","1111.11","0.7","0.2","285.71","0.0","0.0","0.0","0.0","-1.0","0.0","0.1","0.1","1000.0","37.4","4.5","120.32","0.0","0.0","0.0","0.0","0.0","0.0","39.3","5.8","147.58","0.6","4.5","7500.0","0.0","0.0","0.0","0.9","3.4","4.3","0.2","0.6","0.0"
"119","1969","7","Maharashtra","Bhandara","273.1","290.9","1065.18","33.9","12.8","377.58","2.1","0.7","333.33","36.5","12.5","342.47","38.6","13.2","341.97","0.0","0.0","0.0","1.1","0.4","363.64","0.1","0.1","1000.0","0.0","0.0","0.0","12.2","4.4","360.66","7.3","3.5","479.45","85.4","22.9","268.15","1.0","0.6","600.0","0.8","0.3","375.0","0.0","0.0","0.0","0.0","-1.0","0.0","0.1","0.1","1000.0","39.3","6.6","167.94","0.0","0.0","0.0","0.0","0.0","0.0","41.3","7.6","184.02","0.7","5.0","7142.86","0.0","0.0","0.0","0.9","3.6","4.5","0.2","0.7","0.0"
"119","1970","7","Maharashtra","Bhandara","285.3","346.2","1213.46","28.9","13.8","477.51","1.6","0.5","312.5","35.9","5.3","147.63","37.5","5.8","154.67","0.0","0.0","0.0","0.7","0.2","285.71","0.0","0.0","0.0","0.0","0.0","0.0","8.6","3.9","453.49","6.3","2.8","444.44","87.3","20.9","239.4","1.2","0.7","583.33","0.5","0.1","200.0","0.1","0.0","0.0","0.0","-1.0","0.0","0.1","0.0","0.0","36.4","5.2","142.86","0.0","0.0","0.0","0.0","0.0","0.0","38.4","6.0","156.25","0.5","3.2","6400.0","0.0","0.0","0.0","0.7","2.0","2.7","0.1","0.4","0.0"
"119","1971","7","Maharashtra","Bhandara","277.6","276.6","996.4","32.6","13.7","420.25","2.1","0.6","285.71","35.1","8.5","242.17","37.2","9.1","244.62","0.0","0.0","0.0","1.0","0.4","400.0","0.1","0.1","1000.0","0.0","0.0","0.0","11.7","6.0","512.82","6.9","3.5","507.25","93.6","21.2","226.5","1.3","0.8","615.38","0.8","0.3","375.0","0.0","0.0","0.0","0.0","-1.0","0.0","0.1","0.1","1000.0","36.4","4.5","123.63","0.0","0.0","0.0","0.0","0.0","0.0","38.8","5.7","146.91","0.6","3.4","5666.67","0.0","0.0","0.0","0.8","4.0","4.8","0.2","0.7","0.0"
"119","1972","7","Maharashtra","Bhandara","279.5","128.7","460.47","32.6","10.2","312.88","1.9","0.7","368.42","33.9","12.5","368.73","35.8","13.2","368.72","0.0","0.0","0.0","1.0","0.2","200.0","0.0","0.0","0.0","0.0","0.0","0.0","12.6","3.7","293.65","6.8","3.0","441.18","71.5","9.7","135.66","1.3","0.4","307.69","0.8","0.2","250.0","0.1","0.0","0.0","0.0","0.0","0.0","0.1","0.0","0.0","33.5","5.0","149.25","0.0","0.0","0.0","0.0","0.0","0.0","35.8","5.6","156.42","0.6","3.3","5500.0","0.0","0.0","0.0","0.7","3.8","4.5","0.2","0.7","0.0"
"119","1973","7","Maharashtra","Bhandara","286.3","266.1","929.44","31.4","13.8","439.49","1.7","0.8","470.59","35.2","11.3","321.02","36.9","12.1","327.91","0.0","0.0","0.0","1.0","0.3","300.0","0.0","0.0","0.0","0.0","0.0","0.0","12.5","5.1","408.0","7.0","3.4","485.71","84.4","15.4","182.46","1.4","0.7","500.0","0.9","0.1","111.11","0.1","0.0","0.0","0.0","0.0","0.0","0.1","0.0","0.0","38.6","5.3","137.31","0.0","0.0","0.0","0.0","0.0","0.0","41.2","6.1","148.06","0.7","4.8","6857.14","0.0","0.0","0.0","0.7","4.2","4.9","0.2","0.7","0.0"
"119","1974","7","Maharashtra","Bhandara","281.0","215.6","767.26","37.4","18.4","491.98","2.0","2.8","1400.0","36.5","12.6","345.21","38.5","15.4","400.0","0.1","0.1","1000.0","0.9","0.2","222.22","0.0","0.0","0.0","0.0","0.0","0.0","12.5","5.3","424.0","7.2","2.8","388.89","80.1","26.2","327.09","1.4","1.0","714.29","1.0","0.2","200.0","0.0","0.0","0.0","0.0","0.0","0.0","0.2","0.1","500.0","41.5","6.9","166.27","0.0","0.0","0.0","0.0","0.0","0.0","44.2","8.2","185.52","1.1","8.0","7272.73","0.0","0.0","0.0","0.8","4.6","5.4","0.2","0.7","0.0"
"119","1975","7","Maharashtra","Bhandara","283.2","448.8","1584.75","41.1","29.6","720.19","2.1","0.9","428.57","35.6","11.3","317.42","37.7","12.2","323.61","0.0","0.0","0.0","1.0","0.8","800.0","0.0","0.0","0.0","0.0","0.0","0.0","12.8","5.2","406.25","6.9","4.6","666.67","73.1","18.1","247.61","1.5","1.4","933.33","1.0","0.2","200.0","0.0","0.0","0.0","0.0","0.0","0.0","0.1","0.1","1000.0","45.8","6.4","139.74","0.0","0.0","0.0","0.0","0.0","0.0","48.5","8.1","167.01","0.8","6.0","7500.0","0.0","0.0","0.0","0.7","4.2","4.9","0.2","0.7","0.0"
"119","1976","7","Maharashtra","Bhandara","288.7","325.5","1127.47","37.3","19.6","525.47","2.4","1.0","416.67","31.1","8.6","276.53","33.5","9.6","286.57","0.0","0.0","0.0","1.1","1.3","1181.82","0.0","0.0","0.0","0.0","0.0","0.0","10.6","3.8","358.49","6.9","2.5","362.32","64.4","16.0","248.45","1.4","0.6","428.57","0.8","0.2","250.0","0.0","0.0","0.0","0.0","0.0","0.0","0.1","0.1","1000.0","45.3","4.3","94.92","0.0","0.0","0.0","0.0","0.0","0.0","47.8","5.2","108.79","0.8","3.2","4000.0","0.0","0.0","0.0","0.8","4.0","4.8","0.2","0.8","0.0"
"119","1977","7","Maharashtra","Bhandara","295.7","403.2","1363.54","38.4","24.9","648.44","2.5","1.2","480.0","32.5","12.9","396.92","35.0","14.1","402.86","0.0","0.0","0.0","1.0","1.0","1000.0","0.0","0.0","0.0","0.0","0.0","0.0","10.5","2.8","266.67","6.8","2.6","382.35","61.6","12.2","198.05","1.2","1.0","833.33","0.8","0.3","375.0","0.0","0.0","0.0","0.0","0.0","0.0","0.2","0.1","500.0","44.1","6.3","142.86","0.0","0.0","0.0","0.0","0.0","0.0","46.4","7.7","165.95","0.7","2.5","3571.43","0.0","0.0","0.0","0.8","4.0","4.8","0.1","0.5","0.1"
"119","1978","7","Maharashtra","Bhandara","298.1","365.4","1225.76","37.5","15.7","418.67","2.5","1.2","480.0","32.2","10.1","313.66","34.7","11.3","325.65","0.0","0.0","0.0","1.0","1.3","1300.0","0.0","0.0","0.0","0.0","0.0","0.0","10.6","1.5","141.51","7.5","4.4","586.67","62.6","14.6","233.23","1.4","0.6","428.57","1.0","0.2","200.0","0.0","0.0","0.0","0.0","0.0","0.0","0.2","0.1","500.0","45.1","5.5","121.95","0.0","0.0","0.0","0.0","0.0","0.0","47.7","6.4","134.17","0.8","3.9","4875.0","0.0","0.0","0.0","0.7","4.1","4.8","0.2","0.5","0.0"
"119","1979","7","Maharashtra","Bhandara","286.2","260.0","908.46","28.5","15.0","526.32","2.6","1.6","615.38","29.9","12.5","418.06","32.5","14.1","433.85","0.0","0.0","0.0","1.0","1.2","1200.0","0.0","0.0","0.0","0.0","0.0","0.0","11.1","1.8","162.16","7.6","3.7","486.84","68.0","20.4","300.0","1.3","1.0","769.23","1.3","0.2","153.85","0.0","0.0","0.0","0.0","0.0","0.0","0.1","0.0","0.0","28.0","3.8","135.71","0.0","0.0","0.0","0.0","0.0","0.0","45.6","5.0","109.65","0.6","3.0","5000.0","0.0","0.0","0.0","0.7","4.0","4.7","0.1","0.6","0.0"
"119","1980","7","Maharashtra","Bhandara","298.0","426.7","1431.88","30.6","20.5","669.93","2.7","1.1","407.41","30.0","14.2","473.33","32.7","15.3","467.89","0.0","0.0","0.0","1.0","1.2","1200.0","0.0","0.0","0.0","0.0","0.0","0.0","10.5","1.5","142.86","8.2","3.6","439.02","56.6","12.3","217.31","1.2","0.9","750.0","1.2","0.2","166.67","0.0","0.0","0.0","0.0","0.0","0.0","0.1","0.0","0.0","28.7","3.8","132.4","0.0","0.0","0.0","0.0","0.0","0.0","39.9","5.7","142.86","0.7","3.6","5142.86","0.0","0.0","0.0","0.7","4.5","5.2","0.1","0.6","0.1"
"119","1981","7","Maharashtra","Bhandara","229.6","403.5","1757.4","30.3","18.9","623.76","2.5","0.9","360.0","28.8","16.8","583.33","31.3","17.7","565.5","0.0","0.0","0.0","1.0","1.1","1100.0","0.0","0.0","0.0","0.0","0.0","0.0","11.3","1.8","159.29","7.9","3.9","493.67","52.6","11.5","218.63","1.2","0.7","583.33","1.7","0.3","176.47","0.0","0.0","0.0","0.0","0.0","0.0","0.1","0.0","0.0","30.9","5.9","190.94","0.0","0.0","0.0","0.0","0.0","0.0","39.9","3.8","95.24","0.7","6.0","8571.43","0.0","0.0","0.0","0.7","4.6","5.3","0.2","0.6","0.1"
"119","1982","7","Maharashtra","Bhandara","290.6","254.2","874.74","28.8","18.1","628.47","2.7","1.9","703.7","28.7","14.3","498.26","31.4","16.2","515.92","0.0","0.0","0.0","0.5","0.5","1000.0","0.0","0.0","0.0","0.0","0.0","0.0","10.7","1.5","140.19","8.0","3.2","400.0","51.7","14.9","288.2","1.2","0.7","583.33","1.2","0.2","166.67","0.0","0.0","0.0","0.0","0.0","0.0","0.2","0.1","500.0","28.0","3.3","117.86","0.0","0.0","0.0","0.0","0.0","0.0","39.6","5.1","128.79","0.7","4.6","6571.43","0.0","0.0","0.0","0.7","4.7","5.4","0.1","0.6","0.1"
"119","1983","7","Maharashtra","Bhandara","303.6","468.8","1544.14","30.4","21.7","713.82","2.9","1.2","413.79","28.0","20.5","732.14","30.9","21.7","702.27","0.0","0.0","0.0","0.2","0.1","500.0","0.0","0.0","0.0","0.0","0.0","0.0","12.1","2.1","173.55","8.4","5.4","642.86","54.3","15.8","290.98","1.4","1.0","714.29","1.2","0.2","166.67","0.0","0.0","0.0","0.0","0.0","0.0","0.2","0.1","500.0","31.1","6.8","218.65","0.0","0.0","0.0","0.0","0.0","0.0","40.1","9.0","224.44","0.7","5.7","8142.86","0.0","0.0","0.0","0.6","5.2","5.8","0.2","0.5","0.0"
"119","1984","7","Maharashtra","Bhandara","290.2","197.0","678.84","23.0","11.3","491.3","2.4","0.9","375.0","26.7","9.5","355.81","29.1","10.4","357.39","0.0","0.0","0.0","1.1","1.2","1090.91","0.0","0.0","0.0","0.0","0.0","0.0","9.3","4.9","526.88","8.7","5.7","655.17","55.2","13.3","240.94","1.8","1.2","666.67","2.1","0.3","142.86","0.0","0.0","0.0","0.0","0.0","0.0","0.2","0.1","500.0","27.8","2.5","89.93","0.0","0.0","0.0","0.0","0.0","0.0","36.3","3.8","104.68","0.5","4.9","9800.0","0.0","0.0","0.0","0.6","5.0","5.6","0.2","0.6","0.1"
"119","1985","7","Maharashtra","Bhandara","303.8","412.7","1358.46","31.6","16.5","522.15","2.4","1.0","416.67","23.5","9.8","417.02","25.9","10.8","416.99","0.0","0.0","0.0","0.0","0.0","0.0","0.0","0.0","0.0","0.0","0.0","0.0","11.5","4.0","347.83","8.6","4.1","476.74","49.8","13.1","263.05","1.6","1.6","1000.0","2.2","0.7","318.18","0.0","0.0","0.0","0.0","0.0","0.0","0.0","0.0","0.0","28.0","2.9","103.57","0.1","0.1","1000.0","0.0","0.0","0.0","41.0","5.0","121.95","0.0","0.0","0.0","0.0","0.0","0.0","0.6","5.0","5.6","0.0","0.6","0.1"
"119","1986","7","Maharashtra","Bhandara","306.0","361.0","1179.74","31.0","16.0","516.13","2.0","0.6","300.0","21.9","8.8","401.83","23.9","9.4","393.31","0.0","0.0","0.0","0.0","0.0","0.0","0.0","0.0","0.0","0.0","0.0","0.0","12.0","5.0","416.67","9.0","4.0","444.44","46.5","13.1","281.72","2.0","1.0","500.0","2.2","0.6","272.73","0.0","0.0","0.0","0.0","0.0","0.0","0.2","0.1","500.0","26.8","2.7","100.75","0.1","0.1","1000.0","0.0","0.0","0.0","35.8","4.7","131.28","0.0","0.0","0.0","0.0","0.0","0.0","0.7","4.8","5.5","0.0","0.5","0.0"
"119","1987","7","Maharashtra","Bhandara","194.0","97.0","500.0","35.0","17.0","485.71","1.7","1.0","588.24","24.7","9.1","368.42","26.4","10.1","382.58","0.0","0.0","0.0","0.0","0.0","0.0","0.0","0.0","0.0","0.0","0.0","0.0","15.0","3.0","200.0","8.0","6.0","750.0","45.8","13.8","301.31","2.0","2.0","1000.0","2.1","0.5","238.1","0.1","0.0","0.0","0.0","0.0","0.0","0.1","0.0","0.0","21.3","3.7","173.71","0.1","0.0","0.0","1.2","1.2","1000.0","29.8","7.0","234.9","0.0","0.0","0.0","0.0","0.0","0.0","0.2","2.9","3.1","0.1","0.5","0.1"
"119","1988","7","Maharashtra","Bhandara","323.0","532.6","1648.92","31.0","21.0","677.42","0.8","0.4","500.0","17.7","4.6","259.89","18.5","5.0","270.27","0.0","0.0","0.0","0.0","0.0","0.0","0.0","0.0","0.0","0.0","0.0","0.0","15.6","8.3","532.05","8.3","4.2","506.02","44.1","23.9","541.95","1.6","1.6","1000.0","3.7","1.1","297.3","0.2","0.1","500.0","0.4","0.2","500.0","0.0","0.0","0.0","25.9","4.8","185.33","0.0","0.0","0.0","1.0","1.1","1100.0","33.1","7.5","226.59","0.6","4.1","6833.33","0.0","0.0","0.0","0.7","6.2","6.9","0.2","0.6","0.1"
"119","1989","7","Maharashtra","Bhandara","307.3","376.0","1223.56","24.7","13.8","558.7","0.6","0.4","666.67","14.1","4.5","319.15","14.7","4.9","333.33","0.0","0.0","0.0","0.0","0.0","0.0","0.0","0.0","0.0","0.0","0.0","0.0","12.6","5.5","436.51","8.3","6.0","722.89","53.1","25.0","470.81","0.7","0.8","1142.86","3.7","0.5","135.14","0.6","0.3","500.0","0.3","0.2","666.67","0.0","0.0","0.0","23.4","3.8","162.39","0.0","0.0","0.0","3.5","2.7","771.43","37.0","8.5","229.73","0.8","5.6","7000.0","0.0","0.0","0.0","0.7","6.2","6.9","0.2","0.6","0.0"
"119","1990","7","Maharashtra","Bhandara","342.0","425.6","1244.44","24.0","11.0","458.33","0.2","0.2","1000.0","12.0","4.4","366.67","12.2","4.6","377.05","0.0","0.0","0.0","0.4","0.3","750.0","0.0","0.0","0.0","0.0","0.0","0.0","13.3","5.8","436.09","8.7","5.0","574.71","33.6","13.7","407.74","0.7","1.0","1428.57","3.4","0.6","176.47","0.1","0.0","0.0","0.2","0.1","500.0","0.1","0.1","1000.0","28.5","4.6","161.4","0.1","0.1","1000.0","6.0","6.4","1066.67","40.0","13.2","330.0","1.3","10.1","7769.23","0.0","0.0","0.0","0.7","6.3","7.0","0.3","0.5","0.0"
"119","1991","7","Maharashtra","Bhandara","331.9","354.4","1067.79","19.0","11.7","615.79","0.1","0.1","1000.0","8.3","1.8","216.87","8.4","1.9","226.19","0.0","0.0","0.0","0.0","0.0","0.0","0.0","0.0","0.0","0.0","0.0","0.0","8.7","3.3","379.31","9.0","3.9","433.33","7.2","1.9","263.89","0.6","0.7","1166.67","1.4","0.3","214.29","0.1","0.1","1000.0","0.1","0.1","1000.0","0.1","0.0","0.0","19.3","2.9","150.26","0.0","0.0","0.0","11.9","7.6","638.66","33.5","12.1","361.19","1.5","10.86","7240.0","0.0","0.0","0.0","0.7","6.5","7.2","0.2","0.6","0.1"
"119","1992","7","Maharashtra","Bhandara","328.2","384.6","1171.85","16.3","11.1","680.98","0.0","0.0","0.0","6.3","1.8","285.71","6.3","1.8","285.71","0.0","0.0","0.0","0.0","0.0","0.0","0.0","0.0","0.0","0.0","0.0","0.0","9.9","4.0","404.04","8.9","6.5","730.34","26.6","7.2","270.68","0.9","1.2","1333.33","2.7","0.7","259.26","0.2","0.0","0.0","0.3","0.2","666.67","0.0","0.0","0.0","18.7","3.1","165.78","0.0","0.0","0.0","16.3","13.4","822.09","39.1","18.7","478.26","1.5","9.61","6406.67","0.0","0.0","0.0","0.8","7.5","8.3","0.2","0.7","0.1"
"119","1993","7","Maharashtra","Bhandara","337.0","440.4","1306.82","22.4","23.1","1031.25","0.0","0.0","0.0","5.4","2.9","537.04","5.4","2.9","537.04","0.0","0.0","0.0","0.5","0.4","800.0","0.0","0.0","0.0","0.0","0.0","0.0","12.3","5.1","414.63","9.0","6.8","755.56","38.9","16.8","431.88","0.8","1.2","1500.0","2.3","0.6","260.87","1.8","0.7","388.89","0.3","0.3","1000.0","0.0","0.0","0.0","25.9","5.7","220.08","0.0","0.0","0.0","16.0","13.2","825.0","47.1","21.7","460.72","1.0","6.94","6940.0","0.0","0.0","0.0","0.7","7.2","7.9","0.2","0.6","0.1"
"119","1994","7","Maharashtra","Bhandara","323.6","385.3","1190.67","26.9","28.3","1052.04","0.1","0.1","1000.0","4.1","2.3","560.98","4.2","2.4","571.43","0.0","0.0","0.0","0.3","0.2","666.67","0.0","0.0","0.0","0.0","0.0","0.0","12.5","5.6","448.0","8.2","4.0","487.8","41.4","16.5","398.55","0.6","0.8","1333.33","2.1","0.4","190.48","2.9","1.1","379.31","0.3","0.2","666.67","0.0","0.0","0.0","29.3","6.1","208.19","0.1","0.1","1000.0","8.5","6.3","741.18","43.8","15.0","342.47","0.9","7.36","8177.78","0.0","0.0","0.0","0.9","8.3","9.2","0.2","0.7","0.1"
"119","1995","7","Maharashtra","Bhandara","330.3","482.9","1462.0","24.3","18.9","777.78","0.1","0.1","1000.0","3.4","1.0","294.12","3.5","1.1","314.29","0.0","0.0","0.0","0.3","0.3","1000.0","0.0","0.0","0.0","0.0","0.0","0.0","12.6","5.4","428.57","9.5","5.7","600.0","30.0","15.0","500.0","0.3","0.4","1333.33","1.7","0.4","235.29","0.0","0.0","0.0","0.2","0.1","500.0","0.0","0.0","0.0","35.7","7.9","221.29","0.1","0.1","1000.0","10.5","8.8","838.1","35.7","15.3","428.57","1.1","7.39","6718.18","0.0","0.0","0.0","0.9","8.5","9.4","0.3","0.7","0.0"
"119","1996","7","Maharashtra","Bhandara","283.0","383.3","1354.42","22.0","20.9","950.0","0.3","0.4","1333.33","3.4","1.5","441.18","3.7","1.9","513.51","0.0","0.0","0.0","0.3","0.3","1000.0","0.0","0.0","0.0","0.0","0.0","0.0","10.6","5.0","471.7","9.3","6.8","731.18","32.8","18.1","551.83","0.2","0.2","1000.0","2.0","0.7","350.0","0.0","0.0","0.0","0.2","0.1","500.0","0.0","0.0","0.0","21.7","4.2","193.55","0.1","0.1","1000.0","11.2","12.9","1151.79","37.6","18.8","500.0","3.1","28.39","9158.06","0.0","0.0","0.0","1.0","15.2","16.2","0.3","1.7","0.1"
"119","1997","7","Maharashtra","Bhandara","286.7","359.5","1253.92","19.3","6.5","336.79","0.4","0.3","750.0","2.5","0.5","200.0","2.9","0.8","275.86","0.0","0.0","0.0","0.2","0.3","1500.0","0.0","0.0","0.0","0.0","0.0","0.0","10.3","2.2","213.59","9.1","2.4","263.74","52.5","19.2","365.71","0.4","0.5","1250.0","5.8","0.5","86.21","0.1","0.0","0.0","0.1","0.1","1000.0","0.1","0.0","0.0","18.7","3.0","160.43","0.2","0.0","0.0","20.6","19.7","956.31","46.6","15.2","326.18","2.4","29.13","12137.5","0.0","0.0","0.0","1.0","8.1","9.1","0.2","0.7","0.1"
"119","1998","7","Maharashtra","Bhandara","324.9","386.9","1190.83","21.1","14.7","696.68","0.0","0.0","0.0","2.3","0.9","391.3","2.3","0.9","391.3","0.0","0.0","0.0","0.2","0.4","2000.0","0.0","0.0","0.0","0.0","0.0","0.0","9.4","4.4","468.09","10.1","7.6","752.48","33.3","13.7","411.41","0.4","0.4","1000.0","2.3","0.7","304.35","1.7","0.3","176.47","0.2","0.1","500.0","0.3","0.1","333.33","16.3","3.5","214.72","0.0","0.0","0.0","11.9","20.0","1680.67","33.1","25.1","758.31","0.7","5.93","8471.43","0.0","0.0","0.0","1.1","9.6","10.7","0.2","1.6","0.1"
"119","1999","7","Maharashtra","Bhandara","336.7","476.4","1414.91","21.8","16.5","756.88","0.0","0.0","0.0","1.5","0.64","426.67","1.5","0.64","426.67","0.0","0.0","0.0","0.2","0.24","1200.0","0.0","0.0","0.0","0.0","0.0","0.0","9.1","3.8","417.58","10.1","9.2","910.89","38.2","17.8","465.97","0.4","0.4","1000.0","2.4","0.8","333.33","0.4","0.1","250.0","0.1","0.1","1000.0","0.8","0.3","375.0","15.8","3.5","221.52","0.0","0.0","0.0","11.7","15.8","1350.43","31.6","20.98","663.92","2.0","17.51","8755.0","0.0","0.0","0.0","1.0","9.5","10.5","0.4","0.8","0.1"
"119","2000","7","Maharashtra","Bhandara","325.7","306.6","941.36","14.6","10.0","684.93","0.0","0.0","0.0","1.5","0.4","266.67","1.5","0.4","266.67","0.0","0.0","0.0","0.2","0.2","1000.0","0.0","0.0","0.0","0.0","0.0","0.0","6.3","2.5","396.83","9.5","7.3","768.42","22.3","8.7","390.13","0.3","0.5","1666.67","2.0","0.6","300.0","0.5","0.1","200.0","0.0","0.0","0.0","0.3","0.11","366.67","10.7","2.0","186.92","0.0","0.0","0.0","9.7","7.7","793.81","23.5","11.0","468.09","2.2","15.61","7095.45","0.0","0.0","0.0","0.0","0.4","0.4","0.2","0.1","0.5"
"119","2001","7","Maharashtra","Bhandara","327.6","442.0","1349.21","15.1","14.0","927.15","0.0","0.0","0.0","0.9","0.4","444.44","0.9","0.4","444.44","0.0","0.0","0.0","0.2","0.5","2500.0","0.0","0.0","0.0","0.0","0.0","0.0","6.4","3.3","515.63","9.7","10.4","1072.16","27.0","13.6","503.7","0.1","0.1","1000.0","2.1","0.7","333.33","0.1","0.0","0.0","0.0","0.0","0.0","0.2","0.2","1000.0","11.3","1.8","159.29","0.0","0.0","0.0","7.2","8.2","1138.89","21.0","10.93","520.48","1.9","7.6","4000.0","0.0","0.0","0.0","0.0","1.2","1.2","0.2","0.9","0.5"
"119","2002","7","Maharashtra","Bhandara","344.5","371.3","1077.79","14.4","10.0","694.44","0.2","0.2","1000.0","0.8","0.3","375.0","1.0","0.5","500.0","0.0","0.0","0.0","0.2","0.4","2000.0","0.0","0.0","0.0","0.0","0.0","0.0","6.6","2.7","409.09","11.2","9.9","883.93","19.7","8.02","407.11","0.3","0.2","666.67","1.9","0.3","157.89","0.5","0.1","200.0","0.0","0.0","0.0","0.3","0.1","333.33","8.7","1.3","149.43","0.0","0.0","0.0","9.4","9.8","1042.55","21.1","11.84","561.14","1.9","9.0","4736.84","0.0","0.0","0.0","0.0","0.8","0.8","0.2","0.5","0.6"
"119","2003","7","Maharashtra","Bhandara","349.9","538.8","1539.87","13.7","12.5","912.41","0.1","0.1","1000.0","0.4","0.2","500.0","0.5","0.3","600.0","0.0","0.0","0.0","0.3","0.6","2000.0","0.0","0.0","0.0","0.0","0.0","0.0","7.0","3.8","542.86","11.7","11.1","948.72","31.8","12.4","389.94","0.2","0.2","1000.0","2.1","0.4","190.48","0.5","0.08","160.0","0.0","0.0","0.0","0.0","0.0","0.0","9.1","1.8","197.8","0.0","0.0","0.0","8.3","13.9","1674.7","20.3","16.38","806.9","2.0","9.98","4990.0","0.0","0.0","0.0","0.4","0.6","1.0","0.2","0.3","0.0"
"119","2004","7","Maharashtra","Bhandara","329.7","224.5","680.92","8.1","5.9","728.4","0.0","0.0","0.0","0.2","0.1","500.0","0.2","0.1","500.0","0.0","0.0","0.0","0.3","0.3","1000.0","0.0","0.0","0.0","0.0","0.0","0.0","4.2","1.1","261.9","11.7","7.2","615.38","17.4","4.31","247.7","0.2","0.2","1000.0","2.0","0.3","150.0","0.5","0.2","400.0","0.0","0.0","0.0","0.0","0.0","0.0","5.4","0.5","92.59","0.0","0.0","0.0","9.6","9.0","937.5","18.2","10.35","568.68","1.4","8.54","6100.0","0.0","0.0","0.0","6.9","0.9","7.8","0.2","0.54","0.0"
"119","2005","7","Maharashtra","Bhandara","361.5","577.5","1597.51","13.9","11.8","848.92","0.0","0.0","0.0","0.2","0.2","1000.0","0.2","0.2","1000.0","0.0","0.0","0.0","0.2","0.4","2000.0","0.0","0.0","0.0","0.0","0.0","0.0","8.4","4.0","476.19","12.3","9.6","780.49","33.6","11.93","355.06","0.2","0.1","500.0","1.0","0.3","300.0","0.9","0.32","355.56","0.0","0.0","0.0","0.0","0.0","0.0","15.2","3.1","203.95","0.0","0.0","0.0","8.5","7.6","894.12","26.9","11.55","429.37","0.7","2.44","3485.71","0.0","0.0","0.0","7.3","1.8","9.1","0.2","0.28","0.0"
"119","2006","7","Maharashtra","Bhandara","378.1","494.3","1307.33","16.4","14.3","871.95","0.0","0.0","0.0","0.1","0.1","1000.0","0.1","0.1","1000.0","0.0","0.0","0.0","0.2","0.4","2000.0","0.0","0.0","0.0","0.0","0.0","0.0","12.5","7.3","584.0","13.0","7.4","569.23","27.6","14.32","518.84","0.3","0.3","1000.0","2.0","0.4","200.0","0.4","0.13","325.0","0.0","0.0","0.0","0.1","0.06","600.0","14.9","2.5","167.79","0.1","0.1","1000.0","8.6","7.2","837.21","26.4","10.69","404.92","2.0","11.61","5805.0","0.0","0.0","0.0","0.0","0.0","0.0","0.0","0.38","0.0"
"119","2007","7","Maharashtra","Bhandara","387.0","672.69","1738.22","18.2","18.7","1027.47","0.0","0.0","0.0","0.0","0.0","0.0","0.0","0.0","0.0","0.0","0.0","0.0","0.2","0.6","3000.0","0.0","0.0","0.0","0.0","0.0","0.0","15.4","9.7","629.87","14.0","11.9","850.0","35.1","17.71","504.56","0.2","0.34","1700.0","2.0","0.7","350.0","0.5","0.27","540.0","0.0","0.0","0.0","0.1","0.0","0.0","16.3","3.2","196.32","0.2","0.14","700.0","9.0","10.3","1144.44","28.3","14.95","528.27","2.2","11.15","5068.18","0.0","0.0","0.0","0.0","0.0","0.0","0.0","0.59","0.0"
"119","2008","7","Maharashtra","Bhandara","363.9","265.4","729.32","8.8","7.1","806.82","0.0","0.0","0.0","0.0","0.0","0.0","0.0","0.0","0.0","0.0","0.0","0.0","0.1","0.2","2000.0","0.0","0.0","0.0","0.0","0.0","0.0","8.7","4.2","482.76","13.5","7.9","585.19","19.5","8.49","435.38","0.1","0.1","1000.0","1.5","0.5","333.33","0.2","0.15","750.0","0.0","0.0","0.0","0.0","0.0","0.0","9.0","1.7","188.89","0.1","0.1","1000.0","8.4","10.0","1190.48","19.5","12.65","648.72","2.9","13.27","4575.86","0.0","0.0","0.0","0.0","0.0","0.0","0.0","0.0","0.0"
"119","2009","7","Maharashtra","Bhandara","361.7","381.82","1055.63","12.0","12.0","1000.0","0.0","0.0","0.0","0.0","0.0","0.0","0.0","0.0","0.0","0.0","0.0","0.0","0.1","0.22","2200.0","0.0","0.0","0.0","0.0","0.0","0.0","11.1","6.33","570.27","13.1","9.14","697.71","27.83","10.37","372.62","0.0","0.0","0.0","1.5","0.31","206.67","0.3","0.12","400.0","0.0","0.0","0.0","0.0","0.0","0.0","10.3","2.31","224.27","0.0","0.0","0.0","7.9","6.43","813.92","20.0","9.29","464.5","1.5","7.87","5246.67","0.0","0.0","0.0","0.0","0.0","0.0","0.0","0.0","0.0"
"119","2010","7","Maharashtra","Bhandara","378.6","607.65","1604.99","14.2","14.44","1016.9","0.0","0.0","0.0","0.0","0.0","0.0","0.0","0.0","0.0","0.0","0.0","0.0","0.2","0.46","2300.0","0.0","0.0","0.0","0.0","0.0","0.0","13.1","8.48","647.33","14.1","13.33","945.39","35.23","14.49","411.3","0.2","0.16","800.0","1.6","0.59","368.75","0.0","0.0","0.0","0.0","0.0","0.0","0.0","0.0","0.0","11.9","3.2","268.91","0.1","0.08","800.0","7.0","12.06","1722.86","21.4","16.29","761.21","1.5","8.12","5413.33","0.0","0.0","0.0","0.0","0.0","0.0","0.0","0.0","0.0"
"119","2011","7","Maharashtra","Bhandara","365.8","633.82","1732.7","13.7","14.22","1037.96","0.0","0.0","0.0","0.0","0.0","0.0","0.0","0.0","0.0","0.0","0.0","0.0","0.2","0.14","700.0","0.0","0.0","0.0","0.0","0.0","0.0","12.7","8.13","640.16","15.5","13.49","870.32","28.4","11.78","414.79","0.1","0.04","400.0","1.6","0.45","281.25","0.0","0.0","0.0","0.0","0.0","0.0","0.0","0.0","0.0","11.9","2.17","182.35","0.0","0.0","0.0","6.9","4.74","686.96","21.0","7.57","360.48","3.4","25.71","7561.76","0.0","0.0","0.0","1.01","4.49","5.5","0.29","0.1","0.0"
"119","2012","7","Maharashtra","Bhandara","370.7","734.97","1982.65","13.7","16.54","1207.3","0.0","0.0","0.0","0.0","0.0","0.0","0.0","0.0","0.0","0.0","0.0","0.0","0.15","0.22","1466.67","0.0","0.0","0.0","0.0","0.0","0.0","13.2","6.95","526.52","15.1","16.1","1066.23","35.4","11.72","331.07","0.1","0.09","900.0","1.7","0.79","464.71","0.0","0.0","0.0","0.0","0.0","0.0","0.0","0.0","0.0","11.7","2.95","252.14","0.0","0.0","0.0","7.1","5.73","807.04","21.3","9.74","457.28","3.1","20.79","6706.45","0.0","0.0","0.0","0.55","6.9","7.45","0.11","0.35","0.0"
"119","2013","7","Maharashtra","Bhandara","396.1","649.59","1639.96","13.6","14.7","1080.88","0.0","0.0","0.0","0.0","0.0","0.0","0.0","0.0","0.0","0.0","0.0","0.0","0.1","0.3","3000.0","0.0","0.0","0.0","0.0","0.0","0.0","17.0","8.6","505.88","17.3","10.9","630.06","35.0","15.0","428.57","0.1","0.1","1000.0","1.9","0.4","210.53","0.0","0.0","0.0","0.0","0.0","0.0","0.0","0.0","0.0","4.8","1.2","250.0","0.0","0.0","0.0","7.0","2.8","400.0","19.4","5.2","268.04","0.9","5.76","6400.0","0.0","0.0","0.0","0.0","0.0","0.0","0.0","0.0","0.0"
"119","2014","7","Maharashtra","Bhandara","383.8","699.5","1822.56","13.8","15.4","1115.94","0.0","0.0","0.0","0.0","0.0","0.0","0.0","0.0","0.0","0.0","0.0","0.0","0.6","0.3","500.0","0.0","0.0","0.0","0.0","0.0","0.0","21.7","11.6","534.56","18.1","6.2","342.54","30.3","6.6","217.82","0.0","0.0","0.0","0.0","0.0","0.0","0.0","0.0","0.0","0.0","0.0","0.0","0.0","0.0","0.0","12.1","2.4","198.35","0.0","0.0","0.0","8.1","3.7","456.79","20.5","6.1","297.56","8.2","58.78","7168.29","0.0","0.0","0.0","0.0","0.0","0.0","0.0","0.0","0.0"
"119","2015","7","Maharashtra","Bhandara","370.4","573.8","1549.14","13.1","13.4","1022.9","0.0","0.0","0.0","0.0","0.0","0.0","0.0","0.0","0.0","0.0","0.0","0.0","2.2","1.9","863.64","0.0","0.0","0.0","0.0","0.0","0.0","11.0","4.7","427.27","18.0","8.1","450.0","32.04","14.44","450.69","0.0","0.0","0.0","1.8","0.3","166.67","0.0","0.0","0.0","0.0","0.0","0.0","0.0","0.0","0.0","9.5","2.8","294.74","0.0","0.0","0.0","6.6","0.9","136.36","18.2","4.1","225.27","5.4","35.22","6522.22","0.0","0.0","0.0","0.0","0.0","0.0","0.0","0.0","0.0"
"119","2016","7","Maharashtra","Bhandara","391.7","888.7","2268.83","12.9","15.9","1232.56","0.0","0.0","0.0","0.0","0.0","0.0","0.0","0.0","0.0","0.0","0.0","0.0","0.93","1.47","1585.31","0.0","0.0","0.0","0.0","0.0","0.0","16.1","10.0","621.12","18.38","35.74","1944.19","32.47","17.85","549.67","0.01","0.0","500.0","1.87","0.51","272.73","0.3","0.12","400.0","0.0","0.0","0.0","0.0","0.0","0.0","7.0","1.2","171.43","0.4","0.1","250.0","11.8","13.3","1127.12","0.0","0.0","0.0","4.88","31.36","6430.18","0.0","0.0","0.0","0.0","0.0","0.0","0.0","0.0","0.0"
"119","2017","7","Maharashtra","Bhandara","315.89","449.1","1421.69","13.19","15.1","1145.07","0.0","0.0","0.0","0.0","0.0","0.0","0.0","0.0","0.0","0.0","0.0","0.0","0.74","0.33","444.15","0.0","0.0","0.0","0.0","0.0","0.0","15.4","14.8","961.04","18.66","19.89","1066.24","27.77","15.13","545.04","0.0","0.0","400.0","1.97","0.38","192.07","0.3","0.05","180.0","0.0","0.0","0.0","0.0","0.0","0.0","5.5","1.7","309.09","0.0","0.0","0.0","5.3","6.4","1207.55","0.0","0.0","0.0","4.7","27.75","5900.49","0.04","0.02","473.68","0.0","0.0","0.0","0.0","0.0","0.0"
"120","1966","7","Maharashtra","Chandrapur","203.0","165.0","812.81","39.0","14.0","358.97","37.3","18.3","490.62","170.7","86.5","506.74","208.0","104.8","503.85","0.0","0.0","0.0","3.0","2.0","666.67","0.0","0.0","0.0","0.0","0.0","0.0","11.0","5.0","454.55","12.0","5.0","416.67","227.9","14.5","63.62","0.0","0.0","0.0","39.0","8.0","205.13","0.1","0.0","0.0","0.0","-1.0","0.0","0.2","0.0","0.0","23.6","4.4","186.44","0.0","0.0","0.0","0.0","0.0","0.0","172.1","12.4","72.05","0.2","1.2","6000.0","29.0","2.0","68.97","0.57","1.46","2.02","0.0","0.28","0.85"
"120","1967","7","Maharashtra","Chandrapur","225.0","191.0","848.89","37.0","12.0","324.32","34.1","14.1","413.49","174.9","71.9","411.09","209.0","86.0","411.48","0.0","0.0","0.0","3.0","1.0","333.33","1.0","0.0","0.0","0.0","0.0","0.0","10.0","4.0","400.0","12.0","3.0","250.0","228.2","18.5","81.07","0.0","0.0","0.0","39.8","8.1","203.52","0.1","0.0","0.0","0.0","-1.0","0.0","0.2","0.1","500.0","15.5","4.0","258.06","0.0","0.0","0.0","0.0","0.0","0.0","186.3","12.2","65.49","0.2","0.9","4500.0","29.0","2.0","68.97","0.61","1.42","2.02","0.0","0.24","0.81"
"120","1968","7","Maharashtra","Chandrapur","229.3","212.0","924.55","37.8","15.0","396.83","34.9","14.4","412.61","181.9","89.6","492.58","216.8","104.0","479.7","0.0","0.0","0.0","3.1","1.0","322.58","0.5","0.0","0.0","0.0","0.0","0.0","10.6","5.0","471.7","11.7","6.0","512.82","78.8","14.8","187.82","0.2","0.0","0.0","50.5","9.5","188.12","0.1","0.0","0.0","0.0","-1.0","0.0","0.3","0.1","333.33","16.9","3.9","230.77","0.0","0.0","0.0","0.0","0.0","0.0","67.8","13.5","199.12","0.2","1.7","8500.0","34.3","3.0","87.46","0.5","1.5","2.0","0.0","0.2","0.9"
"120","1969","7","Maharashtra","Chandrapur","228.8","243.7","1065.12","37.8","16.6","439.15","35.3","11.2","317.28","178.6","94.0","526.32","213.9","105.2","491.82","0.0","0.0","0.0","2.9","1.1","379.31","0.5","0.3","600.0","0.0","0.0","0.0","11.0","3.8","345.45","11.9","6.3","529.41","83.9","24.3","289.63","0.2","0.1","500.0","52.8","9.9","187.5","0.1","0.0","0.0","0.0","-1.0","0.0","0.2","0.1","500.0","17.5","3.7","211.43","0.0","0.0","0.0","0.0","0.0","0.0","67.5","13.8","204.44","0.2","1.8","9000.0","36.2","3.4","93.92","0.6","1.6","2.2","0.0","0.3","0.9"
"120","1970","7","Maharashtra","Chandrapur","231.0","256.3","1109.52","34.2","14.6","426.9","30.8","9.6","311.69","183.2","26.8","146.29","214.0","36.4","170.09","0.1","0.0","0.0","2.7","0.7","259.26","0.6","0.5","833.33","0.0","0.0","0.0","10.9","4.4","403.67","10.2","5.0","490.2","75.3","16.1","213.81","0.3","0.2","666.67","52.8","9.9","187.5","0.1","0.0","0.0","0.0","-1.0","0.0","0.1","0.1","1000.0","25.4","4.4","173.23","0.0","0.0","0.0","0.0","0.0","0.0","60.3","14.6","242.12","0.2","1.3","6500.0","41.8","1.8","43.06","0.4","1.3","1.7","0.0","0.2","0.8"
"120","1971","7","Maharashtra","Chandrapur","230.3","210.8","915.33","35.3","19.6","555.24","41.7","21.2","508.39","178.6","43.0","240.76","220.3","64.2","291.42","0.1","0.0","0.0","2.8","0.9","321.43","0.5","0.4","800.0","0.0","0.0","0.0","12.2","5.0","409.84","12.5","6.0","480.0","75.8","15.3","201.85","0.3","0.2","666.67","52.8","11.8","223.48","0.1","0.0","0.0","0.0","-1.0","0.0","0.1","0.1","1000.0","32.9","4.1","124.62","0.0","0.0","0.0","0.0","0.0","0.0","59.9","16.2","270.45","0.1","0.6","6000.0","40.9","3.1","75.79","0.5","1.3","1.8","0.0","0.2","1.0"
"120","1972","7","Maharashtra","Chandrapur","226.4","100.1","442.14","35.7","14.3","400.56","33.5","14.8","441.79","171.8","64.2","373.69","205.3","79.0","384.8","0.1","0.0","0.0","2.9","0.8","275.86","0.4","0.2","500.0","0.0","0.0","0.0","12.7","4.1","322.83","13.5","6.7","496.3","68.8","14.4","209.3","0.3","0.1","333.33","48.3","7.0","144.93","0.1","0.0","0.0","0.0","0.0","0.0","0.1","0.1","1000.0","25.2","4.5","178.57","0.0","0.0","0.0","0.0","0.0","0.0","74.0","11.7","158.11","0.1","0.6","6000.0","41.9","4.5","107.4","0.6","1.3","1.9","0.0","0.2","0.9"
"120","1973","7","Maharashtra","Chandrapur","232.9","285.3","1224.99","40.7","18.3","449.63","35.3","16.5","467.42","178.5","80.5","450.98","213.8","97.0","453.7","0.2","0.1","500.0","2.9","0.8","275.86","0.4","0.3","750.0","0.0","0.0","0.0","13.1","4.1","312.98","12.3","5.1","414.63","76.8","15.9","207.03","0.3","0.2","666.67","50.7","10.6","209.07","0.1","0.0","0.0","0.0","0.0","0.0","0.2","0.1","500.0","30.7","5.7","185.67","0.0","0.0","0.0","0.0","0.0","0.0","82.1","16.6","202.19","0.1","0.7","7000.0","41.3","2.4","58.11","0.6","1.5","2.1","0.0","0.2","1.0"
"120","1974","7","Maharashtra","Chandrapur","230.0","166.5","723.91","38.1","24.5","643.04","58.6","43.3","738.91","179.5","66.6","371.03","238.1","109.9","461.57","0.2","0.1","500.0","3.0","1.1","366.67","0.4","0.3","750.0","0.0","0.0","0.0","14.9","6.7","449.66","11.3","4.8","424.78","72.8","19.3","265.11","0.2","0.1","500.0","57.7","7.1","123.05","0.0","0.0","0.0","0.0","0.0","0.0","0.5","0.2","400.0","33.8","6.4","189.35","0.0","0.0","0.0","0.0","0.0","0.0","92.4","13.8","149.35","0.1","0.7","7000.0","42.6","3.9","91.55","0.7","1.5","2.2","0.0","0.2","0.8"
"120","1975","7","Maharashtra","Chandrapur","251.2","418.0","1664.01","44.4","33.4","752.25","36.4","18.0","494.51","180.1","55.8","309.83","216.5","73.8","340.88","0.0","0.0","0.0","3.1","2.4","774.19","0.5","0.4","800.0","0.0","0.0","0.0","15.0","5.2","346.67","10.7","7.1","663.55","65.2","14.6","223.93","0.2","0.2","1000.0","34.8","6.3","181.03","0.0","0.0","0.0","0.0","0.0","0.0","0.4","0.1","250.0","45.0","6.9","153.33","0.0","0.0","0.0","0.0","0.0","0.0","80.7","13.5","167.29","0.1","0.7","7000.0","39.5","2.3","58.23","0.9","1.6","2.5","0.0","0.2","0.4"
"120","1976","7","Maharashtra","Chandrapur","239.7","291.2","1214.85","41.2","19.7","478.16","41.7","16.6","398.08","165.3","79.4","480.34","207.0","96.0","463.77","0.2","0.0","0.0","2.9","3.7","1275.86","0.5","0.4","800.0","0.0","0.0","0.0","13.0","4.5","346.15","10.0","3.6","360.0","69.5","14.7","211.51","0.2","0.1","500.0","42.3","11.0","260.05","0.0","0.0","0.0","0.0","0.0","0.0","0.3","0.1","333.33","37.1","8.0","215.63","0.0","0.0","0.0","0.0","0.0","0.0","80.0","19.2","240.0","0.1","0.8","8000.0","37.2","2.4","64.52","0.9","1.6","2.5","0.0","0.2","1.1"
"120","1977","7","Maharashtra","Chandrapur","241.0","306.3","1270.95","38.9","23.4","601.54","43.5","30.5","701.15","172.6","101.1","585.75","216.1","131.6","608.98","0.1","0.0","0.0","3.0","3.1","1033.33","0.5","0.4","800.0","0.0","0.0","0.0","13.5","4.7","348.15","10.0","3.8","380.0","70.3","13.4","190.61","0.2","0.2","1000.0","39.4","8.7","220.81","0.1","0.0","0.0","0.0","0.0","0.0","0.2","0.1","500.0","39.6","6.9","174.24","0.0","0.0","0.0","0.0","0.0","0.0","79.8","15.9","199.25","0.1","0.8","8000.0","30.6","2.8","91.5","0.8","1.8","2.6","0.0","0.3","0.8"
"120","1978","7","Maharashtra","Chandrapur","253.0","318.9","1260.47","39.4","20.5","520.3","44.9","27.4","610.24","172.8","95.4","552.08","217.7","122.8","564.08","0.1","0.0","0.0","2.9","4.3","1482.76","0.5","0.4","800.0","0.0","0.0","0.0","18.8","3.6","191.49","11.2","7.2","642.86","66.2","13.8","208.46","0.2","0.1","500.0","39.3","13.5","343.51","0.4","0.1","250.0","0.0","0.0","0.0","0.2","0.1","500.0","38.3","8.6","224.54","0.0","0.0","0.0","0.0","0.0","0.0","78.4","22.4","285.71","0.1","0.8","8000.0","40.1","3.3","82.29","0.7","2.0","2.7","0.0","0.3","0.7"
"120","1979","7","Maharashtra","Chandrapur","250.8","260.1","1037.08","41.6","30.0","721.15","45.0","32.8","728.89","172.9","76.6","443.03","217.9","109.4","502.07","0.1","0.0","0.0","2.0","3.2","1600.0","0.5","0.5","1000.0","0.0","0.0","0.0","19.7","4.2","213.2","11.6","5.6","482.76","59.9","17.6","293.82","0.2","0.2","1000.0","50.4","13.2","261.9","0.1","0.0","0.0","0.0","0.0","0.0","0.3","0.1","333.33","32.8","7.4","225.61","0.0","0.0","0.0","0.0","0.0","0.0","80.0","20.9","261.25","0.1","0.6","6000.0","43.2","4.0","92.59","0.4","1.4","1.8","0.0","0.3","0.7"
"120","1980","7","Maharashtra","Chandrapur","253.4","339.7","1340.57","39.4","19.6","497.46","43.8","21.8","497.72","169.6","70.3","414.5","213.4","92.1","431.58","0.0","0.0","0.0","2.0","1.5","750.0","0.5","0.5","1000.0","0.0","0.0","0.0","18.6","3.6","193.55","12.0","5.2","433.33","61.1","9.8","160.39","0.2","0.2","1000.0","45.1","3.7","82.04","0.1","0.0","0.0","0.0","0.0","0.0","0.2","0.1","500.0","31.9","8.0","250.78","0.0","0.0","0.0","0.0","0.0","0.0","78.9","8.3","105.2","0.1","0.7","7000.0","44.5","3.0","67.42","0.4","1.4","1.8","0.0","0.4","0.7"
"120","1981","7","Maharashtra","Chandrapur","257.9","361.9","1403.26","40.3","20.6","511.17","43.0","19.1","444.19","167.8","61.7","367.7","210.8","80.8","383.3","0.0","0.0","0.0","3.0","3.3","1100.0","0.5","0.5","1000.0","0.0","0.0","0.0","20.0","4.3","215.0","13.0","6.4","492.31","66.7","14.5","217.39","0.2","0.1","500.0","42.4","6.5","153.3","0.0","0.0","0.0","0.0","0.0","0.0","0.3","0.1","333.33","33.3","6.4","192.19","0.0","0.0","0.0","0.0","0.0","0.0","65.6","10.6","161.59","0.1","0.9","9000.0","45.2","3.5","77.43","0.4","2.6","3.0","0.0","0.4","0.9"
"120","1982","7","Maharashtra","Chandrapur","261.4","318.0","1216.53","40.6","19.6","482.76","39.2","25.5","650.51","166.5","69.7","418.62","205.7","95.2","462.81","0.2","0.1","500.0","3.0","3.8","1266.67","0.5","0.5","1000.0","0.0","0.0","0.0","19.0","3.6","189.47","14.1","5.7","404.26","68.8","13.3","193.31","0.2","0.1","500.0","47.1","10.2","216.56","0.1","0.0","0.0","0.0","0.0","0.0","0.3","0.1","333.33","32.3","6.5","201.24","0.0","0.0","0.0","0.0","0.0","0.0","62.0","12.6","203.23","0.1","0.7","7000.0","44.2","3.8","85.97","0.4","2.6","3.0","0.0","0.4","0.9"
"120","1983","7","Maharashtra","Chandrapur","266.1","426.0","1600.9","40.9","26.5","647.92","45.9","30.1","655.77","164.1","62.8","382.69","210.0","92.9","442.38","0.0","0.0","0.0","3.0","2.2","733.33","0.5","0.6","1200.0","0.0","0.0","0.0","21.5","5.1","237.21","14.3","8.7","608.39","68.6","12.5","182.22","0.2","0.2","1000.0","53.8","9.8","182.16","0.1","0.0","0.0","0.0","0.0","0.0","0.6","0.2","333.33","34.1","8.8","258.06","0.0","0.0","0.0","0.0","0.0","0.0","67.5","16.7","247.41","0.1","0.7","7000.0","44.8","1.9","42.41","0.3","2.3","2.6","0.0","0.4","1.0"
"120","1984","7","Maharashtra","Chandrapur","263.6","198.5","753.03","35.3","16.6","470.25","45.0","28.7","637.78","160.7","56.0","348.48","205.7","84.7","411.76","0.0","0.0","0.0","2.6","3.0","1153.85","0.0","0.0","0.0","0.0","0.0","0.0","11.1","2.7","243.24","15.2","9.8","644.74","70.1","10.8","154.07","0.6","0.5","833.33","49.1","9.1","185.34","0.1","0.0","0.0","0.0","0.0","0.0","0.4","0.2","500.0","32.7","4.8","146.79","0.2","0.1","500.0","0.0","0.0","0.0","69.6","12.6","181.03","0.1","1.0","10000.0","55.1","5.6","101.63","0.3","2.6","2.9","0.0","0.4","0.8"
"120","1985","7","Maharashtra","Chandrapur","273.1","333.7","1221.9","35.4","19.8","559.32","41.9","35.5","847.26","152.6","91.2","597.64","194.5","126.7","651.41","0.0","0.0","0.0","2.4","2.5","1041.67","0.0","0.0","0.0","0.0","0.0","0.0","12.9","4.8","372.09","16.5","6.7","406.06","71.0","16.6","233.8","0.5","0.4","800.0","54.3","12.2","224.68","0.1","0.0","0.0","0.0","0.0","0.0","0.0","0.0","0.0","30.3","8.1","267.33","0.0","0.0","0.0","0.0","0.0","0.0","88.0","19.6","222.73","0.0","0.0","0.0","59.4","8.3","139.73","0.3","2.6","2.9","0.0","0.4","0.8"
"120","1986","7","Maharashtra","Chandrapur","279.0","264.0","946.24","34.0","18.0","529.41","39.8","22.4","562.81","145.3","74.8","514.8","185.1","97.2","525.12","0.0","0.0","0.0","2.0","2.0","1000.0","0.0","0.0","0.0","0.0","0.0","0.0","11.4","3.4","298.25","17.0","6.0","352.94","90.1","24.4","270.81","0.5","0.3","600.0","52.5","9.4","179.05","0.0","0.0","0.0","0.0","0.0","0.0","0.5","0.2","400.0","29.1","5.9","202.75","0.0","0.0","0.0","0.0","0.0","0.0","76.0","15.0","197.37","0.0","0.0","0.0","58.0","6.0","103.45","0.2","2.8","3.0","0.0","0.3","0.6"
"120","1987","7","Maharashtra","Chandrapur","265.0","212.0","800.0","33.0","19.0","575.76","39.4","34.4","873.1","138.2","67.0","484.8","177.6","101.4","570.95","0.0","0.0","0.0","2.0","2.0","1000.0","0.0","0.0","0.0","0.0","0.0","0.0","12.2","3.3","270.49","19.0","12.0","631.58","75.5","18.8","249.01","1.0","1.0","1000.0","59.4","9.2","154.88","1.1","0.3","272.73","0.0","0.0","0.0","0.4","0.1","250.0","29.2","6.3","215.75","0.1","0.0","0.0","3.8","1.1","289.47","98.7","18.0","182.37","0.0","0.0","0.0","62.0","6.0","96.77","0.1","1.8","1.9","0.0","0.3","0.4"
"120","1988","7","Maharashtra","Chandrapur","285.2","440.9","1545.93","30.2","24.8","821.19","37.1","30.3","816.71","131.4","128.1","974.89","168.5","158.4","940.06","0.0","0.0","0.0","2.1","1.6","761.9","0.0","0.0","0.0","0.0","0.0","0.0","13.8","5.6","405.8","20.2","8.8","435.64","84.4","47.4","561.61","0.8","1.0","1250.0","42.8","4.2","98.13","1.1","0.3","272.73","0.2","0.1","500.0","0.0","0.0","0.0","37.1","8.0","215.63","1.1","0.8","727.27","3.2","2.5","781.25","87.3","16.4","187.86","0.0","0.0","0.0","66.8","7.8","116.77","0.4","4.1","4.5","0.0","0.4","0.8"
"120","1989","7","Maharashtra","Chandrapur","269.1","300.8","1117.8","28.6","20.6","720.28","36.2","47.0","1298.34","132.3","57.7","436.13","168.5","104.7","621.36","0.0","0.0","0.0","1.2","1.0","833.33","0.0","0.0","0.0","0.0","0.0","0.0","12.8","6.0","468.75","21.1","15.9","753.55","82.5","37.5","454.55","0.1","0.1","1000.0","9.1","4.3","472.53","0.9","0.4","444.44","0.2","0.1","500.0","0.0","0.0","0.0","40.1","9.2","229.43","0.0","0.0","0.0","7.4","4.9","662.16","87.0","19.7","226.44","0.1","0.7","7000.0","60.7","9.2","151.57","0.4","5.0","5.4","0.0","0.4","0.6"
"120","1990","7","Maharashtra","Chandrapur","301.9","346.9","1149.06","29.2","16.7","571.92","33.7","20.6","611.28","131.6","48.8","370.82","165.3","69.4","419.84","0.1","0.1","1000.0","2.4","1.8","750.0","0.0","0.0","0.0","0.0","0.0","0.0","13.7","3.7","270.07","24.2","9.8","404.96","76.1","30.5","400.79","0.8","1.0","1250.0","31.9","2.7","84.64","0.0","0.0","0.0","0.1","0.1","1000.0","0.5","0.2","400.0","42.5","6.8","160.0","0.9","0.6","666.67","13.6","12.1","889.71","90.7","23.4","257.99","0.2","1.55","7750.0","68.2","7.92","116.13","0.6","5.2","5.8","0.0","0.5","0.4"
"120","1991","7","Maharashtra","Chandrapur","295.3","239.5","811.04","20.3","10.4","512.32","37.0","22.6","610.81","110.3","39.1","354.49","147.3","61.7","418.87","0.0","0.0","0.0","1.9","1.5","789.47","0.0","0.0","0.0","0.0","0.0","0.0","10.6","3.6","339.62","22.8","10.3","451.75","40.0","9.2","230.0","0.5","0.5","1000.0","29.4","4.2","142.86","0.0","0.0","0.0","0.2","0.1","500.0","0.4","0.2","500.0","34.3","6.8","198.25","0.0","0.0","0.0","24.3","15.8","650.21","95.7","30.6","319.75","0.0","0.0","0.0","64.3","6.18","96.11","0.8","5.0","5.8","0.0","0.5","0.4"
"120","1992","7","Maharashtra","Chandrapur","289.3","384.7","1329.76","21.3","17.1","802.82","34.4","29.1","845.93","119.4","52.7","441.37","153.8","81.8","531.86","0.0","0.0","0.0","2.0","4.0","2000.0","0.0","0.0","0.0","0.0","0.0","0.0","12.5","6.4","512.0","23.9","21.0","878.66","51.0","14.2","278.43","0.3","0.6","2000.0","32.2","6.0","186.34","0.4","0.1","250.0","0.1","0.1","1000.0","0.0","0.0","0.0","32.4","9.1","280.86","0.0","0.0","0.0","31.9","33.6","1053.29","97.3","49.5","508.74","0.2","1.45","7250.0","60.7","6.26","103.13","0.8","5.5","6.3","0.0","0.5","0.3"
"120","1993","7","Maharashtra","Chandrapur","290.1","388.8","1340.23","29.8","26.3","882.55","33.5","37.4","1116.42","123.8","60.0","484.65","157.3","97.4","619.2","0.0","0.0","0.0","2.5","2.8","1120.0","0.0","0.0","0.0","0.0","0.0","0.0","14.5","7.1","489.66","26.1","19.8","758.62","72.2","28.7","397.51","0.3","0.4","1333.33","33.7","7.1","210.68","0.9","0.4","444.44","0.3","0.3","1000.0","0.0","0.0","0.0","37.0","9.6","259.46","0.0","0.0","0.0","48.7","57.1","1172.48","120.9","74.9","619.52","0.2","1.4","7000.0","57.4","9.42","164.11","1.0","6.4","7.4","0.0","0.6","0.3"
"120","1994","7","Maharashtra","Chandrapur","288.2","398.1","1381.33","31.6","32.0","1012.66","33.4","26.8","802.4","113.7","50.9","447.67","147.1","77.7","528.21","0.0","0.0","0.0","2.7","2.7","1000.0","0.0","0.0","0.0","0.0","0.0","0.0","17.6","8.9","505.68","26.5","9.4","354.72","76.2","31.6","414.7","0.3","0.4","1333.33","28.5","6.8","238.6","1.0","0.4","400.0","0.4","0.2","500.0","0.1","0.0","0.0","41.7","14.2","340.53","0.2","0.0","0.0","48.4","38.8","801.65","120.6","60.8","504.15","0.2","1.34","6700.0","54.4","6.94","127.57","0.9","6.5","7.4","0.0","0.5","0.4"
"120","1995","7","Maharashtra","Chandrapur","291.3","463.9","1592.52","30.9","22.3","721.68","28.0","18.6","664.29","126.0","50.9","403.97","154.0","69.5","451.3","0.0","0.0","0.0","2.6","3.4","1307.69","0.0","0.0","0.0","0.0","0.0","0.0","19.4","7.8","402.06","27.9","11.5","412.19","64.6","32.4","501.55","0.4","0.5","1250.0","26.6","5.1","191.73","0.0","0.0","0.0","0.5","0.3","600.0","0.0","0.0","0.0","45.6","11.5","252.19","0.5","0.4","800.0","54.9","67.5","1229.51","122.0","84.2","690.16","0.0","0.0","0.0","59.3","11.11","187.35","0.8","6.7","7.5","0.0","0.6","0.3"
"120","1996","7","Maharashtra","Chandrapur","289.4","378.8","1308.92","28.0","20.8","742.86","25.9","35.7","1378.38","106.5","41.5","389.67","132.4","77.2","583.08","0.0","0.0","0.0","2.5","3.0","1200.0","0.0","0.0","0.0","0.0","0.0","0.0","15.6","7.6","487.18","31.0","25.7","829.03","60.6","33.2","547.85","0.4","0.4","1000.0","12.1","1.9","157.02","0.0","0.0","0.0","0.4","0.2","500.0","0.0","0.0","0.0","37.4","10.0","267.38","0.5","0.3","600.0","59.1","69.9","1182.74","116.3","83.9","721.41","0.0","0.0","0.0","59.6","11.35","190.44","0.8","7.0","7.8","0.0","0.6","0.4"
"120","1997","7","Maharashtra","Chandrapur","280.1","348.1","1242.77","22.8","8.5","372.81","23.6","14.6","618.64","106.2","31.7","298.49","129.8","46.3","356.7","0.1","0.1","1000.0","2.1","3.1","1476.19","0.0","0.0","0.0","0.0","0.0","0.0","14.9","4.1","275.17","33.3","10.5","315.32","65.9","25.4","385.43","0.8","0.8","1000.0","13.6","1.1","80.88","0.0","0.0","0.0","0.3","0.2","666.67","0.1","0.0","0.0","39.5","4.8","121.52","1.0","0.2","200.0","58.1","73.7","1268.5","114.6","139.7","1219.02","0.0","0.0","0.0","52.8","5.49","103.98","0.8","5.9","6.7","0.1","0.4","0.3"
"120","1998","7","Maharashtra","Chandrapur","278.3","325.6","1169.96","34.0","22.0","647.06","21.0","18.9","900.0","87.4","27.6","315.79","108.4","46.5","428.97","0.0","0.0","0.0","3.1","5.9","1903.23","0.0","0.0","0.0","0.0","0.0","0.0","19.1","8.5","445.03","27.0","13.5","500.0","69.9","28.4","406.29","0.3","0.3","1000.0","6.3","1.3","206.35","0.9","0.2","222.22","0.4","0.3","750.0","0.1","0.1","1000.0","35.1","8.3","236.47","0.9","0.4","444.44","114.7","236.0","2057.54","158.6","246.8","1556.12","0.0","0.0","0.0","52.7","7.53","142.88","0.6","6.3","6.9","0.1","0.4","0.2"
"120","1999","7","Maharashtra","Chandrapur","288.5","416.6","1444.02","35.2","24.8","704.55","19.0","20.5","1078.95","76.0","37.2","489.47","95.0","57.7","607.37","0.0","0.0","0.0","3.2","4.21","1315.63","0.0","0.0","0.0","0.0","0.0","0.0","20.6","8.9","432.04","29.2","22.9","784.25","66.8","30.4","455.09","0.3","0.27","900.0","4.1","1.3","317.07","0.5","0.11","220.0","0.1","0.1","1000.0","0.1","0.1","1000.0","33.7","9.7","287.83","0.2","0.1","500.0","127.5","192.9","1512.94","166.6","204.52","1227.61","0.0","0.0","0.0","54.4","10.38","190.81","0.6","8.2","8.8","0.0","0.5","0.4"
"120","2000","7","Maharashtra","Chandrapur","287.1","230.9","804.25","23.9","15.8","661.09","17.7","31.0","1751.41","50.9","13.0","255.4","68.6","44.0","641.4","0.0","0.0","0.0","3.1","3.0","967.74","0.0","0.0","0.0","0.0","0.0","0.0","18.1","7.5","414.36","28.5","12.6","442.11","40.1","15.2","379.05","0.1","0.2","2000.0","3.8","0.9","236.84","0.5","0.1","200.0","0.0","0.0","0.0","0.0","0.0","0.0","18.8","3.5","186.17","0.0","0.0","0.0","117.9","140.7","1193.38","141.2","145.5","1030.45","0.0","0.0","0.0","55.4","6.19","111.73","0.0","0.4","0.4","0.0","0.3","0.6"
"120","2001","7","Maharashtra","Chandrapur","298.3","389.8","1306.74","25.5","20.1","788.24","17.2","18.9","1098.84","52.5","25.7","489.52","69.7","44.6","639.89","0.0","0.0","0.0","2.2","5.6","2545.45","0.0","0.0","0.0","0.0","0.0","0.0","14.0","6.2","442.86","28.9","23.3","806.23","46.0","22.2","482.61","0.1","0.1","1000.0","3.8","1.0","263.16","4.0","0.8","200.0","0.0","0.0","0.0","0.0","0.0","0.0","16.8","4.1","244.05","0.1","0.1","1000.0","116.0","154.1","1328.45","140.8","160.2","1137.78","0.0","0.0","0.0","61.5","7.36","119.67","0.0","0.5","0.5","0.0","0.4","0.6"
"120","2002","7","Maharashtra","Chandrapur","286.6","186.7","651.43","21.4","12.8","598.13","15.2","17.6","1157.89","33.4","10.0","299.4","48.6","27.6","567.9","0.0","0.0","0.0","2.3","4.5","1956.52","0.0","0.0","0.0","0.0","0.0","0.0","12.7","4.5","354.33","28.5","10.6","371.93","33.5","13.0","388.06","0.1","0.2","2000.0","3.8","0.7","184.21","0.5","0.1","200.0","0.0","0.0","0.0","0.1","0.01","100.0","13.9","3.0","215.83","0.0","0.0","0.0","125.8","145.9","1159.78","144.2","149.95","1039.88","0.0","0.0","0.0","56.5","7.31","129.38","0.0","0.9","0.9","0.0","0.8","0.6"
"120","2003","7","Maharashtra","Chandrapur","289.5","386.7","1335.75","32.4","20.2","623.46","14.1","14.1","1000.0","41.0","16.5","402.44","55.1","30.6","555.35","0.0","0.0","0.0","2.7","5.7","2111.11","0.0","0.0","0.0","0.0","0.0","0.0","24.9","10.0","401.61","28.7","19.6","682.93","59.3","20.7","349.07","0.1","0.1","1000.0","4.1","0.8","195.12","1.5","0.31","206.67","0.0","0.0","0.0","0.0","0.0","0.0","30.7","7.2","234.53","0.2","0.1","500.0","139.4","166.0","1190.82","176.1","174.51","990.97","0.0","0.0","0.0","51.9","10.92","210.4","0.3","0.3","0.6","0.0","0.2","0.0"
"120","2004","7","Maharashtra","Chandrapur","288.9","234.5","811.7","21.9","12.3","561.64","10.7","10.4","971.96","25.9","8.2","316.6","36.6","18.6","508.2","0.0","0.0","0.0","2.5","3.1","1240.0","0.0","0.0","0.0","0.0","0.0","0.0","21.3","7.5","352.11","27.4","8.7","317.52","31.1","8.46","272.03","0.1","0.1","1000.0","3.5","0.7","200.0","0.8","0.2","250.0","0.0","0.0","0.0","0.0","0.0","0.0","22.5","3.6","160.0","0.2","0.1","500.0","167.7","164.6","981.51","194.8","169.3","869.1","0.0","0.0","0.0","50.0","8.25","165.0","4.1","1.0","5.1","0.0","0.85","0.0"
"120","2005","7","Maharashtra","Chandrapur","284.4","437.8","1539.38","30.5","22.9","750.82","8.8","11.5","1306.82","26.6","9.2","345.86","35.4","20.7","584.75","0.0","0.0","0.0","2.5","4.2","1680.0","0.0","0.0","0.0","0.0","0.0","0.0","25.7","15.4","599.22","25.4","10.6","417.32","57.4","18.92","329.62","0.1","0.1","1000.0","1.7","0.3","176.47","3.1","1.12","361.29","0.0","0.0","0.0","0.0","0.0","0.0","26.7","8.4","314.61","2.9","1.9","655.17","164.8","175.5","1064.93","201.5","187.59","930.97","0.0","0.0","0.0","48.7","8.32","170.84","3.2","0.9","4.1","0.0","0.0","0.0"
"120","2006","7","Maharashtra","Chandrapur","282.2","405.0","1435.15","35.3","26.1","739.38","7.7","10.1","1311.69","23.4","11.0","470.09","31.1","21.1","678.46","0.0","0.0","0.0","2.6","4.6","1769.23","0.0","0.0","0.0","0.0","0.0","0.0","31.9","15.6","489.03","25.5","11.7","458.82","59.6","23.45","393.46","0.1","0.1","1000.0","4.1","1.0","243.9","3.4","1.66","488.24","0.0","0.0","0.0","0.3","0.1","333.33","31.1","7.4","237.94","2.3","1.3","565.22","175.9","215.5","1225.13","217.2","227.06","1045.4","0.0","0.0","0.0","47.6","14.72","309.24","0.0","0.0","0.0","0.0","0.3","0.0"
"120","2007","7","Maharashtra","Chandrapur","316.1","483.14","1528.44","37.4","35.9","959.89","7.0","8.78","1254.29","19.1","10.9","570.68","26.1","19.68","754.02","0.0","0.0","0.0","2.7","8.2","3037.04","0.0","0.0","0.0","0.0","0.0","0.0","36.7","22.0","599.46","36.0","24.4","677.78","57.0","27.73","486.49","0.2","0.3","1500.0","3.2","1.0","312.5","1.4","0.77","550.0","0.0","0.0","0.0","0.3","0.09","300.0","31.4","9.7","308.92","1.2","0.9","750.0","166.0","228.6","1377.11","203.7","241.36","1184.88","0.0","0.0","0.0","50.5","17.86","353.66","0.0","0.0","0.0","0.0","0.24","0.0"
"120","2008","7","Maharashtra","Chandrapur","311.5","264.5","849.12","30.9","28.3","915.86","1.8","1.8","1000.0","8.1","3.5","432.1","9.9","5.3","535.35","0.0","0.0","0.0","2.4","3.7","1541.67","0.0","0.0","0.0","0.0","0.0","0.0","31.9","15.7","492.16","31.9","19.2","601.88","35.1","13.3","378.92","0.1","0.1","1000.0","1.8","0.6","333.33","1.0","0.28","280.0","0.0","0.0","0.0","0.0","0.0","0.0","13.9","3.1","223.02","0.2","0.1","500.0","190.1","125.8","661.76","207.2","130.01","627.46","0.0","0.0","0.0","49.4","13.98","283.0","0.0","0.0","0.0","0.0","0.0","0.0"
"120","2009","7","Maharashtra","Chandrapur","264.1","186.42","705.87","26.8","17.61","657.09","0.9","0.61","677.78","8.7","4.74","544.83","9.6","5.35","557.29","0.0","0.0","0.0","2.7","5.37","1988.89","0.0","0.0","0.0","0.0","0.0","0.0","31.8","14.23","447.48","36.4","40.12","1102.2","24.09","9.84","408.47","0.1","0.1","1000.0","2.3","0.58","252.17","1.2","0.29","241.67","0.0","0.0","0.0","0.0","0.0","0.0","12.3","3.68","299.19","0.0","0.0","0.0","188.5","65.25","346.15","204.4","69.89","341.93","0.0","0.0","0.0","56.8","13.78","242.61","0.0","0.0","0.0","0.0","0.0","0.0"
"120","2010","7","Maharashtra","Chandrapur","275.5","400.48","1453.65","35.4","37.83","1068.64","2.1","1.31","623.81","9.6","5.6","583.33","11.7","6.91","590.6","0.0","0.0","0.0","3.07","7.14","2325.73","0.0","0.0","0.0","0.0","0.0","0.0","40.2","24.21","602.24","46.38","40.56","874.51","46.9","17.18","366.31","0.1","0.06","600.0","2.7","0.87","322.22","0.0","0.0","0.0","0.0","0.0","0.0","0.1","0.06","600.0","13.4","3.85","287.31","0.0","0.0","0.0","155.8","155.53","998.27","173.3","160.79","927.81","0.0","0.0","0.0","96.1","22.21","231.11","0.0","0.0","0.0","0.0","0.0","0.0"
"120","2011","7","Maharashtra","Chandrapur","315.0","390.29","1239.02","22.8","27.88","1222.81","2.5","1.85","740.0","6.4","2.73","426.56","8.9","4.58","514.61","0.0","0.0","0.0","3.4","4.62","1358.82","0.0","0.0","0.0","0.0","0.0","0.0","29.2","16.88","578.08","41.4","31.83","768.84","33.1","9.17","277.04","0.0","0.0","0.0","3.6","1.06","294.44","0.0","0.0","0.0","0.0","0.0","0.0","0.2","0.1","500.0","9.2","2.77","301.09","0.0","0.0","0.0","152.7","136.94","896.79","166.7","141.17","846.85","0.0","0.0","0.0","104.2","28.22","270.83","4.37","6.45","10.82","0.39","0.49","0.0"
"120","2012","7","Maharashtra","Chandrapur","315.1","490.78","1557.54","22.9","27.32","1193.01","2.7","2.57","951.85","5.9","4.03","683.05","8.6","6.59","766.28","0.0","0.0","0.0","3.4","5.53","1626.47","0.0","0.0","0.0","0.0","0.0","0.0","31.9","25.14","788.09","40.5","54.58","1347.65","51.3","16.73","326.12","0.02","0.04","2000.0","1.2","0.52","433.33","0.0","0.0","0.0","0.0","0.0","0.0","0.2","0.02","100.0","8.3","3.15","379.52","0.0","0.0","0.0","147.3","151.48","1028.38","158.32","155.53","982.38","0.0","0.0","0.0","112.8","47.56","421.63","0.36","3.2","3.56","0.15","0.29","0.0"
"120","2013","7","Maharashtra","Chandrapur","319.4","450.2","1409.52","26.1","29.3","1122.61","2.7","2.1","777.78","6.2","3.4","548.39","8.9","5.5","617.98","0.0","0.0","0.0","2.7","7.4","2740.74","0.0","0.0","0.0","0.0","0.0","0.0","36.4","18.9","519.23","36.7","31.1","847.41","67.8","25.7","379.06","0.0","0.0","0.0","0.8","0.1","125.0","0.0","0.0","0.0","0.0","0.0","0.0","0.0","0.0","0.0","0.0","0.0","0.0","0.0","0.0","0.0","147.3","92.2","625.93","153.0","89.4","584.31","0.0","0.0","0.0","112.4","37.87","336.92","0.0","0.0","0.0","0.0","0.0","0.0"
"120","2014","7","Maharashtra","Chandrapur","301.5","319.6","1060.03","25.4","19.0","748.03","2.8","11.1","3964.29","6.3","2.9","460.32","9.1","14.0","1538.46","0.0","0.0","0.0","1.9","2.8","1473.68","0.0","0.0","0.0","0.0","0.0","0.0","32.9","14.3","434.65","42.8","21.4","500.0","43.2","9.5","219.91","0.0","0.0","0.0","0.1","0.0","0.0","0.0","0.0","0.0","0.0","0.0","0.0","0.0","0.0","0.0","5.2","1.6","307.69","0.0","0.0","0.0","130.6","67.3","515.31","137.9","69.1","501.09","0.2","1.89","9450.0","127.9","27.27","213.21","0.0","0.0","0.0","0.0","0.0","0.0"
"120","2015","7","Maharashtra","Chandrapur","292.4","247.9","847.81","21.8","16.9","775.23","2.7","1.8","666.67","5.9","2.1","355.93","8.6","3.9","453.49","0.0","0.0","0.0","2.1","2.9","1380.95","0.0","0.0","0.0","0.0","0.0","0.0","38.8","23.0","592.78","43.3","28.0","646.65","30.41","12.02","395.26","0.01","0.02","2000.0","0.9","0.2","222.22","0.0","0.0","0.0","0.0","0.0","0.0","0.03","0.0","0.0","3.4","0.7","205.88","0.0","0.0","0.0","120.6","60.9","504.98","126.5","62.3","492.49","0.2","1.15","5750.0","161.0","37.82","234.91","0.0","0.0","0.0","0.0","0.0","0.0"
"120","2016","7","Maharashtra","Chandrapur","296.5","530.8","1790.22","20.8","26.3","1264.42","2.7","1.0","370.37","4.4","2.8","636.36","7.1","3.8","535.21","0.05","0.02","333.33","2.13","5.38","2527.23","0.0","0.0","0.0","0.0","0.0","0.0","44.0","22.7","515.91","44.79","81.94","1829.36","44.47","23.91","537.6","0.11","0.08","700.0","1.06","0.33","316.04","1.2","0.6","500.0","0.0","0.0","0.0","0.0","0.0","0.0","2.3","0.5","217.39","0.1","0.1","1000.0","110.6","110.1","995.48","0.0","0.0","0.0","0.05","0.2","4000.0","167.7","101.48","605.15","0.0","0.0","0.0","0.0","0.0","0.0"
"120","2017","7","Maharashtra","Chandrapur","284.38","287.3","1010.26","18.66","20.9","1120.22","2.22","1.31","590.19","2.6","1.0","384.62","4.82","2.31","479.37","0.0","0.0","0.0","2.37","5.47","2309.41","0.0","0.0","0.0","0.0","0.0","0.0","37.6","23.2","617.02","45.73","59.6","1303.28","39.41","18.27","463.5","0.03","0.04","1166.67","0.75","0.16","208.56","0.81","0.2","249.69","0.0","0.0","0.0","0.13","0.03","267.72","1.7","0.4","235.29","0.03","0.02","727.27","66.1","62.3","942.51","0.0","0.0","0.0","0.03","0.13","5000.0","170.69","62.6","366.76","0.0","0.0","0.0","0.0","0.0","0.0"